Handshake_ID,P-521_Time_ms,P-521_Bytes_TCP,P-521_Bytes_TLS,P-521_Bytes_Total,4,p521_mlkem1024_Time_ms,p521_mlkem1024_Bytes_TCP,p521_mlkem1024_Bytes_TLS,p521_mlkem1024_Bytes_Total,9,mlkem1024_Time_ms,mlkem1024_Bytes_TCP,mlkem1024_Bytes_TLS,mlkem1024_Bytes_Total
1,20.19,412.0,1883.0,2295.0,,30.79,412.0,5012.0,5424.0,,9.81,412.0,4744.0,5156.0
2,18.99,412.0,1884.0,2296.0,,27.22,412.0,5011.0,5423.0,,8.95,412.0,4745.0,5157.0
3,24.78,412.0,1882.0,2294.0,,26.55,412.0,5011.0,5423.0,,9.29,412.0,4746.0,5158.0
4,19.56,412.0,1883.0,2295.0,,26.8,412.0,5012.0,5424.0,,8.98,412.0,4746.0,5158.0
5,21.78,412.0,1883.0,2295.0,,27.04,412.0,5011.0,5423.0,,9.13,412.0,4745.0,5157.0
6,22.03,412.0,1883.0,2295.0,,26.64,412.0,5012.0,5424.0,,9.93,412.0,4745.0,5157.0
7,19.69,412.0,1883.0,2295.0,,26.94,412.0,5011.0,5423.0,,11.69,412.0,4745.0,5157.0
8,19.66,412.0,1884.0,2296.0,,32.67,412.0,5012.0,5424.0,,14.05,412.0,4746.0,5158.0
9,20.05,412.0,1883.0,2295.0,,29.14,412.0,5012.0,5424.0,,11.67,412.0,4746.0,5158.0
10,20.22,412.0,1884.0,2296.0,,27.79,412.0,5012.0,5424.0,,10.89,412.0,4746.0,5158.0
11,19.03,412.0,1883.0,2295.0,,27.38,412.0,5012.0,5424.0,,8.94,412.0,4746.0,5158.0
12,22.55,412.0,1884.0,2296.0,,27.59,412.0,5012.0,5424.0,,8.96,412.0,4746.0,5158.0
13,24.42,412.0,1882.0,2294.0,,27.92,412.0,5012.0,5424.0,,9.28,412.0,4745.0,5157.0
14,18.24,412.0,1884.0,2296.0,,27.58,412.0,5012.0,5424.0,,10.63,412.0,4746.0,5158.0
15,28.32,412.0,1884.0,2296.0,,27.41,412.0,5011.0,5423.0,,8.9,412.0,4746.0,5158.0
16,18.65,412.0,1883.0,2295.0,,27.2,412.0,5011.0,5423.0,,8.88,412.0,4746.0,5158.0
17,22.84,412.0,1883.0,2295.0,,26.82,412.0,5012.0,5424.0,,8.72,412.0,4746.0,5158.0
18,21.74,412.0,1884.0,2296.0,,33.45,412.0,5012.0,5424.0,,9.1,412.0,4745.0,5157.0
19,18.53,412.0,1883.0,2295.0,,27.82,412.0,5012.0,5424.0,,9.09,412.0,4746.0,5158.0
20,19.52,412.0,1884.0,2296.0,,30.75,412.0,5011.0,5423.0,,9.82,412.0,4744.0,5156.0
21,19.17,412.0,1884.0,2296.0,,28.05,412.0,5010.0,5422.0,,10.77,412.0,4746.0,5158.0
22,18.93,412.0,1882.0,2294.0,,27.91,1165.0,5012.0,6177.0,,9.49,412.0,4746.0,5158.0
23,18.94,412.0,1884.0,2296.0,,27.43,1165.0,5011.0,6176.0,,9.02,412.0,4745.0,5157.0
24,19.41,412.0,1884.0,2296.0,,1075.66,552.0,5078.0,5630.0,,10.06,412.0,4745.0,5157.0
25,18.31,412.0,1884.0,2296.0,,31.74,2004.0,3564.0,5568.0,,9.27,412.0,4746.0,5158.0
26,20.77,412.0,1883.0,2295.0,,27.73,412.0,5012.0,5424.0,,8.97,412.0,4745.0,5157.0
27,19.97,412.0,1884.0,2296.0,,27.66,412.0,5011.0,5423.0,,11.39,412.0,4746.0,5158.0
28,18.53,412.0,1884.0,2296.0,,31.25,2004.0,3563.0,5567.0,,10.54,412.0,4745.0,5157.0
29,20.27,412.0,1884.0,2296.0,,26.76,412.0,5012.0,5424.0,,10.71,412.0,4745.0,5157.0
30,18.65,412.0,1884.0,2296.0,,27.01,412.0,5012.0,5424.0,,11.56,412.0,4745.0,5157.0
31,19.06,412.0,1883.0,2295.0,,30.52,1165.0,5012.0,6177.0,,10.27,412.0,4745.0,5157.0
32,19.51,412.0,1883.0,2295.0,,28.67,412.0,5012.0,5424.0,,10.07,412.0,4746.0,5158.0
33,20.46,412.0,1882.0,2294.0,,28.66,877.0,5333.0,6210.0,,9.09,412.0,4746.0,5158.0
34,22.82,412.0,1884.0,2296.0,,28.8,412.0,5011.0,5423.0,,8.87,412.0,4746.0,5158.0
35,23.78,412.0,1883.0,2295.0,,30.36,412.0,5012.0,5424.0,,8.96,412.0,4745.0,5157.0
36,32.02,412.0,1883.0,2295.0,,28.03,412.0,5012.0,5424.0,,8.94,412.0,4744.0,5156.0
37,23.23,412.0,1883.0,2295.0,,33.8,2004.0,3564.0,5568.0,,8.94,412.0,4746.0,5158.0
38,25.3,346.0,1883.0,2229.0,,27.78,412.0,5012.0,5424.0,,1062.43,692.0,4812.0,5504.0
39,20.09,412.0,1884.0,2296.0,,27.51,412.0,5012.0,5424.0,,13.0,2004.0,3298.0,5302.0
40,19.6,412.0,1883.0,2295.0,,28.75,412.0,5012.0,5424.0,,12.59,2004.0,3297.0,5301.0
41,1079.86,626.0,1884.0,2510.0,,28.78,412.0,5012.0,5424.0,,9.17,412.0,4745.0,5157.0
42,18.95,412.0,1884.0,2296.0,,31.63,2004.0,3563.0,5567.0,,8.94,412.0,4745.0,5157.0
43,19.01,412.0,1884.0,2296.0,,35.29,2004.0,3563.0,5567.0,,11.51,412.0,4745.0,5157.0
44,23.11,412.0,1884.0,2296.0,,31.63,412.0,5011.0,5423.0,,1029.53,552.0,4812.0,5364.0
45,19.3,412.0,1883.0,2295.0,,38.87,412.0,5012.0,5424.0,,8.99,412.0,4745.0,5157.0
46,20.77,412.0,1884.0,2296.0,,26.87,412.0,5011.0,5423.0,,9.17,412.0,4745.0,5157.0
47,19.94,412.0,1883.0,2295.0,,26.75,412.0,5012.0,5424.0,,9.19,412.0,4746.0,5158.0
48,19.29,412.0,1882.0,2294.0,,28.24,412.0,5010.0,5422.0,,13.36,2004.0,3298.0,5302.0
49,222.31,412.0,1882.0,2294.0,,4624.7,692.0,5078.0,5770.0,,8.82,412.0,4745.0,5157.0
50,18.36,412.0,1884.0,2296.0,,240.78,478.0,5078.0,5556.0,,8.93,412.0,4744.0,5156.0
51,24.64,412.0,1882.0,2294.0,,31.23,412.0,5010.0,5422.0,,8.81,412.0,4745.0,5157.0
52,20.18,412.0,1884.0,2296.0,,31.67,412.0,5012.0,5424.0,,8.65,412.0,4746.0,5158.0
53,222.34,412.0,1883.0,2295.0,,31.62,412.0,5653.0,6065.0,,9.03,412.0,4745.0,5157.0
54,221.99,412.0,1884.0,2296.0,,33.86,412.0,5012.0,5424.0,,9.16,412.0,4746.0,5158.0
55,18.55,412.0,1884.0,2296.0,,1092.02,552.0,5078.0,5630.0,,13.28,2004.0,3298.0,5302.0
56,23.91,412.0,1883.0,2295.0,,28.32,412.0,5011.0,5423.0,,9.01,412.0,4746.0,5158.0
57,27.02,412.0,1884.0,2296.0,,28.06,412.0,5012.0,5424.0,,9.55,412.0,4745.0,5157.0
58,18.45,412.0,1884.0,2296.0,,28.56,412.0,5012.0,5424.0,,13.03,2004.0,3298.0,5302.0
59,18.79,346.0,1882.0,2228.0,,27.68,412.0,5012.0,5424.0,,9.42,412.0,4746.0,5158.0
60,18.77,412.0,1883.0,2295.0,,31.75,2004.0,3564.0,5568.0,,9.94,412.0,4746.0,5158.0
61,18.65,346.0,1884.0,2230.0,,26.42,412.0,5012.0,5424.0,,11.18,412.0,4746.0,5158.0
62,18.64,412.0,1883.0,2295.0,,27.88,412.0,5011.0,5423.0,,9.41,346.0,4746.0,5092.0
63,18.91,412.0,1884.0,2296.0,,27.08,412.0,5012.0,5424.0,,9.68,412.0,4745.0,5157.0
64,221.65,412.0,1883.0,2295.0,,27.73,412.0,5012.0,5424.0,,1065.17,692.0,4812.0,5504.0
65,20.82,412.0,1883.0,2295.0,,26.99,412.0,5011.0,5423.0,,12.21,2004.0,3298.0,5302.0
66,18.79,412.0,1883.0,2295.0,,28.39,412.0,5011.0,5423.0,,10.06,412.0,4746.0,5158.0
67,19.02,412.0,1883.0,2295.0,,27.4,412.0,5012.0,5424.0,,9.31,412.0,4746.0,5158.0
68,25.95,412.0,1884.0,2296.0,,28.07,412.0,5012.0,5424.0,,11.12,412.0,4746.0,5158.0
69,18.19,346.0,1883.0,2229.0,,27.65,412.0,5011.0,5423.0,,8.86,346.0,4745.0,5091.0
70,19.36,412.0,1884.0,2296.0,,31.83,1165.0,5012.0,6177.0,,1036.26,692.0,4812.0,5504.0
71,228.71,412.0,1884.0,2296.0,,37.66,412.0,5012.0,5424.0,,9.76,1032.0,4746.0,5778.0
72,21.67,412.0,1884.0,2296.0,,30.6,412.0,5011.0,5423.0,,14.12,412.0,4745.0,5157.0
73,19.43,412.0,1883.0,2295.0,,28.64,412.0,5012.0,5424.0,,9.66,412.0,4745.0,5157.0
74,22.05,412.0,1883.0,2295.0,,34.19,412.0,5012.0,5424.0,,9.96,412.0,4746.0,5158.0
75,19.93,412.0,1884.0,2296.0,,28.66,412.0,5012.0,5424.0,,11.28,412.0,4745.0,5157.0
76,18.89,412.0,1883.0,2295.0,,33.06,412.0,5012.0,5424.0,,9.33,412.0,4746.0,5158.0
77,19.43,412.0,1883.0,2295.0,,30.37,412.0,5011.0,5423.0,,9.57,412.0,4746.0,5158.0
78,18.62,412.0,1883.0,2295.0,,28.94,412.0,5012.0,5424.0,,11.01,412.0,4746.0,5158.0
79,18.24,412.0,1884.0,2296.0,,29.59,412.0,5012.0,5424.0,,13.19,2004.0,3298.0,5302.0
80,18.43,412.0,1883.0,2295.0,,1071.53,692.0,5078.0,5770.0,,11.67,412.0,4746.0,5158.0
81,18.45,412.0,1884.0,2296.0,,30.78,412.0,5011.0,5423.0,,10.11,412.0,4746.0,5158.0
82,1064.81,626.0,1883.0,2509.0,,30.05,412.0,5012.0,5424.0,,9.86,346.0,4745.0,5091.0
83,19.4,346.0,1884.0,2230.0,,27.26,412.0,5012.0,5424.0,,1069.66,692.0,4812.0,5504.0
84,18.68,412.0,1884.0,2296.0,,240.43,478.0,5076.0,5554.0,,8.86,346.0,4745.0,5091.0
85,4648.64,626.0,1884.0,2510.0,,26.71,412.0,5012.0,5424.0,,12.35,2004.0,3297.0,5301.0
86,20.25,412.0,1884.0,2296.0,,32.14,412.0,5011.0,5423.0,,9.72,412.0,4746.0,5158.0
87,22.48,412.0,1884.0,2296.0,,27.32,412.0,5011.0,5423.0,,11.98,412.0,4746.0,5158.0
88,20.41,412.0,1884.0,2296.0,,26.57,412.0,5011.0,5423.0,,9.27,412.0,4746.0,5158.0
89,19.54,412.0,1884.0,2296.0,,26.68,412.0,5011.0,5423.0,,14.1,412.0,4744.0,5156.0
90,19.27,412.0,1884.0,2296.0,,27.03,412.0,5011.0,5423.0,,11.37,954.0,4746.0,5700.0
91,18.86,412.0,1882.0,2294.0,,26.72,412.0,5012.0,5424.0,,10.37,412.0,4746.0,5158.0
92,18.66,412.0,1884.0,2296.0,,1076.22,626.0,5399.0,6025.0,,9.69,412.0,4746.0,5158.0
93,19.13,412.0,1882.0,2294.0,,28.01,412.0,5012.0,5424.0,,1065.05,626.0,4812.0,5438.0
94,19.3,412.0,2526.0,2938.0,,27.05,412.0,5011.0,5423.0,,9.86,412.0,4745.0,5157.0
95,1055.82,626.0,2524.0,3150.0,,1063.23,692.0,5077.0,5769.0,,9.25,412.0,4746.0,5158.0
96,21.05,412.0,1884.0,2296.0,,26.82,412.0,5012.0,5424.0,,1036.1,692.0,4811.0,5503.0
97,220.59,412.0,1884.0,2296.0,,26.76,412.0,5012.0,5424.0,,10.16,412.0,4744.0,5156.0
98,1070.63,626.0,1884.0,2510.0,,26.73,412.0,5011.0,5423.0,,9.26,346.0,4745.0,5091.0
99,18.19,346.0,1884.0,2230.0,,26.56,412.0,5011.0,5423.0,,9.35,1098.0,4745.0,5843.0
100,18.36,412.0,1882.0,2294.0,,27.14,412.0,5012.0,5424.0,,222.42,3708.0,2202.0,5910.0
101,21.66,346.0,1884.0,2230.0,,29.9,2004.0,3563.0,5567.0,,9.15,412.0,4746.0,5158.0
102,19.36,412.0,1884.0,2296.0,,27.53,412.0,5011.0,5423.0,,8.78,412.0,4744.0,5156.0
103,19.09,412.0,1884.0,2296.0,,31.72,2004.0,3564.0,5568.0,,8.9,412.0,4745.0,5157.0
104,222.14,412.0,1883.0,2295.0,,29.05,412.0,5011.0,5423.0,,220.27,2004.0,3298.0,5302.0
105,20.67,412.0,1884.0,2296.0,,27.81,1165.0,5010.0,6175.0,,8.78,412.0,4746.0,5158.0
106,19.14,412.0,1883.0,2295.0,,1080.48,626.0,5078.0,5704.0,,9.9,412.0,4745.0,5157.0
107,20.38,412.0,1884.0,2296.0,,1084.13,692.0,5077.0,5769.0,,10.64,412.0,4745.0,5157.0
108,19.53,346.0,1883.0,2229.0,,234.12,1231.0,5078.0,6309.0,,10.78,412.0,4746.0,5158.0
109,19.32,412.0,1883.0,2295.0,,30.64,2004.0,3563.0,5567.0,,10.1,412.0,4746.0,5158.0
110,25.81,412.0,1884.0,2296.0,,28.31,412.0,5012.0,5424.0,,1041.15,692.0,4812.0,5504.0
111,20.42,412.0,1884.0,2296.0,,29.1,412.0,5012.0,5424.0,,11.63,412.0,4745.0,5157.0
112,26.0,346.0,1882.0,2228.0,,27.86,412.0,5012.0,5424.0,,10.76,412.0,4745.0,5157.0
113,22.35,412.0,1884.0,2296.0,,1051.39,552.0,5078.0,5630.0,,12.58,2004.0,3297.0,5301.0
114,19.87,412.0,1884.0,2296.0,,28.1,412.0,5011.0,5423.0,,8.97,412.0,4745.0,5157.0
115,20.88,412.0,1883.0,2295.0,,26.96,412.0,5012.0,5424.0,,9.53,412.0,4745.0,5157.0
116,20.76,412.0,1884.0,2296.0,,27.31,412.0,5012.0,5424.0,,9.63,412.0,4746.0,5158.0
117,20.51,346.0,1884.0,2230.0,,27.01,412.0,5012.0,5424.0,,9.35,412.0,4746.0,5158.0
118,19.52,412.0,1883.0,2295.0,,26.99,412.0,5012.0,5424.0,,1056.99,552.0,4811.0,5363.0
119,18.47,412.0,1884.0,2296.0,,27.7,412.0,5012.0,5424.0,,8.68,412.0,4745.0,5157.0
120,22.05,412.0,1884.0,2296.0,,28.1,412.0,5011.0,5423.0,,13.46,2004.0,3298.0,5302.0
121,18.52,412.0,1883.0,2295.0,,26.88,1165.0,5012.0,6177.0,,9.09,412.0,4745.0,5157.0
122,19.84,412.0,1884.0,2296.0,,26.79,412.0,5011.0,5423.0,,11.84,2004.0,3297.0,5301.0
123,21.09,412.0,1884.0,2296.0,,27.22,412.0,5011.0,5423.0,,9.16,412.0,4746.0,5158.0
124,19.82,412.0,1883.0,2295.0,,27.63,1165.0,5012.0,6177.0,,8.88,1032.0,4745.0,5777.0
125,19.35,412.0,1883.0,2295.0,,27.55,412.0,5010.0,5422.0,,8.45,412.0,4746.0,5158.0
126,19.95,412.0,1883.0,2295.0,,31.86,412.0,5012.0,5424.0,,8.97,412.0,4745.0,5157.0
127,21.16,412.0,1884.0,2296.0,,26.77,1165.0,5012.0,6177.0,,9.49,412.0,4746.0,5158.0
128,19.73,412.0,1883.0,2295.0,,27.64,412.0,5012.0,5424.0,,9.34,412.0,4745.0,5157.0
129,1082.2,486.0,1882.0,2368.0,,31.44,412.0,5012.0,5424.0,,8.93,412.0,4745.0,5157.0
130,20.11,346.0,1884.0,2230.0,,28.23,1165.0,5012.0,6177.0,,8.77,412.0,4745.0,5157.0
131,21.5,346.0,1883.0,2229.0,,30.52,412.0,5011.0,5423.0,,12.9,412.0,4746.0,5158.0
132,19.14,412.0,1884.0,2296.0,,29.64,412.0,5011.0,5423.0,,13.22,412.0,4746.0,5158.0
133,1044.64,626.0,1884.0,2510.0,,30.36,412.0,5653.0,6065.0,,9.05,412.0,4745.0,5157.0
134,19.25,412.0,1882.0,2294.0,,28.59,412.0,5012.0,5424.0,,8.51,412.0,4746.0,5158.0
135,22.29,412.0,1884.0,2296.0,,29.05,1165.0,5012.0,6177.0,,8.38,346.0,4744.0,5090.0
136,19.26,412.0,1884.0,2296.0,,30.88,412.0,5011.0,5423.0,,1051.85,692.0,4811.0,5503.0
137,226.91,412.0,1883.0,2295.0,,1079.85,692.0,5078.0,5770.0,,9.19,346.0,4746.0,5092.0
138,20.24,412.0,1884.0,2296.0,,31.1,412.0,5011.0,5423.0,,8.93,412.0,4744.0,5156.0
139,22.78,412.0,1884.0,2296.0,,27.16,412.0,5011.0,5423.0,,8.75,346.0,4746.0,5092.0
140,20.12,412.0,1884.0,2296.0,,27.79,412.0,5012.0,5424.0,,8.47,412.0,4745.0,5157.0
141,20.43,412.0,1882.0,2294.0,,1082.51,552.0,5077.0,5629.0,,12.96,2004.0,3298.0,5302.0
142,24.74,412.0,1884.0,2296.0,,27.75,412.0,5012.0,5424.0,,9.34,412.0,4745.0,5157.0
143,20.58,412.0,1884.0,2296.0,,27.7,412.0,5011.0,5423.0,,9.47,412.0,4746.0,5158.0
144,26.66,412.0,1883.0,2295.0,,27.61,412.0,5011.0,5423.0,,9.59,412.0,4745.0,5157.0
145,26.45,412.0,1882.0,2294.0,,27.31,412.0,5011.0,5423.0,,12.27,2004.0,3298.0,5302.0
146,28.03,412.0,1884.0,2296.0,,28.03,412.0,5012.0,5424.0,,8.85,412.0,4745.0,5157.0
147,29.81,412.0,1884.0,2296.0,,1282.24,704.0,5078.0,5782.0,,10.64,412.0,4746.0,5158.0
148,20.86,412.0,1883.0,2295.0,,29.03,412.0,5012.0,5424.0,,9.79,412.0,4746.0,5158.0
149,19.63,412.0,1884.0,2296.0,,29.46,412.0,5012.0,5424.0,,11.48,412.0,4746.0,5158.0
150,19.8,412.0,1883.0,2295.0,,30.76,2757.0,3562.0,6319.0,,15.44,2004.0,3298.0,5302.0
151,18.73,412.0,1884.0,2296.0,,29.02,412.0,5011.0,5423.0,,8.58,412.0,4745.0,5157.0
152,20.42,346.0,1883.0,2229.0,,29.23,412.0,5012.0,5424.0,,8.82,412.0,4745.0,5157.0
153,18.59,412.0,1884.0,2296.0,,27.59,412.0,5012.0,5424.0,,1069.31,692.0,4811.0,5503.0
154,20.1,412.0,1884.0,2296.0,,27.56,1165.0,5012.0,6177.0,,9.14,412.0,4745.0,5157.0
155,22.93,412.0,1884.0,2296.0,,27.81,412.0,5012.0,5424.0,,8.88,412.0,4746.0,5158.0
156,20.24,412.0,1883.0,2295.0,,31.08,2004.0,3564.0,5568.0,,15.25,3098.0,2202.0,5300.0
157,19.97,346.0,1883.0,2229.0,,1233.47,692.0,5077.0,5769.0,,8.79,412.0,4746.0,5158.0
158,20.56,412.0,1884.0,2296.0,,27.73,1165.0,5011.0,6176.0,,9.28,412.0,4745.0,5157.0
159,18.81,346.0,1884.0,2230.0,,27.68,412.0,5010.0,5422.0,,11.32,412.0,4745.0,5157.0
160,26.8,412.0,1884.0,2296.0,,28.55,412.0,5011.0,5423.0,,9.02,412.0,4746.0,5158.0
161,19.04,412.0,1883.0,2295.0,,1288.56,692.0,5077.0,5769.0,,11.0,412.0,4745.0,5157.0
162,18.93,412.0,1884.0,2296.0,,27.95,412.0,5011.0,5423.0,,12.69,2004.0,3298.0,5302.0
163,19.85,412.0,1884.0,2296.0,,33.35,2004.0,3564.0,5568.0,,8.84,346.0,4745.0,5091.0
164,22.23,412.0,1884.0,2296.0,,28.07,412.0,5012.0,5424.0,,1059.8,692.0,4811.0,5503.0
165,21.33,412.0,1884.0,2296.0,,31.56,412.0,5011.0,5423.0,,8.97,412.0,4746.0,5158.0
166,20.77,412.0,1883.0,2295.0,,38.51,412.0,5011.0,5423.0,,9.02,412.0,4746.0,5158.0
167,19.66,412.0,1883.0,2295.0,,33.67,412.0,5011.0,5423.0,,8.94,412.0,4746.0,5158.0
168,20.24,412.0,1884.0,2296.0,,29.1,412.0,5011.0,5423.0,,9.0,412.0,4746.0,5158.0
169,21.61,412.0,1883.0,2295.0,,27.78,412.0,5012.0,5424.0,,8.99,412.0,4745.0,5157.0
170,20.32,412.0,1883.0,2295.0,,33.77,2004.0,3563.0,5567.0,,8.84,412.0,4746.0,5158.0
171,1068.16,626.0,1883.0,2509.0,,28.96,412.0,5012.0,5424.0,,10.5,412.0,4746.0,5158.0
172,1075.04,626.0,1883.0,2509.0,,28.65,412.0,5012.0,5424.0,,8.96,412.0,4746.0,5158.0
173,1078.97,626.0,1884.0,2510.0,,1044.49,552.0,5077.0,5629.0,,8.71,412.0,4745.0,5157.0
174,18.63,412.0,1883.0,2295.0,,29.16,1165.0,5011.0,6176.0,,8.75,412.0,4744.0,5156.0
175,20.66,412.0,1882.0,2294.0,,28.14,412.0,5010.0,5422.0,,8.65,412.0,4745.0,5157.0
176,1081.54,560.0,1883.0,2443.0,,27.02,412.0,5011.0,5423.0,,8.77,412.0,4744.0,5156.0
177,18.53,412.0,1884.0,2296.0,,27.7,412.0,5011.0,5423.0,,8.74,346.0,4745.0,5091.0
178,1043.66,626.0,1883.0,2509.0,,36.6,2004.0,3564.0,5568.0,,8.8,412.0,4746.0,5158.0
179,25.57,412.0,1883.0,2295.0,,26.8,412.0,5011.0,5423.0,,8.78,346.0,4746.0,5092.0
180,220.53,412.0,1884.0,2296.0,,27.57,412.0,5012.0,5424.0,,9.07,412.0,4744.0,5156.0
181,18.69,412.0,1884.0,2296.0,,28.57,412.0,5012.0,5424.0,,11.7,346.0,4745.0,5091.0
182,19.16,412.0,1883.0,2295.0,,33.57,412.0,5011.0,5423.0,,8.68,346.0,4746.0,5092.0
183,18.5,412.0,1884.0,2296.0,,27.83,412.0,5012.0,5424.0,,8.75,412.0,4745.0,5157.0
184,18.99,412.0,1883.0,2295.0,,28.1,412.0,5011.0,5423.0,,8.86,412.0,4746.0,5158.0
185,18.88,412.0,1884.0,2296.0,,37.16,412.0,5012.0,5424.0,,10.15,412.0,4745.0,5157.0
186,1045.0,626.0,1883.0,2509.0,,28.09,412.0,5011.0,5423.0,,9.1,412.0,4744.0,5156.0
187,18.34,412.0,1883.0,2295.0,,31.16,412.0,5011.0,5423.0,,8.74,412.0,4746.0,5158.0
188,434.51,412.0,1883.0,2295.0,,27.97,412.0,5011.0,5423.0,,8.97,412.0,4746.0,5158.0
189,18.48,412.0,1883.0,2295.0,,28.79,412.0,5012.0,5424.0,,8.81,412.0,4746.0,5158.0
190,20.31,412.0,1884.0,2296.0,,33.12,412.0,5653.0,6065.0,,12.3,2004.0,3297.0,5301.0
191,222.89,412.0,1883.0,2295.0,,30.89,412.0,5012.0,5424.0,,9.13,346.0,4746.0,5092.0
192,18.21,412.0,1884.0,2296.0,,34.97,412.0,5012.0,5424.0,,1069.15,626.0,4812.0,5438.0
193,18.12,412.0,1884.0,2296.0,,31.77,412.0,5012.0,5424.0,,9.97,412.0,4746.0,5158.0
194,18.18,412.0,1884.0,2296.0,,29.22,412.0,5012.0,5424.0,,9.61,412.0,4745.0,5157.0
195,18.38,412.0,1883.0,2295.0,,1035.74,692.0,5078.0,5770.0,,8.97,412.0,4745.0,5157.0
196,23.89,412.0,1884.0,2296.0,,37.97,412.0,5011.0,5423.0,,8.93,412.0,4746.0,5158.0
197,18.89,412.0,1884.0,2296.0,,38.49,1165.0,5012.0,6177.0,,9.1,412.0,4746.0,5158.0
198,1029.51,626.0,1882.0,2508.0,,29.95,412.0,5012.0,5424.0,,9.93,346.0,4746.0,5092.0
199,220.87,412.0,1882.0,2294.0,,30.49,2004.0,3564.0,5568.0,,9.36,412.0,4746.0,5158.0
200,1038.31,560.0,1883.0,2443.0,,27.35,412.0,5011.0,5423.0,,219.65,478.0,4811.0,5289.0
201,221.46,412.0,1884.0,2296.0,,27.0,412.0,5012.0,5424.0,,9.29,412.0,4745.0,5157.0
202,20.52,412.0,1884.0,2296.0,,27.53,412.0,5012.0,5424.0,,10.82,412.0,4745.0,5157.0
203,20.44,412.0,1884.0,2296.0,,28.93,412.0,5011.0,5423.0,,8.9,346.0,4745.0,5091.0
204,224.99,412.0,1884.0,2296.0,,33.9,2004.0,3564.0,5568.0,,9.17,412.0,4746.0,5158.0
205,19.48,412.0,1884.0,2296.0,,30.04,412.0,5012.0,5424.0,,9.74,412.0,4746.0,5158.0
206,18.55,412.0,1884.0,2296.0,,1030.34,692.0,5077.0,5769.0,,8.82,412.0,4745.0,5157.0
207,18.45,412.0,1884.0,2296.0,,28.22,412.0,5012.0,5424.0,,8.86,412.0,4746.0,5158.0
208,18.35,412.0,1883.0,2295.0,,1248.73,692.0,5078.0,5770.0,,9.04,412.0,4745.0,5157.0
209,18.99,412.0,1883.0,2295.0,,31.71,412.0,5011.0,5423.0,,8.85,412.0,4745.0,5157.0
210,1044.09,626.0,1884.0,2510.0,,30.11,412.0,5012.0,5424.0,,9.67,412.0,4745.0,5157.0
211,20.14,412.0,1884.0,2296.0,,28.67,1165.0,5012.0,6177.0,,8.87,412.0,4746.0,5158.0
212,18.34,412.0,1883.0,2295.0,,27.27,412.0,5012.0,5424.0,,8.77,412.0,4746.0,5158.0
213,19.24,412.0,1883.0,2295.0,,27.18,412.0,5012.0,5424.0,,9.1,412.0,4746.0,5158.0
214,19.13,412.0,1884.0,2296.0,,28.09,412.0,5012.0,5424.0,,9.35,412.0,4744.0,5156.0
215,18.25,412.0,1884.0,2296.0,,27.16,412.0,5011.0,5423.0,,8.94,412.0,4746.0,5158.0
216,230.83,412.0,1884.0,2296.0,,27.7,412.0,5012.0,5424.0,,8.8,412.0,4745.0,5157.0
217,18.7,412.0,1883.0,2295.0,,27.07,1165.0,5011.0,6176.0,,9.0,412.0,4746.0,5158.0
218,1050.81,626.0,1884.0,2510.0,,29.61,412.0,5011.0,5423.0,,9.36,412.0,4745.0,5157.0
219,20.79,412.0,1884.0,2296.0,,33.67,412.0,5012.0,5424.0,,629.69,2004.0,3298.0,5302.0
220,19.2,412.0,1883.0,2295.0,,35.36,412.0,5011.0,5423.0,,9.79,412.0,4745.0,5157.0
221,26.41,412.0,1884.0,2296.0,,27.84,412.0,5012.0,5424.0,,12.8,2004.0,3297.0,5301.0
222,19.19,412.0,1884.0,2296.0,,27.78,412.0,5011.0,5423.0,,9.79,412.0,4746.0,5158.0
223,24.0,412.0,1884.0,2296.0,,27.88,412.0,5011.0,5423.0,,9.01,412.0,4745.0,5157.0
224,18.83,412.0,1884.0,2296.0,,27.05,412.0,5012.0,5424.0,,9.25,412.0,4745.0,5157.0
225,18.83,412.0,1883.0,2295.0,,1258.88,692.0,5078.0,5770.0,,12.66,2004.0,3298.0,5302.0
226,18.84,412.0,1883.0,2295.0,,27.69,412.0,5011.0,5423.0,,9.76,412.0,4746.0,5158.0
227,18.94,412.0,1883.0,2295.0,,28.71,412.0,5012.0,5424.0,,10.5,412.0,4745.0,5157.0
228,1046.63,560.0,1883.0,2443.0,,29.08,412.0,5010.0,5422.0,,9.1,412.0,4744.0,5156.0
229,25.65,412.0,1884.0,2296.0,,30.33,412.0,5012.0,5424.0,,8.96,1032.0,4746.0,5778.0
230,229.0,412.0,1883.0,2295.0,,27.79,412.0,5012.0,5424.0,,9.14,412.0,4746.0,5158.0
231,20.75,412.0,1884.0,2296.0,,27.42,412.0,5011.0,5423.0,,9.09,412.0,4745.0,5157.0
232,19.19,412.0,1884.0,2296.0,,28.77,412.0,5011.0,5423.0,,13.18,2004.0,3298.0,5302.0
233,18.8,412.0,1884.0,2296.0,,32.46,412.0,5011.0,5423.0,,9.86,412.0,4746.0,5158.0
234,20.52,412.0,1884.0,2296.0,,28.09,1165.0,5011.0,6176.0,,1022.0,552.0,4812.0,5364.0
235,24.38,412.0,1884.0,2296.0,,27.71,412.0,5011.0,5423.0,,11.13,412.0,4745.0,5157.0
236,19.61,412.0,1883.0,2295.0,,28.56,412.0,5011.0,5423.0,,8.84,412.0,4746.0,5158.0
237,25.69,412.0,1883.0,2295.0,,240.94,478.0,5078.0,5556.0,,10.07,412.0,4746.0,5158.0
238,21.44,412.0,1884.0,2296.0,,28.41,412.0,5012.0,5424.0,,9.26,412.0,4746.0,5158.0
239,19.56,412.0,1884.0,2296.0,,1034.62,626.0,5077.0,5703.0,,10.56,412.0,4745.0,5157.0
240,22.55,412.0,1884.0,2296.0,,29.83,412.0,5011.0,5423.0,,9.35,412.0,4746.0,5158.0
241,23.31,412.0,1884.0,2296.0,,28.59,412.0,5012.0,5424.0,,1019.62,692.0,4812.0,5504.0
242,1077.75,626.0,1883.0,2509.0,,28.72,412.0,5011.0,5423.0,,12.46,2004.0,3298.0,5302.0
243,20.42,412.0,1883.0,2295.0,,28.48,412.0,5012.0,5424.0,,9.02,412.0,4746.0,5158.0
244,20.11,412.0,1883.0,2295.0,,36.5,412.0,5012.0,5424.0,,9.08,412.0,4746.0,5158.0
245,20.95,412.0,1884.0,2296.0,,32.82,2757.0,3564.0,6321.0,,9.3,412.0,4745.0,5157.0
246,23.08,412.0,1884.0,2296.0,,34.42,412.0,5012.0,5424.0,,9.69,412.0,4745.0,5157.0
247,19.89,412.0,1884.0,2296.0,,29.91,412.0,5012.0,5424.0,,9.02,412.0,4745.0,5157.0
248,22.37,412.0,1883.0,2295.0,,27.05,412.0,5011.0,5423.0,,11.63,412.0,4746.0,5158.0
249,18.96,412.0,1884.0,2296.0,,27.48,412.0,5012.0,5424.0,,9.16,412.0,4746.0,5158.0
250,1041.43,626.0,1883.0,2509.0,,27.31,412.0,5012.0,5424.0,,9.0,412.0,4745.0,5157.0
251,20.53,412.0,1882.0,2294.0,,27.98,412.0,5011.0,5423.0,,9.34,412.0,4746.0,5158.0
252,21.91,412.0,1884.0,2296.0,,27.1,412.0,5012.0,5424.0,,3573.59,412.0,4745.0,5157.0
253,20.97,412.0,1883.0,2295.0,,27.31,412.0,5011.0,5423.0,,8.93,412.0,4746.0,5158.0
254,19.63,412.0,1883.0,2295.0,,26.58,412.0,5011.0,5423.0,,8.91,412.0,4745.0,5157.0
255,23.14,412.0,1884.0,2296.0,,27.1,412.0,5010.0,5422.0,,1073.17,692.0,4812.0,5504.0
256,24.32,412.0,1884.0,2296.0,,28.45,412.0,5011.0,5423.0,,9.32,412.0,4745.0,5157.0
257,19.33,412.0,1884.0,2296.0,,30.16,2004.0,3564.0,5568.0,,8.8,412.0,4745.0,5157.0
258,19.08,412.0,1882.0,2294.0,,1056.22,552.0,5078.0,5630.0,,9.09,412.0,4745.0,5157.0
259,19.49,346.0,1883.0,2229.0,,27.6,412.0,5012.0,5424.0,,8.84,412.0,4746.0,5158.0
260,18.54,412.0,1884.0,2296.0,,27.55,412.0,5012.0,5424.0,,8.99,412.0,4745.0,5157.0
261,20.17,412.0,1884.0,2296.0,,32.22,2757.0,3562.0,6319.0,,8.83,412.0,4745.0,5157.0
262,19.31,346.0,1883.0,2229.0,,1086.03,692.0,5077.0,5769.0,,1027.73,692.0,4811.0,5503.0
263,20.19,412.0,1884.0,2296.0,,27.94,412.0,5012.0,5424.0,,8.77,412.0,4745.0,5157.0
264,19.43,412.0,1884.0,2296.0,,31.63,412.0,5011.0,5423.0,,216.6,2004.0,3297.0,5301.0
265,20.22,346.0,1883.0,2229.0,,3591.02,1165.0,5012.0,6177.0,,8.91,412.0,4745.0,5157.0
266,22.03,412.0,1884.0,2296.0,,30.22,412.0,5012.0,5424.0,,1070.44,692.0,4810.0,5502.0
267,236.33,412.0,1884.0,2296.0,,26.91,412.0,5012.0,5424.0,,13.71,2004.0,3297.0,5301.0
268,24.28,412.0,1883.0,2295.0,,1071.93,552.0,5078.0,5630.0,,8.9,412.0,4746.0,5158.0
269,20.62,412.0,1883.0,2295.0,,27.12,412.0,5012.0,5424.0,,8.87,412.0,4746.0,5158.0
270,21.39,412.0,1884.0,2296.0,,29.62,412.0,5012.0,5424.0,,8.8,412.0,4746.0,5158.0
271,20.16,412.0,1883.0,2295.0,,28.68,412.0,5012.0,5424.0,,8.93,1020.0,4744.0,5764.0
272,20.28,412.0,1884.0,2296.0,,28.7,412.0,5012.0,5424.0,,8.79,412.0,4746.0,5158.0
273,19.46,412.0,1884.0,2296.0,,36.88,2004.0,3563.0,5567.0,,9.13,346.0,4745.0,5091.0
274,27.55,412.0,1884.0,2296.0,,31.41,1165.0,5012.0,6177.0,,8.96,412.0,4746.0,5158.0
275,21.06,412.0,1883.0,2295.0,,28.53,1165.0,5010.0,6175.0,,8.84,412.0,4745.0,5157.0
276,18.94,412.0,1884.0,2296.0,,27.55,412.0,5011.0,5423.0,,9.0,412.0,4746.0,5158.0
277,18.95,412.0,1883.0,2295.0,,34.57,412.0,5010.0,5422.0,,8.88,412.0,4745.0,5157.0
278,18.96,412.0,1883.0,2295.0,,36.02,2004.0,3564.0,5568.0,,9.04,412.0,4746.0,5158.0
279,1048.59,626.0,1884.0,2510.0,,28.22,412.0,5012.0,5424.0,,12.4,3099.0,2202.0,5301.0
280,20.05,412.0,1883.0,2295.0,,30.64,2004.0,3564.0,5568.0,,8.79,412.0,4745.0,5157.0
281,20.11,412.0,1883.0,2295.0,,28.43,1165.0,5011.0,6176.0,,1057.33,692.0,4812.0,5504.0
282,18.99,412.0,1883.0,2295.0,,26.77,412.0,5010.0,5422.0,,8.92,412.0,4746.0,5158.0
283,19.0,412.0,1883.0,2295.0,,28.38,412.0,5012.0,5424.0,,8.94,412.0,4745.0,5157.0
284,19.28,412.0,1883.0,2295.0,,27.99,412.0,5012.0,5424.0,,8.79,412.0,4746.0,5158.0
285,225.22,412.0,1883.0,2295.0,,33.75,412.0,5012.0,5424.0,,9.21,412.0,4745.0,5157.0
286,26.32,412.0,1884.0,2296.0,,28.73,412.0,5012.0,5424.0,,9.87,412.0,4745.0,5157.0
287,1039.11,626.0,1884.0,2510.0,,27.92,412.0,5012.0,5424.0,,1045.01,692.0,4811.0,5503.0
288,1077.48,560.0,1884.0,2444.0,,30.09,412.0,5012.0,5424.0,,1430.4,552.0,4812.0,5364.0
289,18.74,412.0,1884.0,2296.0,,30.18,412.0,5012.0,5424.0,,10.31,346.0,4745.0,5091.0
290,18.76,412.0,1882.0,2294.0,,27.8,412.0,5011.0,5423.0,,9.38,412.0,4745.0,5157.0
291,1019.2,626.0,1882.0,2508.0,,27.45,412.0,5012.0,5424.0,,9.23,412.0,4746.0,5158.0
292,22.27,346.0,1883.0,2229.0,,27.08,412.0,5012.0,5424.0,,10.53,412.0,4746.0,5158.0
293,18.32,412.0,1884.0,2296.0,,28.39,412.0,5011.0,5423.0,,9.36,412.0,4745.0,5157.0
294,18.83,412.0,1884.0,2296.0,,27.1,412.0,5012.0,5424.0,,1066.48,692.0,4812.0,5504.0
295,18.51,412.0,1884.0,2296.0,,27.68,412.0,5012.0,5424.0,,1015.39,552.0,4811.0,5363.0
296,18.25,412.0,1884.0,2296.0,,1074.12,692.0,5078.0,5770.0,,12.03,412.0,4745.0,5157.0
297,18.38,412.0,1883.0,2295.0,,27.3,412.0,5012.0,5424.0,,10.45,412.0,4745.0,5157.0
298,19.35,412.0,1884.0,2296.0,,27.31,412.0,5010.0,5422.0,,9.13,412.0,4744.0,5156.0
299,4624.5,626.0,1884.0,2510.0,,26.82,412.0,5012.0,5424.0,,624.71,2004.0,3296.0,5300.0
300,18.4,412.0,1884.0,2296.0,,31.89,412.0,5011.0,5423.0,,225.69,2004.0,3297.0,5301.0
301,19.94,412.0,1883.0,2295.0,,26.51,412.0,5011.0,5423.0,,11.43,412.0,4745.0,5157.0
302,227.03,412.0,1883.0,2295.0,,27.06,412.0,5011.0,5423.0,,8.82,412.0,4746.0,5158.0
303,22.74,412.0,1883.0,2295.0,,27.67,412.0,5012.0,5424.0,,8.86,412.0,4745.0,5157.0
304,19.43,412.0,1884.0,2296.0,,1270.09,692.0,5077.0,5769.0,,8.76,412.0,4745.0,5157.0
305,20.65,412.0,1884.0,2296.0,,27.89,412.0,5011.0,5423.0,,16.05,412.0,4746.0,5158.0
306,1074.57,626.0,1884.0,2510.0,,27.43,412.0,5012.0,5424.0,,10.86,412.0,4746.0,5158.0
307,24.09,412.0,1883.0,2295.0,,26.66,1165.0,5011.0,6176.0,,13.09,412.0,4745.0,5157.0
308,224.81,412.0,1883.0,2295.0,,27.15,412.0,5011.0,5423.0,,9.37,346.0,4746.0,5092.0
309,18.68,412.0,1883.0,2295.0,,26.83,412.0,5012.0,5424.0,,8.73,412.0,4746.0,5158.0
310,18.36,412.0,1884.0,2296.0,,27.89,412.0,5010.0,5422.0,,8.75,412.0,4745.0,5157.0
311,18.39,412.0,1884.0,2296.0,,26.7,412.0,5012.0,5424.0,,10.05,412.0,4745.0,5157.0
312,18.35,412.0,1884.0,2296.0,,31.59,412.0,5012.0,5424.0,,8.93,412.0,4745.0,5157.0
313,18.56,412.0,1883.0,2295.0,,34.76,412.0,5012.0,5424.0,,8.97,412.0,4746.0,5158.0
314,19.07,412.0,1883.0,2295.0,,28.08,412.0,5010.0,5422.0,,9.58,412.0,4745.0,5157.0
315,19.13,412.0,1883.0,2295.0,,29.58,412.0,5011.0,5423.0,,8.88,412.0,4746.0,5158.0
316,221.29,412.0,1883.0,2295.0,,31.88,412.0,5652.0,6064.0,,1239.3,704.0,4812.0,5516.0
317,19.78,346.0,1884.0,2230.0,,31.31,2004.0,3563.0,5567.0,,12.35,3720.0,2202.0,5922.0
318,18.68,412.0,1883.0,2295.0,,1062.36,692.0,5078.0,5770.0,,9.07,412.0,4746.0,5158.0
319,19.04,412.0,1883.0,2295.0,,27.65,412.0,5011.0,5423.0,,1022.05,692.0,4810.0,5502.0
320,18.64,412.0,1884.0,2296.0,,27.99,412.0,5012.0,5424.0,,1012.93,692.0,4812.0,5504.0
321,18.49,412.0,1884.0,2296.0,,27.95,412.0,5011.0,5423.0,,9.46,412.0,4746.0,5158.0
322,18.48,412.0,1884.0,2296.0,,27.71,412.0,5012.0,5424.0,,9.2,412.0,4745.0,5157.0
323,18.42,412.0,1884.0,2296.0,,28.25,412.0,5011.0,5423.0,,9.75,412.0,4745.0,5157.0
324,18.25,412.0,1884.0,2296.0,,27.87,412.0,5011.0,5423.0,,1018.79,692.0,4811.0,5503.0
325,18.5,412.0,1884.0,2296.0,,28.47,412.0,5011.0,5423.0,,11.53,1032.0,4746.0,5778.0
326,18.56,412.0,1883.0,2295.0,,28.13,412.0,5011.0,5423.0,,1047.11,692.0,4812.0,5504.0
327,19.71,412.0,1883.0,2295.0,,27.42,412.0,5010.0,5422.0,,9.91,412.0,4746.0,5158.0
328,18.56,412.0,1883.0,2295.0,,28.22,412.0,5012.0,5424.0,,9.06,412.0,4745.0,5157.0
329,19.29,412.0,1883.0,2295.0,,1071.24,552.0,5078.0,5630.0,,9.99,412.0,4746.0,5158.0
330,18.59,412.0,1883.0,2295.0,,28.36,412.0,5012.0,5424.0,,1016.34,692.0,4812.0,5504.0
331,18.75,412.0,1883.0,2295.0,,26.84,412.0,5012.0,5424.0,,9.6,346.0,4746.0,5092.0
332,19.35,412.0,1884.0,2296.0,,26.86,412.0,5012.0,5424.0,,9.14,412.0,4746.0,5158.0
333,19.17,412.0,1883.0,2295.0,,26.39,1165.0,5012.0,6177.0,,10.04,412.0,4746.0,5158.0
334,20.92,412.0,1884.0,2296.0,,26.91,412.0,5011.0,5423.0,,12.73,2004.0,3296.0,5300.0
335,19.05,412.0,1883.0,2295.0,,27.82,412.0,5011.0,5423.0,,8.8,412.0,4746.0,5158.0
336,21.35,346.0,1883.0,2229.0,,27.92,412.0,5012.0,5424.0,,8.81,412.0,4745.0,5157.0
337,1070.83,486.0,1884.0,2370.0,,234.69,478.0,5077.0,5555.0,,8.66,412.0,4745.0,5157.0
338,18.44,346.0,1883.0,2229.0,,1081.15,692.0,5077.0,5769.0,,8.57,412.0,4745.0,5157.0
339,18.63,412.0,1884.0,2296.0,,1078.47,692.0,5077.0,5769.0,,8.5,412.0,4746.0,5158.0
340,20.0,412.0,1883.0,2295.0,,26.71,412.0,5011.0,5423.0,,8.36,412.0,4745.0,5157.0
341,224.15,412.0,1883.0,2295.0,,26.81,412.0,5012.0,5424.0,,1014.11,692.0,4812.0,5504.0
342,18.13,412.0,1883.0,2295.0,,1067.88,552.0,5077.0,5629.0,,9.03,412.0,4746.0,5158.0
343,19.67,412.0,1884.0,2296.0,,28.05,412.0,5011.0,5423.0,,9.0,412.0,4746.0,5158.0
344,20.77,412.0,1883.0,2295.0,,27.68,412.0,5011.0,5423.0,,8.91,412.0,4746.0,5158.0
345,18.91,412.0,1883.0,2295.0,,28.44,412.0,5011.0,5423.0,,1018.67,486.0,4812.0,5298.0
346,19.4,412.0,1882.0,2294.0,,27.0,412.0,5011.0,5423.0,,9.14,412.0,4746.0,5158.0
347,19.34,412.0,1884.0,2296.0,,26.97,412.0,5012.0,5424.0,,11.07,412.0,4744.0,5156.0
348,18.98,412.0,1883.0,2295.0,,27.63,412.0,5011.0,5423.0,,11.27,412.0,4746.0,5158.0
349,18.92,412.0,1884.0,2296.0,,27.25,412.0,5012.0,5424.0,,9.1,346.0,4746.0,5092.0
350,19.51,412.0,1883.0,2295.0,,27.34,412.0,5011.0,5423.0,,10.3,412.0,4745.0,5157.0
351,27.59,412.0,1882.0,2294.0,,26.54,412.0,5011.0,5423.0,,11.5,412.0,4745.0,5157.0
352,1078.67,626.0,1883.0,2509.0,,27.39,412.0,5011.0,5423.0,,8.96,412.0,4746.0,5158.0
353,228.24,412.0,1884.0,2296.0,,26.71,412.0,5011.0,5423.0,,219.46,2004.0,3296.0,5300.0
354,1028.65,626.0,1884.0,2510.0,,27.97,412.0,5011.0,5423.0,,9.24,412.0,4746.0,5158.0
355,1076.85,560.0,1883.0,2443.0,,31.18,412.0,5012.0,5424.0,,8.78,412.0,4745.0,5157.0
356,18.49,412.0,1884.0,2296.0,,28.84,412.0,5012.0,5424.0,,8.99,412.0,4744.0,5156.0
357,18.51,412.0,1884.0,2296.0,,1052.3,486.0,5077.0,5563.0,,1222.26,626.0,4811.0,5437.0
358,18.99,412.0,1884.0,2296.0,,28.48,1165.0,5011.0,6176.0,,9.06,412.0,4746.0,5158.0
359,224.24,412.0,1883.0,2295.0,,28.78,412.0,5011.0,5423.0,,9.35,412.0,4746.0,5158.0
360,1284.05,626.0,1884.0,2510.0,,27.97,1165.0,5011.0,6176.0,,9.4,412.0,4746.0,5158.0
361,21.57,412.0,1884.0,2296.0,,28.35,412.0,5011.0,5423.0,,8.67,412.0,4746.0,5158.0
362,19.74,412.0,1884.0,2296.0,,28.28,412.0,5010.0,5422.0,,8.83,412.0,4745.0,5157.0
363,18.57,346.0,1884.0,2230.0,,27.45,412.0,5012.0,5424.0,,8.87,412.0,4745.0,5157.0
364,21.14,412.0,1883.0,2295.0,,27.49,412.0,5011.0,5423.0,,9.05,412.0,4746.0,5158.0
365,19.14,412.0,1884.0,2296.0,,850.81,478.0,5077.0,5555.0,,12.72,412.0,4746.0,5158.0
366,19.7,412.0,1883.0,2295.0,,1034.72,692.0,5077.0,5769.0,,8.91,412.0,4746.0,5158.0
367,18.82,412.0,1884.0,2296.0,,27.63,412.0,5011.0,5423.0,,1013.01,692.0,4811.0,5503.0
368,19.12,412.0,1884.0,2296.0,,27.14,1165.0,5011.0,6176.0,,8.63,412.0,4745.0,5157.0
369,25.55,412.0,1883.0,2295.0,,27.7,412.0,5011.0,5423.0,,8.51,412.0,4746.0,5158.0
370,28.08,412.0,1884.0,2296.0,,26.58,412.0,5012.0,5424.0,,8.76,412.0,4746.0,5158.0
371,20.67,412.0,1883.0,2295.0,,1055.25,692.0,5078.0,5770.0,,8.78,412.0,4746.0,5158.0
372,22.45,412.0,1883.0,2295.0,,28.51,412.0,5012.0,5424.0,,8.72,412.0,4746.0,5158.0
373,223.07,412.0,1883.0,2295.0,,27.66,1165.0,5012.0,6177.0,,8.67,412.0,4745.0,5157.0
374,18.53,346.0,1883.0,2229.0,,27.62,412.0,5010.0,5422.0,,8.71,412.0,4746.0,5158.0
375,19.17,412.0,1883.0,2295.0,,30.83,412.0,5010.0,5422.0,,8.76,412.0,4745.0,5157.0
376,220.47,412.0,1884.0,2296.0,,27.42,412.0,5011.0,5423.0,,8.67,412.0,4746.0,5158.0
377,1045.88,626.0,1883.0,2509.0,,28.64,412.0,5012.0,5424.0,,1040.53,692.0,4811.0,5503.0
378,23.45,412.0,1884.0,2296.0,,27.27,412.0,5012.0,5424.0,,8.72,412.0,4746.0,5158.0
379,19.06,412.0,1883.0,2295.0,,27.08,412.0,5011.0,5423.0,,9.16,346.0,4746.0,5092.0
380,19.35,412.0,1883.0,2295.0,,29.17,412.0,5012.0,5424.0,,8.95,412.0,4745.0,5157.0
381,223.79,412.0,1884.0,2296.0,,28.13,412.0,5011.0,5423.0,,8.82,412.0,4746.0,5158.0
382,20.51,412.0,1884.0,2296.0,,27.45,412.0,5011.0,5423.0,,9.83,412.0,4746.0,5158.0
383,18.84,412.0,1884.0,2296.0,,27.05,412.0,5011.0,5423.0,,1046.37,626.0,4812.0,5438.0
384,18.74,412.0,1883.0,2295.0,,27.3,412.0,5012.0,5424.0,,8.73,412.0,4746.0,5158.0
385,18.67,412.0,1883.0,2295.0,,27.84,412.0,5010.0,5422.0,,8.45,412.0,4745.0,5157.0
386,18.36,412.0,1884.0,2296.0,,27.59,412.0,5011.0,5423.0,,8.71,412.0,4746.0,5158.0
387,18.83,412.0,1882.0,2294.0,,28.49,1165.0,5012.0,6177.0,,8.4,412.0,4746.0,5158.0
388,18.64,412.0,1883.0,2295.0,,1033.9,692.0,5078.0,5770.0,,1070.1,692.0,4812.0,5504.0
389,18.49,412.0,1884.0,2296.0,,237.4,478.0,5077.0,5555.0,,218.16,3719.0,2202.0,5921.0
390,1032.77,626.0,1883.0,2509.0,,29.93,412.0,5012.0,5424.0,,9.01,412.0,4745.0,5157.0
391,20.8,412.0,1884.0,2296.0,,31.18,412.0,5010.0,5422.0,,9.73,412.0,4746.0,5158.0
392,1043.74,560.0,1884.0,2444.0,,28.23,412.0,5012.0,5424.0,,17.05,2004.0,3297.0,5301.0
393,20.56,412.0,1883.0,2295.0,,31.88,2004.0,3564.0,5568.0,,8.92,412.0,4745.0,5157.0
394,18.56,412.0,1884.0,2296.0,,29.5,412.0,5012.0,5424.0,,16.08,2004.0,3298.0,5302.0
395,18.57,346.0,1884.0,2230.0,,29.79,412.0,5011.0,5423.0,,9.35,412.0,4745.0,5157.0
396,19.88,412.0,1883.0,2295.0,,28.33,412.0,5012.0,5424.0,,11.08,412.0,4744.0,5156.0
397,223.29,412.0,1884.0,2296.0,,27.71,412.0,5010.0,5422.0,,13.39,412.0,4746.0,5158.0
398,22.37,412.0,1884.0,2296.0,,28.54,412.0,5012.0,5424.0,,9.11,412.0,4746.0,5158.0
399,20.05,412.0,1883.0,2295.0,,37.1,2004.0,3564.0,5568.0,,12.78,412.0,4746.0,5158.0
400,18.78,412.0,1884.0,2296.0,,1050.39,692.0,5078.0,5770.0,,8.62,346.0,4746.0,5092.0
401,23.1,412.0,1884.0,2296.0,,37.9,412.0,5012.0,5424.0,,1043.93,692.0,4811.0,5503.0
402,1248.83,626.0,1882.0,2508.0,,28.12,412.0,5012.0,5424.0,,1014.0,692.0,4811.0,5503.0
403,19.36,412.0,2526.0,2938.0,,30.57,412.0,5011.0,5423.0,,12.9,2004.0,3298.0,5302.0
404,20.64,412.0,1884.0,2296.0,,27.52,412.0,5010.0,5422.0,,8.86,412.0,4745.0,5157.0
405,18.88,346.0,1882.0,2228.0,,30.03,412.0,5010.0,5422.0,,9.15,412.0,4745.0,5157.0
406,222.35,412.0,1882.0,2294.0,,31.22,412.0,5011.0,5423.0,,12.94,2004.0,3297.0,5301.0
407,1054.65,626.0,1884.0,2510.0,,29.26,412.0,5012.0,5424.0,,8.72,412.0,4746.0,5158.0
408,20.55,412.0,1883.0,2295.0,,33.54,412.0,5010.0,5422.0,,9.83,412.0,4745.0,5157.0
409,1253.35,626.0,1884.0,2510.0,,35.23,2004.0,3562.0,5566.0,,10.5,412.0,4746.0,5158.0
410,19.84,412.0,1884.0,2296.0,,239.03,2004.0,3564.0,5568.0,,10.46,412.0,4746.0,5158.0
411,19.32,412.0,1883.0,2295.0,,44.32,412.0,5012.0,5424.0,,11.72,346.0,4746.0,5092.0
412,18.99,412.0,1884.0,2296.0,,29.22,412.0,5012.0,5424.0,,9.8,412.0,4746.0,5158.0
413,228.0,412.0,1884.0,2296.0,,1050.53,626.0,5078.0,5704.0,,1265.66,704.0,4812.0,5516.0
414,18.75,412.0,1884.0,2296.0,,29.58,412.0,5012.0,5424.0,,8.95,412.0,4745.0,5157.0
415,18.45,412.0,1884.0,2296.0,,28.36,1165.0,5012.0,6177.0,,8.75,412.0,4746.0,5158.0
416,20.21,412.0,1884.0,2296.0,,36.5,412.0,5012.0,5424.0,,8.83,412.0,4746.0,5158.0
417,22.87,346.0,1884.0,2230.0,,27.87,412.0,5011.0,5423.0,,8.69,412.0,4745.0,5157.0
418,19.33,412.0,1883.0,2295.0,,27.69,412.0,5011.0,5423.0,,9.26,412.0,4746.0,5158.0
419,18.9,412.0,1883.0,2295.0,,1054.74,692.0,5078.0,5770.0,,8.64,412.0,4746.0,5158.0
420,18.67,412.0,1884.0,2296.0,,31.83,2004.0,3563.0,5567.0,,1014.26,692.0,4812.0,5504.0
421,1039.01,560.0,1884.0,2444.0,,27.53,412.0,5012.0,5424.0,,4578.67,552.0,4812.0,5364.0
422,21.64,412.0,1884.0,2296.0,,28.0,1165.0,5012.0,6177.0,,8.71,346.0,4744.0,5090.0
423,21.36,412.0,1884.0,2296.0,,27.92,412.0,5012.0,5424.0,,8.71,346.0,4745.0,5091.0
424,21.18,412.0,1883.0,2295.0,,32.35,2004.0,3564.0,5568.0,,8.58,412.0,4746.0,5158.0
425,21.25,412.0,1884.0,2296.0,,1069.05,692.0,5077.0,5769.0,,1022.27,626.0,4812.0,5438.0
426,226.76,412.0,1883.0,2295.0,,30.05,1165.0,5012.0,6177.0,,1012.35,692.0,4812.0,5504.0
427,19.83,412.0,1883.0,2295.0,,30.57,412.0,5012.0,5424.0,,1012.39,692.0,4812.0,5504.0
428,19.49,412.0,1884.0,2296.0,,28.31,1165.0,5012.0,6177.0,,9.66,346.0,4746.0,5092.0
429,225.28,412.0,1884.0,2296.0,,28.38,412.0,5012.0,5424.0,,8.84,412.0,4746.0,5158.0
430,18.98,412.0,1884.0,2296.0,,27.75,412.0,5011.0,5423.0,,8.65,346.0,4746.0,5092.0
431,20.52,412.0,1882.0,2294.0,,1067.62,692.0,5077.0,5769.0,,1020.8,692.0,4811.0,5503.0
432,1055.27,626.0,1884.0,2510.0,,27.55,412.0,5011.0,5423.0,,8.9,412.0,4745.0,5157.0
433,221.17,412.0,1884.0,2296.0,,27.43,412.0,5011.0,5423.0,,9.22,412.0,4745.0,5157.0
434,21.21,346.0,1883.0,2229.0,,28.25,412.0,5012.0,5424.0,,8.95,412.0,4746.0,5158.0
435,21.81,412.0,1884.0,2296.0,,26.61,412.0,5011.0,5423.0,,8.87,412.0,4746.0,5158.0
436,20.27,412.0,1883.0,2295.0,,26.92,412.0,5011.0,5423.0,,12.59,412.0,4746.0,5158.0
437,19.34,346.0,1883.0,2229.0,,28.77,412.0,5012.0,5424.0,,8.81,346.0,4746.0,5092.0
438,21.79,412.0,1883.0,2295.0,,36.46,412.0,5012.0,5424.0,,9.04,412.0,4746.0,5158.0
439,19.14,412.0,1884.0,2296.0,,36.35,1165.0,5012.0,6177.0,,8.96,412.0,4745.0,5157.0
440,227.28,412.0,1884.0,2296.0,,30.45,412.0,5011.0,5423.0,,9.06,412.0,4746.0,5158.0
441,18.96,412.0,1883.0,2295.0,,1091.68,692.0,5078.0,5770.0,,8.56,412.0,4745.0,5157.0
442,19.09,412.0,1882.0,2294.0,,27.49,412.0,5010.0,5422.0,,8.85,412.0,4745.0,5157.0
443,20.85,346.0,1883.0,2229.0,,27.59,412.0,5011.0,5423.0,,1052.21,692.0,4812.0,5504.0
444,20.27,412.0,1884.0,2296.0,,28.01,412.0,5012.0,5424.0,,1218.8,704.0,4812.0,5516.0
445,20.07,412.0,1884.0,2296.0,,35.77,412.0,5012.0,5424.0,,8.95,412.0,4746.0,5158.0
446,21.94,412.0,1884.0,2296.0,,31.05,412.0,5012.0,5424.0,,9.05,412.0,4745.0,5157.0
447,27.56,412.0,1883.0,2295.0,,29.27,412.0,5012.0,5424.0,,8.59,346.0,4746.0,5092.0
448,20.77,412.0,1882.0,2294.0,,28.52,412.0,5011.0,5423.0,,10.01,412.0,4745.0,5157.0
449,19.4,412.0,1882.0,2294.0,,27.35,412.0,5010.0,5422.0,,8.71,412.0,4746.0,5158.0
450,19.36,412.0,1884.0,2296.0,,29.39,412.0,5011.0,5423.0,,8.97,346.0,4746.0,5092.0
451,19.61,412.0,1884.0,2296.0,,28.97,412.0,5011.0,5423.0,,8.98,412.0,4745.0,5157.0
452,1020.02,486.0,1884.0,2370.0,,36.77,2004.0,3564.0,5568.0,,8.5,412.0,4744.0,5156.0
453,18.45,412.0,1882.0,2294.0,,28.72,412.0,5011.0,5423.0,,8.78,412.0,4746.0,5158.0
454,226.18,412.0,1883.0,2295.0,,31.41,2004.0,3564.0,5568.0,,8.43,346.0,4746.0,5092.0
455,20.71,412.0,1882.0,2294.0,,27.62,1165.0,5012.0,6177.0,,8.69,412.0,4746.0,5158.0
456,21.15,346.0,1883.0,2229.0,,32.62,412.0,5011.0,5423.0,,8.54,412.0,4745.0,5157.0
457,19.84,412.0,1884.0,2296.0,,30.81,412.0,5011.0,5423.0,,8.66,412.0,4746.0,5158.0
458,20.89,412.0,1884.0,2296.0,,36.34,412.0,5011.0,5423.0,,8.77,412.0,4744.0,5156.0
459,18.91,412.0,1884.0,2296.0,,27.69,412.0,5012.0,5424.0,,9.01,412.0,4745.0,5157.0
460,24.06,412.0,1884.0,2296.0,,28.81,412.0,5011.0,5423.0,,221.79,3719.0,2202.0,5921.0
461,1066.86,486.0,1882.0,2368.0,,34.23,412.0,5012.0,5424.0,,9.32,412.0,4744.0,5156.0
462,20.65,412.0,1882.0,2294.0,,28.35,412.0,5653.0,6065.0,,1042.64,552.0,4812.0,5364.0
463,18.62,412.0,1884.0,2296.0,,27.12,1165.0,5011.0,6176.0,,1012.38,692.0,4811.0,5503.0
464,18.87,412.0,1884.0,2296.0,,235.89,478.0,5078.0,5556.0,,9.32,412.0,4745.0,5157.0
465,1047.07,626.0,1884.0,2510.0,,27.06,412.0,5012.0,5424.0,,12.87,2004.0,3297.0,5301.0
466,20.35,412.0,1884.0,2296.0,,26.79,412.0,5012.0,5424.0,,8.92,412.0,4745.0,5157.0
467,19.3,346.0,1884.0,2230.0,,27.09,412.0,5010.0,5422.0,,8.93,412.0,4746.0,5158.0
468,1080.01,486.0,1884.0,2370.0,,27.2,1165.0,5012.0,6177.0,,8.65,412.0,4746.0,5158.0
469,20.64,412.0,1884.0,2296.0,,243.35,5552.0,2335.0,7887.0,,8.71,412.0,4745.0,5157.0
470,18.22,412.0,1884.0,2296.0,,28.64,412.0,5011.0,5423.0,,9.2,412.0,4745.0,5157.0
471,18.94,412.0,1884.0,2296.0,,1084.48,692.0,5078.0,5770.0,,218.66,478.0,4812.0,5290.0
472,1053.93,626.0,1884.0,2510.0,,32.28,412.0,5012.0,5424.0,,9.73,412.0,4745.0,5157.0
473,19.07,412.0,1884.0,2296.0,,35.62,412.0,5011.0,5423.0,,9.2,412.0,4745.0,5157.0
474,1049.11,486.0,1883.0,2369.0,,29.45,1165.0,5012.0,6177.0,,1049.86,692.0,4812.0,5504.0
475,19.1,412.0,1883.0,2295.0,,1073.8,626.0,5078.0,5704.0,,8.96,412.0,4746.0,5158.0
476,19.09,412.0,1883.0,2295.0,,4631.31,692.0,5078.0,5770.0,,1059.25,692.0,4812.0,5504.0
477,18.71,412.0,1882.0,2294.0,,32.1,412.0,5011.0,5423.0,,12.42,2004.0,3297.0,5301.0
478,220.19,2228.0,775.0,3003.0,,32.01,412.0,5012.0,5424.0,,8.55,412.0,4746.0,5158.0
479,18.84,412.0,1883.0,2295.0,,32.13,412.0,5011.0,5423.0,,9.11,412.0,4745.0,5157.0
480,18.68,412.0,1884.0,2296.0,,235.92,1231.0,5077.0,6308.0,,1016.93,486.0,4811.0,5297.0
481,22.72,412.0,1884.0,2296.0,,1284.09,704.0,5078.0,5782.0,,218.48,478.0,4812.0,5290.0
482,18.46,412.0,1883.0,2295.0,,27.86,412.0,5011.0,5423.0,,8.81,412.0,4746.0,5158.0
483,222.37,412.0,1882.0,2294.0,,28.87,412.0,5011.0,5423.0,,8.64,412.0,4746.0,5158.0
484,27.27,412.0,1884.0,2296.0,,31.16,412.0,5012.0,5424.0,,8.72,412.0,4746.0,5158.0
485,19.91,412.0,1883.0,2295.0,,28.85,412.0,5012.0,5424.0,,1053.55,626.0,4811.0,5437.0
486,4608.36,486.0,1884.0,2370.0,,1091.63,692.0,5077.0,5769.0,,8.8,412.0,4746.0,5158.0
487,18.58,412.0,1884.0,2296.0,,1077.13,692.0,5078.0,5770.0,,9.84,412.0,4745.0,5157.0
488,20.7,412.0,1884.0,2296.0,,29.31,412.0,5012.0,5424.0,,8.82,346.0,4746.0,5092.0
489,20.51,412.0,1883.0,2295.0,,31.25,412.0,5012.0,5424.0,,9.05,412.0,4746.0,5158.0
490,1041.3,626.0,1884.0,2510.0,,1257.5,692.0,5077.0,5769.0,,11.55,412.0,4745.0,5157.0
491,23.09,412.0,1884.0,2296.0,,30.21,412.0,5012.0,5424.0,,11.31,954.0,4746.0,5700.0
492,20.63,412.0,1882.0,2294.0,,31.94,412.0,5012.0,5424.0,,9.21,412.0,4745.0,5157.0
493,18.92,412.0,1884.0,2296.0,,27.8,412.0,5011.0,5423.0,,8.86,412.0,4746.0,5158.0
494,18.99,412.0,1884.0,2296.0,,27.59,412.0,5012.0,5424.0,,12.53,2004.0,3298.0,5302.0
495,22.11,412.0,1883.0,2295.0,,31.25,2004.0,3562.0,5566.0,,9.32,412.0,4746.0,5158.0
496,18.93,412.0,1883.0,2295.0,,30.0,412.0,5012.0,5424.0,,8.92,346.0,4746.0,5092.0
497,19.11,412.0,1883.0,2295.0,,28.03,1165.0,5012.0,6177.0,,8.93,346.0,4746.0,5092.0
498,23.8,412.0,1884.0,2296.0,,27.9,412.0,5012.0,5424.0,,8.99,412.0,4746.0,5158.0
499,18.82,412.0,1883.0,2295.0,,27.93,1165.0,5012.0,6177.0,,9.77,412.0,4745.0,5157.0
500,18.56,412.0,1884.0,2296.0,,27.82,412.0,5012.0,5424.0,,9.03,412.0,4744.0,5156.0
