KEM_ALG,Handshake_ID,Bytes_Total
P-256,1,1330
P-256,2,1330
P-256,3,1330
P-256,4,1330
P-256,5,1330
P-256,6,1330
P-256,7,1330
P-256,8,1330
P-256,9,1330
P-256,10,1330
P-256,11,1330
P-256,12,1330
P-256,13,1330
P-256,14,1330
P-256,15,1330
P-256,16,1330
P-256,17,1330
P-256,18,1330
P-256,19,1330
P-256,20,1330
P-256,21,1330
P-256,22,1330
P-256,23,1330
P-256,24,1330
P-256,25,1330
P-256,26,1330
P-256,27,1330
P-256,28,1330
P-256,29,1330
P-256,30,1330
P-256,31,1330
P-256,32,1330
P-256,33,1330
P-256,34,1330
P-256,35,1330
P-256,36,1330
P-256,37,1330
P-256,38,1330
P-256,39,1330
P-256,40,1330
P-256,41,1330
P-256,42,1330
P-256,43,1330
P-256,44,1330
P-256,45,1330
P-256,46,1330
P-256,47,1330
P-256,48,1330
P-256,49,1330
P-256,50,1330
P-256,51,1330
P-256,52,1330
P-256,53,1330
P-256,54,1330
P-256,55,1330
P-256,56,1330
P-256,57,1330
P-256,58,1330
P-256,59,1330
P-256,60,1330
P-256,61,1330
P-256,62,707
P-256,63,1330
P-256,64,1330
P-256,65,1330
P-256,66,1330
P-256,67,1330
P-256,68,1330
P-256,69,1330
P-256,70,1330
P-256,71,1330
P-256,72,1330
P-256,73,1330
P-256,74,1330
P-256,75,1330
P-256,76,1330
P-256,77,1330
P-256,78,1330
P-256,79,1330
P-256,80,1330
P-256,81,1330
P-256,82,1330
P-256,83,1330
P-256,84,1330
P-256,85,1330
P-256,86,1330
P-256,87,1330
P-256,88,1330
P-256,89,1330
P-256,90,1330
P-256,91,1330
P-256,92,707
P-256,93,1330
P-256,94,1330
P-256,95,1330
P-256,96,1330
P-256,97,1330
P-256,98,1330
P-256,99,1330
P-256,100,1330
P-256,101,707
P-256,102,1330
P-256,103,1330
P-256,104,1330
P-256,105,1330
P-256,106,1330
P-256,107,1330
P-256,108,1330
P-256,109,1330
P-256,110,1330
P-256,111,1330
P-256,112,1330
P-256,113,1330
P-256,114,1330
P-256,115,1330
P-256,116,1330
P-256,117,707
P-256,118,1330
P-256,119,1330
P-256,120,1330
P-256,121,1330
P-256,122,1330
P-256,123,1330
P-256,124,1330
P-256,125,1330
P-256,126,1330
P-256,127,1330
P-256,128,1330
P-256,129,1330
P-256,130,1330
P-256,131,1330
P-256,132,1330
P-256,133,1330
P-256,134,1330
P-256,135,1330
P-256,136,1330
P-256,137,1330
P-256,138,1330
P-256,139,1330
P-256,140,1330
P-256,141,1330
P-256,142,1330
P-256,143,1330
P-256,144,1330
P-256,145,1330
P-256,146,707
P-256,147,1330
P-256,148,1330
P-256,149,1330
P-256,150,1330
P-256,151,1330
P-256,152,1330
P-256,153,1330
P-256,154,1330
P-256,155,1330
P-256,156,1330
P-256,157,1330
P-256,158,1330
P-256,159,1330
P-256,160,1330
P-256,161,1330
P-256,162,1330
P-256,163,1330
P-256,164,1330
P-256,165,1330
P-256,166,707
P-256,167,1330
P-256,168,1330
P-256,169,1330
P-256,170,1330
P-256,171,1330
P-256,172,1330
P-256,173,1330
P-256,174,1330
P-256,175,1330
P-256,176,1330
P-256,177,1330
P-256,178,1330
P-256,179,1330
P-256,180,1330
P-256,181,1330
P-256,182,1330
P-256,183,1330
P-256,184,1330
P-256,185,1330
P-256,186,1330
P-256,187,1330
P-256,188,1330
P-256,189,1330
P-256,190,1330
P-256,191,1330
P-256,192,1330
P-256,193,1330
P-256,194,1330
P-256,195,1330
P-256,196,1330
P-256,197,1330
P-256,198,1330
P-256,199,1330
P-256,200,1330
P-256,201,1330
P-256,202,1330
P-256,203,1330
P-256,204,1330
P-256,205,1330
P-256,206,1330
P-256,207,1330
P-256,208,707
P-256,209,1330
P-256,210,1330
P-256,211,1330
P-256,212,1330
P-256,213,1330
P-256,214,1330
P-256,215,1330
P-256,216,1330
P-256,217,1330
P-256,218,1330
P-256,219,1330
P-256,220,1330
P-256,221,1330
P-256,222,1330
P-256,223,1330
P-256,224,1330
P-256,225,1330
P-256,226,1330
P-256,227,1330
P-256,228,1330
P-256,229,1330
P-256,230,707
P-256,231,1330
P-256,232,707
P-256,233,1330
P-256,234,1330
P-256,235,1330
P-256,236,1330
P-256,237,1330
P-256,238,707
P-256,239,1330
P-256,240,1330
P-256,241,1330
P-256,242,1330
P-256,243,1330
P-256,244,1330
P-256,245,1330
P-256,246,1330
P-256,247,1330
P-256,248,1330
P-256,249,1330
P-256,250,1330
P-256,251,1330
P-256,252,1330
P-256,253,1330
P-256,254,1330
P-256,255,707
P-256,256,1330
P-256,257,1330
P-256,258,1330
P-256,259,1330
P-256,260,1330
P-256,261,1330
P-256,262,1330
P-256,263,1330
P-256,264,1330
P-256,265,1330
P-256,266,1330
P-256,267,1330
P-256,268,1330
P-256,269,1330
P-256,270,1330
P-256,271,1330
P-256,272,1330
P-256,273,1330
P-256,274,1330
P-256,275,1330
P-256,276,1330
P-256,277,1330
P-256,278,1330
P-256,279,1330
P-256,280,1330
P-256,281,1330
P-256,282,1330
P-256,283,1330
P-256,284,1330
P-256,285,1330
P-256,286,1330
P-256,287,1330
P-256,288,1330
P-256,289,1330
P-256,290,1330
P-256,291,1330
P-256,292,1330
P-256,293,1330
P-256,294,1330
P-256,295,1330
P-256,296,1330
P-256,297,1330
P-256,298,1330
P-256,299,1330
P-256,300,1330
P-256,301,1330
P-256,302,1330
P-256,303,1330
P-256,304,1330
P-256,305,1330
P-256,306,1330
P-256,307,1330
P-256,308,1330
P-256,309,1330
P-256,310,1330
P-256,311,1330
P-256,312,1330
P-256,313,707
P-256,314,1330
P-256,315,1330
P-256,316,1330
P-256,317,1330
P-256,318,1330
P-256,319,1330
P-256,320,1330
P-256,321,1330
P-256,322,1330
P-256,323,1330
P-256,324,1330
P-256,325,1330
P-256,326,1330
P-256,327,1330
P-256,328,1330
P-256,329,1330
P-256,330,1330
P-256,331,1330
P-256,332,1330
P-256,333,1330
P-256,334,1330
P-256,335,1330
P-256,336,1330
P-256,337,1330
P-256,338,1330
P-256,339,1330
P-256,340,1330
P-256,341,1330
P-256,342,1330
P-256,343,1330
P-256,344,1330
P-256,345,1330
P-256,346,1330
P-256,347,1330
P-256,348,1330
P-256,349,1330
P-256,350,1330
P-256,351,1330
P-256,352,1330
P-256,353,1330
P-256,354,1330
P-256,355,1330
P-256,356,1330
P-256,357,1330
P-256,358,1330
P-256,359,1330
P-256,360,1330
P-256,361,1330
P-256,362,1330
P-256,363,1330
P-256,364,1330
P-256,365,1330
P-256,366,1330
P-256,367,1330
P-256,368,707
P-256,369,1330
P-256,370,1330
P-256,371,1330
P-256,372,1330
P-256,373,1330
P-256,374,1330
P-256,375,1330
P-256,376,1330
P-256,377,1330
P-256,378,1330
P-256,379,1330
P-256,380,1330
P-256,381,1330
P-256,382,1330
P-256,383,1330
P-256,384,1330
P-256,385,1330
P-256,386,1330
P-256,387,1330
P-256,388,1330
P-256,389,1330
P-256,390,707
P-256,391,1330
P-256,392,1330
P-256,393,1330
P-256,394,1330
P-256,395,1330
P-256,396,1330
P-256,397,1330
P-256,398,1330
P-256,399,1330
P-256,400,1330
P-256,401,1330
P-256,402,1330
P-256,403,1330
P-256,404,1330
P-256,405,1330
P-256,406,1330
P-256,407,1330
P-256,408,1330
P-256,409,1330
P-256,410,707
P-256,411,1330
P-256,412,1330
P-256,413,1330
P-256,414,1330
P-256,415,1330
P-256,416,1330
P-256,417,1330
P-256,418,1330
P-256,419,1330
P-256,420,707
P-256,421,1330
P-256,422,1330
P-256,423,1330
P-256,424,1330
P-256,425,1330
P-256,426,1330
P-256,427,707
P-256,428,1330
P-256,429,1330
P-256,430,1330
P-256,431,1330
P-256,432,1330
P-256,433,1330
P-256,434,1330
P-256,435,1330
P-256,436,1330
P-256,437,1330
P-256,438,1330
P-256,439,1330
P-256,440,1330
P-256,441,1330
P-256,442,1330
P-256,443,1330
P-256,444,1330
P-256,445,1330
P-256,446,1330
P-256,447,1330
P-256,448,1330
P-256,449,1330
P-256,450,1330
P-256,451,1330
P-256,452,1330
P-256,453,1330
P-256,454,1330
P-256,455,1330
P-256,456,1330
P-256,457,1330
P-256,458,1330
P-256,459,1330
P-256,460,1330
P-256,461,1330
P-256,462,1330
P-256,463,707
P-256,464,1330
P-256,465,1330
P-256,466,1330
P-256,467,1330
P-256,468,1330
P-256,469,1330
P-256,470,1330
P-256,471,1330
P-256,472,1330
P-256,473,1330
P-256,474,1330
P-256,475,1330
P-256,476,1330
P-256,477,1330
P-256,478,1330
P-256,479,1330
P-256,480,1330
P-256,481,1330
P-256,482,1330
P-256,483,1330
P-256,484,1330
P-256,485,1330
P-256,486,1330
P-256,487,1330
P-256,488,1330
P-256,489,1330
P-256,490,1330
P-256,491,1330
P-256,492,1330
P-256,493,1330
P-256,494,1330
P-256,495,1330
P-256,496,1330
P-256,497,1330
P-256,498,1330
P-256,499,1330
P-256,500,1330
x25519,1,1264
x25519,2,1264
x25519,3,1264
x25519,4,1264
x25519,5,1264
x25519,6,1264
x25519,7,1264
x25519,8,1264
x25519,9,1264
x25519,10,1264
x25519,11,1264
x25519,12,1264
x25519,13,1264
x25519,14,1264
x25519,15,1264
x25519,16,1264
x25519,17,1264
x25519,18,1264
x25519,19,1264
x25519,20,1264
x25519,21,1264
x25519,22,1264
x25519,23,1264
x25519,24,1264
x25519,25,1264
x25519,26,1264
x25519,27,1264
x25519,28,1264
x25519,29,1264
x25519,30,1264
x25519,31,1264
x25519,32,1264
x25519,33,1264
x25519,34,1264
x25519,35,1264
x25519,36,1264
x25519,37,1264
x25519,38,1264
x25519,39,1264
x25519,40,1264
x25519,41,1264
x25519,42,1264
x25519,43,1264
x25519,44,1264
x25519,45,1264
x25519,46,1264
x25519,47,1264
x25519,48,1264
x25519,49,1264
x25519,50,1264
x25519,51,1264
x25519,52,1264
x25519,53,1264
x25519,54,1264
x25519,55,1264
x25519,56,1264
x25519,57,1264
x25519,58,1264
x25519,59,1264
x25519,60,1264
x25519,61,1264
x25519,62,1264
x25519,63,674
x25519,64,1264
x25519,65,1264
x25519,66,1264
x25519,67,1264
x25519,68,1264
x25519,69,1264
x25519,70,1264
x25519,71,1264
x25519,72,1264
x25519,73,1264
x25519,74,1264
x25519,75,1264
x25519,76,1264
x25519,77,674
x25519,78,1264
x25519,79,1264
x25519,80,1264
x25519,81,1264
x25519,82,1264
x25519,83,1264
x25519,84,1264
x25519,85,1264
x25519,86,1264
x25519,87,1264
x25519,88,1264
x25519,89,1264
x25519,90,1264
x25519,91,674
x25519,92,1264
x25519,93,1264
x25519,94,1264
x25519,95,1264
x25519,96,1264
x25519,97,1264
x25519,98,1264
x25519,99,1264
x25519,100,1264
x25519,101,1264
x25519,102,1264
x25519,103,1264
x25519,104,1264
x25519,105,1264
x25519,106,1264
x25519,107,1264
x25519,108,1264
x25519,109,1264
x25519,110,1264
x25519,111,674
x25519,112,1264
x25519,113,1264
x25519,114,1264
x25519,115,674
x25519,116,1264
x25519,117,1264
x25519,118,1264
x25519,119,1264
x25519,120,1264
x25519,121,1264
x25519,122,1264
x25519,123,1264
x25519,124,1264
x25519,125,1264
x25519,126,1264
x25519,127,1264
x25519,128,1264
x25519,129,1264
x25519,130,1264
x25519,131,1264
x25519,132,1264
x25519,133,1264
x25519,134,1264
x25519,135,1264
x25519,136,1264
x25519,137,1264
x25519,138,1264
x25519,139,1264
x25519,140,1264
x25519,141,1264
x25519,142,1264
x25519,143,1264
x25519,144,1264
x25519,145,1264
x25519,146,1264
x25519,147,1264
x25519,148,1264
x25519,149,1264
x25519,150,1264
x25519,151,1264
x25519,152,1264
x25519,153,1264
x25519,154,1264
x25519,155,1264
x25519,156,1264
x25519,157,1264
x25519,158,1264
x25519,159,1264
x25519,160,1264
x25519,161,1264
x25519,162,1264
x25519,163,674
x25519,164,1264
x25519,165,674
x25519,166,1264
x25519,167,1264
x25519,168,1264
x25519,169,1264
x25519,170,1264
x25519,171,1264
x25519,172,1264
x25519,173,1264
x25519,174,1264
x25519,175,1264
x25519,176,1264
x25519,177,1264
x25519,178,1264
x25519,179,1264
x25519,180,1264
x25519,181,1264
x25519,182,1264
x25519,183,1264
x25519,184,1264
x25519,185,1264
x25519,186,1264
x25519,187,1264
x25519,188,1264
x25519,189,1264
x25519,190,1264
x25519,191,1264
x25519,192,1264
x25519,193,1264
x25519,194,1264
x25519,195,1264
x25519,196,1264
x25519,197,1264
x25519,198,1264
x25519,199,1264
x25519,200,1264
x25519,201,1264
x25519,202,1264
x25519,203,1264
x25519,204,1264
x25519,205,674
x25519,206,1264
x25519,207,1264
x25519,208,1264
x25519,209,1264
x25519,210,1264
x25519,211,1264
x25519,212,1264
x25519,213,1264
x25519,214,1264
x25519,215,1264
x25519,216,1264
x25519,217,1264
x25519,218,1264
x25519,219,1264
x25519,220,1264
x25519,221,1264
x25519,222,1264
x25519,223,1264
x25519,224,1264
x25519,225,674
x25519,226,1264
x25519,227,1264
x25519,228,1264
x25519,229,1264
x25519,230,1264
x25519,231,1264
x25519,232,674
x25519,233,1264
x25519,234,1264
x25519,235,1264
x25519,236,674
x25519,237,1264
x25519,238,1264
x25519,239,1264
x25519,240,1264
x25519,241,1264
x25519,242,1264
x25519,243,1264
x25519,244,1264
x25519,245,1264
x25519,246,1264
x25519,247,1264
x25519,248,1264
x25519,249,1264
x25519,250,1264
x25519,251,1264
x25519,252,1264
x25519,253,1264
x25519,254,1264
x25519,255,1264
x25519,256,1264
x25519,257,1264
x25519,258,1264
x25519,259,1264
x25519,260,1264
x25519,261,1264
x25519,262,1264
x25519,263,1264
x25519,264,1264
x25519,265,1264
x25519,266,1264
x25519,267,1264
x25519,268,1264
x25519,269,1264
x25519,270,1264
x25519,271,1264
x25519,272,1264
x25519,273,1264
x25519,274,1264
x25519,275,1264
x25519,276,1264
x25519,277,1264
x25519,278,1264
x25519,279,1264
x25519,280,1264
x25519,281,1264
x25519,282,1264
x25519,283,1264
x25519,284,1264
x25519,285,1264
x25519,286,1264
x25519,287,1264
x25519,288,1264
x25519,289,1264
x25519,290,1264
x25519,291,1264
x25519,292,1264
x25519,293,1264
x25519,294,1264
x25519,295,1264
x25519,296,1264
x25519,297,1264
x25519,298,1264
x25519,299,1264
x25519,300,1264
x25519,301,1264
x25519,302,1264
x25519,303,1264
x25519,304,1264
x25519,305,1264
x25519,306,1264
x25519,307,1264
x25519,308,1264
x25519,309,1264
x25519,310,1264
x25519,311,1264
x25519,312,1264
x25519,313,1264
x25519,314,1264
x25519,315,1264
x25519,316,1264
x25519,317,1264
x25519,318,1264
x25519,319,1264
x25519,320,1264
x25519,321,1264
x25519,322,1264
x25519,323,1264
x25519,324,1264
x25519,325,1264
x25519,326,1264
x25519,327,1264
x25519,328,1264
x25519,329,1264
x25519,330,1264
x25519,331,1264
x25519,332,1264
x25519,333,1264
x25519,334,1264
x25519,335,1264
x25519,336,1264
x25519,337,1264
x25519,338,1264
x25519,339,1264
x25519,340,1264
x25519,341,1264
x25519,342,1264
x25519,343,1264
x25519,344,1264
x25519,345,1264
x25519,346,1264
x25519,347,1264
x25519,348,1264
x25519,349,1264
x25519,350,1264
x25519,351,1264
x25519,352,1264
x25519,353,1264
x25519,354,1264
x25519,355,1264
x25519,356,1264
x25519,357,1264
x25519,358,1264
x25519,359,1264
x25519,360,1264
x25519,361,1264
x25519,362,1264
x25519,363,1264
x25519,364,1264
x25519,365,1264
x25519,366,1264
x25519,367,1264
x25519,368,1264
x25519,369,1264
x25519,370,1264
x25519,371,1264
x25519,372,1264
x25519,373,1264
x25519,374,1264
x25519,375,1264
x25519,376,1264
x25519,377,1264
x25519,378,1264
x25519,379,1264
x25519,380,1264
x25519,381,1264
x25519,382,1264
x25519,383,1264
x25519,384,1264
x25519,385,1264
x25519,386,1264
x25519,387,1264
x25519,388,1264
x25519,389,1264
x25519,390,1264
x25519,391,1264
x25519,392,1264
x25519,393,1264
x25519,394,1264
x25519,395,1264
x25519,396,1264
x25519,397,1264
x25519,398,1264
x25519,399,1264
x25519,400,1264
x25519,401,1264
x25519,402,1264
x25519,403,1264
x25519,404,1264
x25519,405,1264
x25519,406,1264
x25519,407,1264
x25519,408,1264
x25519,409,674
x25519,410,1264
x25519,411,1264
x25519,412,1264
x25519,413,1264
x25519,414,1264
x25519,415,674
x25519,416,1264
x25519,417,1264
x25519,418,1264
x25519,419,1264
x25519,420,1264
x25519,421,1264
x25519,422,1264
x25519,423,1264
x25519,424,1264
x25519,425,1264
x25519,426,1264
x25519,427,1264
x25519,428,1264
x25519,429,1264
x25519,430,1264
x25519,431,1264
x25519,432,1264
x25519,433,1264
x25519,434,1264
x25519,435,1264
x25519,436,1264
x25519,437,1264
x25519,438,1264
x25519,439,1264
x25519,440,1264
x25519,441,1264
x25519,442,1264
x25519,443,1264
x25519,444,1264
x25519,445,1264
x25519,446,1264
x25519,447,1264
x25519,448,1264
x25519,449,1264
x25519,450,1264
x25519,451,1264
x25519,452,1264
x25519,453,1264
x25519,454,1264
x25519,455,1264
x25519,456,1264
x25519,457,1264
x25519,458,1264
x25519,459,1264
x25519,460,1264
x25519,461,1264
x25519,462,1264
x25519,463,1264
x25519,464,1264
x25519,465,1264
x25519,466,1264
x25519,467,1264
x25519,468,1264
x25519,469,1264
x25519,470,1264
x25519,471,1264
x25519,472,1264
x25519,473,1264
x25519,474,1264
x25519,475,1264
x25519,476,1264
x25519,477,1264
x25519,478,1264
x25519,479,1264
x25519,480,1264
x25519,481,1264
x25519,482,674
x25519,483,1264
x25519,484,1264
x25519,485,1264
x25519,486,1264
x25519,487,1264
x25519,488,1264
x25519,489,1264
x25519,490,1264
x25519,491,1264
x25519,492,674
x25519,493,1264
x25519,494,1264
x25519,495,1264
x25519,496,1264
x25519,497,1264
x25519,498,1264
x25519,499,1264
p256_mlkem512,1,2890
p256_mlkem512,2,2890
p256_mlkem512,3,2890
p256_mlkem512,4,2890
p256_mlkem512,5,2890
p256_mlkem512,6,2890
p256_mlkem512,7,2890
p256_mlkem512,8,2890
p256_mlkem512,9,2890
p256_mlkem512,10,2890
p256_mlkem512,11,2890
p256_mlkem512,12,2890
p256_mlkem512,13,2890
p256_mlkem512,14,2890
p256_mlkem512,15,2890
p256_mlkem512,16,2890
p256_mlkem512,17,2890
p256_mlkem512,18,2890
p256_mlkem512,19,2890
p256_mlkem512,20,2890
p256_mlkem512,21,2890
p256_mlkem512,22,2890
p256_mlkem512,23,2890
p256_mlkem512,24,2890
p256_mlkem512,25,2890
p256_mlkem512,26,2890
p256_mlkem512,27,2890
p256_mlkem512,28,2890
p256_mlkem512,29,2890
p256_mlkem512,30,2890
p256_mlkem512,31,2890
p256_mlkem512,32,2890
p256_mlkem512,33,2890
p256_mlkem512,34,2890
p256_mlkem512,35,2890
p256_mlkem512,36,2890
p256_mlkem512,37,2890
p256_mlkem512,38,2890
p256_mlkem512,39,2890
p256_mlkem512,40,2890
p256_mlkem512,41,2890
p256_mlkem512,42,2890
p256_mlkem512,43,2890
p256_mlkem512,44,2890
p256_mlkem512,45,2890
p256_mlkem512,46,2890
p256_mlkem512,47,2890
p256_mlkem512,48,2890
p256_mlkem512,49,2890
p256_mlkem512,50,2890
p256_mlkem512,51,2890
p256_mlkem512,52,2890
p256_mlkem512,53,2890
p256_mlkem512,54,2890
p256_mlkem512,55,2890
p256_mlkem512,56,2890
p256_mlkem512,57,2890
p256_mlkem512,58,2890
p256_mlkem512,59,2890
p256_mlkem512,60,2890
p256_mlkem512,61,2890
p256_mlkem512,62,2890
p256_mlkem512,63,2890
p256_mlkem512,64,2890
p256_mlkem512,65,2890
p256_mlkem512,66,2890
p256_mlkem512,67,2890
p256_mlkem512,68,2890
p256_mlkem512,69,2890
p256_mlkem512,70,2890
p256_mlkem512,71,2890
p256_mlkem512,72,2890
p256_mlkem512,73,2890
p256_mlkem512,74,2890
p256_mlkem512,75,2890
p256_mlkem512,76,2890
p256_mlkem512,77,2890
p256_mlkem512,78,2890
p256_mlkem512,79,2890
p256_mlkem512,80,2890
p256_mlkem512,81,2890
p256_mlkem512,82,2890
p256_mlkem512,83,2890
p256_mlkem512,84,2890
p256_mlkem512,85,2890
p256_mlkem512,86,2890
p256_mlkem512,87,2890
p256_mlkem512,88,2890
p256_mlkem512,89,2890
p256_mlkem512,90,2890
p256_mlkem512,91,2890
p256_mlkem512,92,2890
p256_mlkem512,93,2890
p256_mlkem512,94,2890
p256_mlkem512,95,2890
p256_mlkem512,96,2890
p256_mlkem512,97,2890
p256_mlkem512,98,2890
p256_mlkem512,99,2890
p256_mlkem512,100,2890
p256_mlkem512,101,2890
p256_mlkem512,102,2890
p256_mlkem512,103,2890
p256_mlkem512,104,2890
p256_mlkem512,105,2890
p256_mlkem512,106,2890
p256_mlkem512,107,2890
p256_mlkem512,108,2890
p256_mlkem512,109,2890
p256_mlkem512,110,2890
p256_mlkem512,111,2890
p256_mlkem512,112,2890
p256_mlkem512,113,2890
p256_mlkem512,114,2890
p256_mlkem512,115,2890
p256_mlkem512,116,2890
p256_mlkem512,117,2890
p256_mlkem512,118,2890
p256_mlkem512,119,2890
p256_mlkem512,120,2890
p256_mlkem512,121,2890
p256_mlkem512,122,2890
p256_mlkem512,123,2890
p256_mlkem512,124,2890
p256_mlkem512,125,2890
p256_mlkem512,126,2890
p256_mlkem512,127,2890
p256_mlkem512,128,2890
p256_mlkem512,129,2890
p256_mlkem512,130,2890
p256_mlkem512,131,2890
p256_mlkem512,132,2890
p256_mlkem512,133,2890
p256_mlkem512,134,2890
p256_mlkem512,135,2890
p256_mlkem512,136,2890
p256_mlkem512,137,2890
p256_mlkem512,138,2890
p256_mlkem512,139,2890
p256_mlkem512,140,2890
p256_mlkem512,141,2890
p256_mlkem512,142,2890
p256_mlkem512,143,2890
p256_mlkem512,144,2890
p256_mlkem512,145,2890
p256_mlkem512,146,2890
p256_mlkem512,147,2890
p256_mlkem512,148,2890
p256_mlkem512,149,2890
p256_mlkem512,150,2890
p256_mlkem512,151,2890
p256_mlkem512,152,2890
p256_mlkem512,153,2890
p256_mlkem512,154,2890
p256_mlkem512,155,2890
p256_mlkem512,156,2890
p256_mlkem512,157,2890
p256_mlkem512,158,2890
p256_mlkem512,159,2890
p256_mlkem512,160,2890
p256_mlkem512,161,2890
p256_mlkem512,162,1499
p256_mlkem512,163,1499
p256_mlkem512,164,2867
p256_mlkem512,165,2890
p256_mlkem512,166,2890
p256_mlkem512,167,2867
p256_mlkem512,168,2890
p256_mlkem512,169,2867
p256_mlkem512,170,2890
p256_mlkem512,171,2890
p256_mlkem512,172,2867
p256_mlkem512,173,2867
p256_mlkem512,174,1499
p256_mlkem512,175,1499
p256_mlkem512,176,2890
p256_mlkem512,177,2890
p256_mlkem512,178,2890
p256_mlkem512,179,1499
p256_mlkem512,180,2890
p256_mlkem512,181,2867
p256_mlkem512,182,2890
p256_mlkem512,183,2867
p256_mlkem512,184,1499
p256_mlkem512,185,2867
p256_mlkem512,186,2890
p256_mlkem512,187,1499
p256_mlkem512,188,2890
p256_mlkem512,189,2867
p256_mlkem512,190,2867
p256_mlkem512,191,2867
p256_mlkem512,192,2867
p256_mlkem512,193,2867
p256_mlkem512,194,2867
p256_mlkem512,195,2867
p256_mlkem512,196,1499
p256_mlkem512,197,2890
p256_mlkem512,198,2890
p256_mlkem512,199,2867
p256_mlkem512,200,1499
p256_mlkem512,201,2867
p256_mlkem512,202,1499
p256_mlkem512,203,2890
p256_mlkem512,204,2890
p256_mlkem512,205,2890
p256_mlkem512,206,2890
p256_mlkem512,207,1499
p256_mlkem512,208,2867
p256_mlkem512,209,2890
p256_mlkem512,210,2890
p256_mlkem512,211,2890
p256_mlkem512,212,2890
p256_mlkem512,213,1499
p256_mlkem512,214,1499
p256_mlkem512,215,2890
p256_mlkem512,216,2867
p256_mlkem512,217,2867
p256_mlkem512,218,2890
p256_mlkem512,219,2867
p256_mlkem512,220,2890
p256_mlkem512,221,2890
p256_mlkem512,222,1499
p256_mlkem512,223,2867
p256_mlkem512,224,1499
p256_mlkem512,225,2890
p256_mlkem512,226,2890
p256_mlkem512,227,2890
p256_mlkem512,228,1499
p256_mlkem512,229,1499
p256_mlkem512,230,1499
p256_mlkem512,231,2867
p256_mlkem512,232,2867
p256_mlkem512,233,2890
p256_mlkem512,234,2890
p256_mlkem512,235,2867
p256_mlkem512,236,2890
p256_mlkem512,237,2867
p256_mlkem512,238,2890
p256_mlkem512,239,2867
p256_mlkem512,240,2890
p256_mlkem512,241,2867
p256_mlkem512,242,2890
p256_mlkem512,243,2890
p256_mlkem512,244,2867
p256_mlkem512,245,1499
p256_mlkem512,246,1499
p256_mlkem512,247,2867
p256_mlkem512,248,2890
p256_mlkem512,249,2867
p256_mlkem512,250,1499
p256_mlkem512,251,2867
p256_mlkem512,252,2890
p256_mlkem512,253,2867
p256_mlkem512,254,1499
p256_mlkem512,255,2867
p256_mlkem512,256,2890
p256_mlkem512,257,2867
p256_mlkem512,258,1499
p256_mlkem512,259,2867
p256_mlkem512,260,2867
p256_mlkem512,261,2890
p256_mlkem512,262,2867
p256_mlkem512,263,1499
p256_mlkem512,264,2867
p256_mlkem512,265,1499
p256_mlkem512,266,2890
p256_mlkem512,267,1499
p256_mlkem512,268,2890
p256_mlkem512,269,2890
p256_mlkem512,270,2890
p256_mlkem512,271,1499
p256_mlkem512,272,2890
p256_mlkem512,273,2890
p256_mlkem512,274,1499
p256_mlkem512,275,2890
p256_mlkem512,276,1499
p256_mlkem512,277,2867
p256_mlkem512,278,1499
p256_mlkem512,279,1499
p256_mlkem512,280,2890
p256_mlkem512,281,2867
p256_mlkem512,282,2890
p256_mlkem512,283,2890
p256_mlkem512,284,2890
p256_mlkem512,285,2890
p256_mlkem512,286,2867
p256_mlkem512,287,2867
p256_mlkem512,288,2867
p256_mlkem512,289,2890
p256_mlkem512,290,2867
p256_mlkem512,291,2867
p256_mlkem512,292,1499
p256_mlkem512,293,1499
p256_mlkem512,294,2867
p256_mlkem512,295,2890
p256_mlkem512,296,2867
p256_mlkem512,297,2867
p256_mlkem512,298,2890
p256_mlkem512,299,2890
p256_mlkem512,300,2867
p256_mlkem512,301,1499
p256_mlkem512,302,2890
p256_mlkem512,303,2867
p256_mlkem512,304,2867
p256_mlkem512,305,2867
p256_mlkem512,306,2890
p256_mlkem512,307,1499
p256_mlkem512,308,2890
p256_mlkem512,309,2890
p256_mlkem512,310,1499
p256_mlkem512,311,2890
p256_mlkem512,312,2890
p256_mlkem512,313,2890
p256_mlkem512,314,2867
p256_mlkem512,315,1499
p256_mlkem512,316,2867
p256_mlkem512,317,1499
p256_mlkem512,318,2867
p256_mlkem512,319,2890
p256_mlkem512,320,1499
p256_mlkem512,321,2867
p256_mlkem512,322,2867
p256_mlkem512,323,2867
p256_mlkem512,324,2890
p256_mlkem512,325,2890
p256_mlkem512,326,2890
p256_mlkem512,327,1499
p256_mlkem512,328,2867
p256_mlkem512,329,2867
p256_mlkem512,330,2890
p256_mlkem512,331,1499
p256_mlkem512,332,2890
p256_mlkem512,333,2890
p256_mlkem512,334,2890
p256_mlkem512,335,2867
p256_mlkem512,336,2867
p256_mlkem512,337,2867
p256_mlkem512,338,2867
p256_mlkem512,339,2867
p256_mlkem512,340,2867
p256_mlkem512,341,2890
p256_mlkem512,342,2867
p256_mlkem512,343,2890
p256_mlkem512,344,2890
p256_mlkem512,345,2867
p256_mlkem512,346,2890
p256_mlkem512,347,2890
p256_mlkem512,348,2867
p256_mlkem512,349,2890
p256_mlkem512,350,2890
p256_mlkem512,351,1499
p256_mlkem512,352,2890
p256_mlkem512,353,2867
p256_mlkem512,354,2867
p256_mlkem512,355,2867
p256_mlkem512,356,2890
p256_mlkem512,357,2890
p256_mlkem512,358,2867
p256_mlkem512,359,2890
p256_mlkem512,360,1499
p256_mlkem512,361,2890
p256_mlkem512,362,2890
p256_mlkem512,363,2867
p256_mlkem512,364,1499
p256_mlkem512,365,1499
p256_mlkem512,366,2867
p256_mlkem512,367,2890
p256_mlkem512,368,2867
p256_mlkem512,369,2890
p256_mlkem512,370,1499
p256_mlkem512,371,2867
p256_mlkem512,372,2890
p256_mlkem512,373,2890
p256_mlkem512,374,2867
p256_mlkem512,375,2890
p256_mlkem512,376,2890
p256_mlkem512,377,2890
p256_mlkem512,378,1499
p256_mlkem512,379,2890
p256_mlkem512,380,2890
p256_mlkem512,381,1499
p256_mlkem512,382,1499
p256_mlkem512,383,1499
p256_mlkem512,384,1499
p256_mlkem512,385,2890
p256_mlkem512,386,2867
p256_mlkem512,387,2890
p256_mlkem512,388,2890
p256_mlkem512,389,2890
p256_mlkem512,390,2890
p256_mlkem512,391,2890
p256_mlkem512,392,2890
p256_mlkem512,393,2867
p256_mlkem512,394,2867
p256_mlkem512,395,1499
p256_mlkem512,396,2867
p256_mlkem512,397,2890
p256_mlkem512,398,2867
p256_mlkem512,399,2890
p256_mlkem512,400,2867
p256_mlkem512,401,2890
p256_mlkem512,402,2867
p256_mlkem512,403,2867
p256_mlkem512,404,1499
p256_mlkem512,405,2890
p256_mlkem512,406,2867
p256_mlkem512,407,2867
p256_mlkem512,408,1499
p256_mlkem512,409,2890
p256_mlkem512,410,2867
p256_mlkem512,411,1499
p256_mlkem512,412,2867
p256_mlkem512,413,2890
p256_mlkem512,414,2890
p256_mlkem512,415,2890
p256_mlkem512,416,2867
p256_mlkem512,417,2867
p256_mlkem512,418,2890
p256_mlkem512,419,2890
p256_mlkem512,420,1499
p256_mlkem512,421,2867
p256_mlkem512,422,2867
p256_mlkem512,423,2890
p256_mlkem512,424,2890
p256_mlkem512,425,2890
p256_mlkem512,426,2890
p256_mlkem512,427,2867
p256_mlkem512,428,2890
p256_mlkem512,429,2890
p256_mlkem512,430,1499
p256_mlkem512,431,2890
p256_mlkem512,432,2890
p256_mlkem512,433,2890
p256_mlkem512,434,2867
p256_mlkem512,435,2890
p256_mlkem512,436,2867
p256_mlkem512,437,1499
p256_mlkem512,438,2890
p256_mlkem512,439,2890
p256_mlkem512,440,2890
p256_mlkem512,441,2867
p256_mlkem512,442,1499
p256_mlkem512,443,2890
p256_mlkem512,444,2890
p256_mlkem512,445,2890
p256_mlkem512,446,2890
p256_mlkem512,447,2867
p256_mlkem512,448,2867
p256_mlkem512,449,2867
p256_mlkem512,450,2867
p256_mlkem512,451,2890
p256_mlkem512,452,2890
p256_mlkem512,453,2867
p256_mlkem512,454,2890
p256_mlkem512,455,2867
p256_mlkem512,456,1499
p256_mlkem512,457,1499
p256_mlkem512,458,2890
p256_mlkem512,459,2890
p256_mlkem512,460,2890
p256_mlkem512,461,2890
p256_mlkem512,462,1499
p256_mlkem512,463,2867
p256_mlkem512,464,2867
p256_mlkem512,465,2890
p256_mlkem512,466,2867
p256_mlkem512,467,2867
p256_mlkem512,468,2890
p256_mlkem512,469,1499
p256_mlkem512,470,1499
p256_mlkem512,471,1499
p256_mlkem512,472,1499
p256_mlkem512,473,2890
p256_mlkem512,474,2890
p256_mlkem512,475,2867
p256_mlkem512,476,1499
p256_mlkem512,477,2867
p256_mlkem512,478,1499
p256_mlkem512,479,2890
p256_mlkem512,480,2867
p256_mlkem512,481,2867
p256_mlkem512,482,2867
p256_mlkem512,483,1499
p256_mlkem512,484,2867
p256_mlkem512,485,2890
p256_mlkem512,486,1499
p256_mlkem512,487,2890
p256_mlkem512,488,2867
p256_mlkem512,489,2890
p256_mlkem512,490,2867
p256_mlkem512,491,1499
p256_mlkem512,492,2867
p256_mlkem512,493,2867
p256_mlkem512,494,2867
p256_mlkem512,495,2867
p256_mlkem512,496,2867
p256_mlkem512,497,2867
p256_mlkem512,498,2867
p256_mlkem512,499,2890
x25519_mlkem512,1,2824
x25519_mlkem512,2,2824
x25519_mlkem512,3,2824
x25519_mlkem512,4,2824
x25519_mlkem512,5,2824
x25519_mlkem512,6,2824
x25519_mlkem512,7,2824
x25519_mlkem512,8,2824
x25519_mlkem512,9,2824
x25519_mlkem512,10,2824
x25519_mlkem512,11,2824
x25519_mlkem512,12,2824
x25519_mlkem512,13,2824
x25519_mlkem512,14,2824
x25519_mlkem512,15,2824
x25519_mlkem512,16,2824
x25519_mlkem512,17,2824
x25519_mlkem512,18,2824
x25519_mlkem512,19,2824
x25519_mlkem512,20,2824
x25519_mlkem512,21,2824
x25519_mlkem512,22,2824
x25519_mlkem512,23,2824
x25519_mlkem512,24,2824
x25519_mlkem512,25,2824
x25519_mlkem512,26,2824
x25519_mlkem512,27,2824
x25519_mlkem512,28,2824
x25519_mlkem512,29,2824
x25519_mlkem512,30,2824
x25519_mlkem512,31,2824
x25519_mlkem512,32,2824
x25519_mlkem512,33,2824
x25519_mlkem512,34,2824
x25519_mlkem512,35,2824
x25519_mlkem512,36,2824
x25519_mlkem512,37,2824
x25519_mlkem512,38,2824
x25519_mlkem512,39,2824
x25519_mlkem512,40,2824
x25519_mlkem512,41,2824
x25519_mlkem512,42,2824
x25519_mlkem512,43,2824
x25519_mlkem512,44,2824
x25519_mlkem512,45,2824
x25519_mlkem512,46,2824
x25519_mlkem512,47,2824
x25519_mlkem512,48,2824
x25519_mlkem512,49,2824
x25519_mlkem512,50,2824
x25519_mlkem512,51,2824
x25519_mlkem512,52,2824
x25519_mlkem512,53,2824
x25519_mlkem512,54,2824
x25519_mlkem512,55,2824
x25519_mlkem512,56,2824
x25519_mlkem512,57,2824
x25519_mlkem512,58,2824
x25519_mlkem512,59,2824
x25519_mlkem512,60,2824
x25519_mlkem512,61,2824
x25519_mlkem512,62,2824
x25519_mlkem512,63,2824
x25519_mlkem512,64,2824
x25519_mlkem512,65,2824
x25519_mlkem512,66,2824
x25519_mlkem512,67,2824
x25519_mlkem512,68,2824
x25519_mlkem512,69,2824
x25519_mlkem512,70,2824
x25519_mlkem512,71,2824
x25519_mlkem512,72,2824
x25519_mlkem512,73,2824
x25519_mlkem512,74,2824
x25519_mlkem512,75,2824
x25519_mlkem512,76,2824
x25519_mlkem512,77,2824
x25519_mlkem512,78,2824
x25519_mlkem512,79,2824
x25519_mlkem512,80,1466
x25519_mlkem512,81,2824
x25519_mlkem512,82,2824
x25519_mlkem512,83,2824
x25519_mlkem512,84,2824
x25519_mlkem512,85,2824
x25519_mlkem512,86,2824
x25519_mlkem512,87,2824
x25519_mlkem512,88,2824
x25519_mlkem512,89,2824
x25519_mlkem512,90,2824
x25519_mlkem512,91,2824
x25519_mlkem512,92,2824
x25519_mlkem512,93,2824
x25519_mlkem512,94,2824
x25519_mlkem512,95,1466
x25519_mlkem512,96,2824
x25519_mlkem512,97,2824
x25519_mlkem512,98,2824
x25519_mlkem512,99,2824
x25519_mlkem512,100,2824
x25519_mlkem512,101,2824
x25519_mlkem512,102,2824
x25519_mlkem512,103,2824
x25519_mlkem512,104,2824
x25519_mlkem512,105,2824
x25519_mlkem512,106,2824
x25519_mlkem512,107,2824
x25519_mlkem512,108,2824
x25519_mlkem512,109,2824
x25519_mlkem512,110,2824
x25519_mlkem512,111,2824
x25519_mlkem512,112,2824
x25519_mlkem512,113,2824
x25519_mlkem512,114,2824
x25519_mlkem512,115,2824
x25519_mlkem512,116,2824
x25519_mlkem512,117,2824
x25519_mlkem512,118,2824
x25519_mlkem512,119,1466
x25519_mlkem512,120,2824
x25519_mlkem512,121,2824
x25519_mlkem512,122,2824
x25519_mlkem512,123,2824
x25519_mlkem512,124,2824
x25519_mlkem512,125,2824
x25519_mlkem512,126,2824
x25519_mlkem512,127,2824
x25519_mlkem512,128,2824
x25519_mlkem512,129,2824
x25519_mlkem512,130,2824
x25519_mlkem512,131,2824
x25519_mlkem512,132,2824
x25519_mlkem512,133,2824
x25519_mlkem512,134,2824
x25519_mlkem512,135,2824
x25519_mlkem512,136,2824
x25519_mlkem512,137,2824
x25519_mlkem512,138,2824
x25519_mlkem512,139,2824
x25519_mlkem512,140,2824
x25519_mlkem512,141,2824
x25519_mlkem512,142,2824
x25519_mlkem512,143,2824
x25519_mlkem512,144,2824
x25519_mlkem512,145,2824
x25519_mlkem512,146,2824
x25519_mlkem512,147,2824
x25519_mlkem512,148,2824
x25519_mlkem512,149,2824
x25519_mlkem512,150,2824
x25519_mlkem512,151,2824
x25519_mlkem512,152,2824
x25519_mlkem512,153,1466
x25519_mlkem512,154,2824
x25519_mlkem512,155,2824
x25519_mlkem512,156,2824
x25519_mlkem512,157,2824
x25519_mlkem512,158,2824
x25519_mlkem512,159,1466
x25519_mlkem512,160,2824
x25519_mlkem512,161,2824
x25519_mlkem512,162,2824
x25519_mlkem512,163,2824
x25519_mlkem512,164,2824
x25519_mlkem512,165,2824
x25519_mlkem512,166,2824
x25519_mlkem512,167,2824
x25519_mlkem512,168,2824
x25519_mlkem512,169,2824
x25519_mlkem512,170,2824
x25519_mlkem512,171,2824
x25519_mlkem512,172,2824
x25519_mlkem512,173,2824
x25519_mlkem512,174,2824
x25519_mlkem512,175,2824
x25519_mlkem512,176,2824
x25519_mlkem512,177,2824
x25519_mlkem512,178,2824
x25519_mlkem512,179,2824
x25519_mlkem512,180,2824
x25519_mlkem512,181,2824
x25519_mlkem512,182,2824
x25519_mlkem512,183,2824
x25519_mlkem512,184,2824
x25519_mlkem512,185,2824
x25519_mlkem512,186,2824
x25519_mlkem512,187,2824
x25519_mlkem512,188,2824
x25519_mlkem512,189,2824
x25519_mlkem512,190,2824
x25519_mlkem512,191,2824
x25519_mlkem512,192,2824
x25519_mlkem512,193,2824
x25519_mlkem512,194,2824
x25519_mlkem512,195,2824
x25519_mlkem512,196,2824
x25519_mlkem512,197,2824
x25519_mlkem512,198,2824
x25519_mlkem512,199,2824
x25519_mlkem512,200,2824
x25519_mlkem512,201,2824
x25519_mlkem512,202,2824
x25519_mlkem512,203,2824
x25519_mlkem512,204,2824
x25519_mlkem512,205,2824
x25519_mlkem512,206,2824
x25519_mlkem512,207,2824
x25519_mlkem512,208,2824
x25519_mlkem512,209,1466
x25519_mlkem512,210,2824
x25519_mlkem512,211,2824
x25519_mlkem512,212,2824
x25519_mlkem512,213,2824
x25519_mlkem512,214,2824
x25519_mlkem512,215,2824
x25519_mlkem512,216,2824
x25519_mlkem512,217,2824
x25519_mlkem512,218,2824
x25519_mlkem512,219,2824
x25519_mlkem512,220,2824
x25519_mlkem512,221,2824
x25519_mlkem512,222,2824
x25519_mlkem512,223,2824
x25519_mlkem512,224,2824
x25519_mlkem512,225,2824
x25519_mlkem512,226,2824
x25519_mlkem512,227,1466
x25519_mlkem512,228,2824
x25519_mlkem512,229,2824
x25519_mlkem512,230,2824
x25519_mlkem512,231,2824
x25519_mlkem512,232,2824
x25519_mlkem512,233,2824
x25519_mlkem512,234,2824
x25519_mlkem512,235,2824
x25519_mlkem512,236,2824
x25519_mlkem512,237,2824
x25519_mlkem512,238,2824
x25519_mlkem512,239,2824
x25519_mlkem512,240,2824
x25519_mlkem512,241,2824
x25519_mlkem512,242,2824
x25519_mlkem512,243,2824
x25519_mlkem512,244,2824
x25519_mlkem512,245,2824
x25519_mlkem512,246,2824
x25519_mlkem512,247,2824
x25519_mlkem512,248,2824
x25519_mlkem512,249,2824
x25519_mlkem512,250,2824
x25519_mlkem512,251,2824
x25519_mlkem512,252,2824
x25519_mlkem512,253,2824
x25519_mlkem512,254,2824
x25519_mlkem512,255,2824
x25519_mlkem512,256,1466
x25519_mlkem512,257,2824
x25519_mlkem512,258,1466
x25519_mlkem512,259,2824
x25519_mlkem512,260,2824
x25519_mlkem512,261,2824
x25519_mlkem512,262,2824
x25519_mlkem512,263,2824
x25519_mlkem512,264,2824
x25519_mlkem512,265,2824
x25519_mlkem512,266,2824
x25519_mlkem512,267,2824
x25519_mlkem512,268,2824
x25519_mlkem512,269,2824
x25519_mlkem512,270,2824
x25519_mlkem512,271,2824
x25519_mlkem512,272,2824
x25519_mlkem512,273,2824
x25519_mlkem512,274,2824
x25519_mlkem512,275,2824
x25519_mlkem512,276,2824
x25519_mlkem512,277,2824
x25519_mlkem512,278,2824
x25519_mlkem512,279,2824
x25519_mlkem512,280,2824
x25519_mlkem512,281,2824
x25519_mlkem512,282,2824
x25519_mlkem512,283,2824
x25519_mlkem512,284,2824
x25519_mlkem512,285,1466
x25519_mlkem512,286,2824
x25519_mlkem512,287,2824
x25519_mlkem512,288,2824
x25519_mlkem512,289,2824
x25519_mlkem512,290,2824
x25519_mlkem512,291,2824
x25519_mlkem512,292,2824
x25519_mlkem512,293,2824
x25519_mlkem512,294,1466
x25519_mlkem512,295,2824
x25519_mlkem512,296,2824
x25519_mlkem512,297,2824
x25519_mlkem512,298,2824
x25519_mlkem512,299,2824
x25519_mlkem512,300,1466
x25519_mlkem512,301,2824
x25519_mlkem512,302,2824
x25519_mlkem512,303,1466
x25519_mlkem512,304,2824
x25519_mlkem512,305,2824
x25519_mlkem512,306,2824
x25519_mlkem512,307,2824
x25519_mlkem512,308,2824
x25519_mlkem512,309,2824
x25519_mlkem512,310,2824
x25519_mlkem512,311,2824
x25519_mlkem512,312,2824
x25519_mlkem512,313,2824
x25519_mlkem512,314,2824
x25519_mlkem512,315,1466
x25519_mlkem512,316,2824
x25519_mlkem512,317,2824
x25519_mlkem512,318,2824
x25519_mlkem512,319,2824
x25519_mlkem512,320,2824
x25519_mlkem512,321,2824
x25519_mlkem512,322,2824
x25519_mlkem512,323,1466
x25519_mlkem512,324,2824
x25519_mlkem512,325,2824
x25519_mlkem512,326,2824
x25519_mlkem512,327,2824
x25519_mlkem512,328,2824
x25519_mlkem512,329,2824
x25519_mlkem512,330,2824
x25519_mlkem512,331,2824
x25519_mlkem512,332,2824
x25519_mlkem512,333,2824
x25519_mlkem512,334,2824
x25519_mlkem512,335,2824
x25519_mlkem512,336,2824
x25519_mlkem512,337,2824
x25519_mlkem512,338,2824
x25519_mlkem512,339,2824
x25519_mlkem512,340,2824
x25519_mlkem512,341,2824
x25519_mlkem512,342,2824
x25519_mlkem512,343,2824
x25519_mlkem512,344,2824
x25519_mlkem512,345,2824
x25519_mlkem512,346,2824
x25519_mlkem512,347,2824
x25519_mlkem512,348,2824
x25519_mlkem512,349,2824
x25519_mlkem512,350,2824
x25519_mlkem512,351,2824
x25519_mlkem512,352,2824
x25519_mlkem512,353,2824
x25519_mlkem512,354,1466
x25519_mlkem512,355,2824
x25519_mlkem512,356,2824
x25519_mlkem512,357,2824
x25519_mlkem512,358,2824
x25519_mlkem512,359,2824
x25519_mlkem512,360,2824
x25519_mlkem512,361,2824
x25519_mlkem512,362,2824
x25519_mlkem512,363,2824
x25519_mlkem512,364,2824
x25519_mlkem512,365,2824
x25519_mlkem512,366,2824
x25519_mlkem512,367,2824
x25519_mlkem512,368,2824
x25519_mlkem512,369,2824
x25519_mlkem512,370,2824
x25519_mlkem512,371,2824
x25519_mlkem512,372,2824
x25519_mlkem512,373,2824
x25519_mlkem512,374,2824
x25519_mlkem512,375,2824
x25519_mlkem512,376,2824
x25519_mlkem512,377,1466
x25519_mlkem512,378,2824
x25519_mlkem512,379,2824
x25519_mlkem512,380,2824
x25519_mlkem512,381,2824
x25519_mlkem512,382,2824
x25519_mlkem512,383,2824
x25519_mlkem512,384,2824
x25519_mlkem512,385,2824
x25519_mlkem512,386,2824
x25519_mlkem512,387,2824
x25519_mlkem512,388,2824
x25519_mlkem512,389,2824
x25519_mlkem512,390,1466
x25519_mlkem512,391,2824
x25519_mlkem512,392,2824
x25519_mlkem512,393,2824
x25519_mlkem512,394,2824
x25519_mlkem512,395,2824
x25519_mlkem512,396,2824
x25519_mlkem512,397,2824
x25519_mlkem512,398,2824
x25519_mlkem512,399,2824
x25519_mlkem512,400,2824
x25519_mlkem512,401,2824
x25519_mlkem512,402,2824
x25519_mlkem512,403,2824
x25519_mlkem512,404,2824
x25519_mlkem512,405,2824
x25519_mlkem512,406,2824
x25519_mlkem512,407,2824
x25519_mlkem512,408,2824
x25519_mlkem512,409,2824
x25519_mlkem512,410,2824
x25519_mlkem512,411,2824
x25519_mlkem512,412,2824
x25519_mlkem512,413,2824
x25519_mlkem512,414,2824
x25519_mlkem512,415,2824
x25519_mlkem512,416,2824
x25519_mlkem512,417,2824
x25519_mlkem512,418,2824
x25519_mlkem512,419,2824
x25519_mlkem512,420,2824
x25519_mlkem512,421,2824
x25519_mlkem512,422,1466
x25519_mlkem512,423,2824
x25519_mlkem512,424,2824
x25519_mlkem512,425,2824
x25519_mlkem512,426,2824
x25519_mlkem512,427,2824
x25519_mlkem512,428,2824
x25519_mlkem512,429,2824
x25519_mlkem512,430,2824
x25519_mlkem512,431,2824
x25519_mlkem512,432,2824
x25519_mlkem512,433,2824
x25519_mlkem512,434,2824
x25519_mlkem512,435,2824
x25519_mlkem512,436,2824
x25519_mlkem512,437,2824
x25519_mlkem512,438,2824
x25519_mlkem512,439,2824
x25519_mlkem512,440,2824
x25519_mlkem512,441,2824
x25519_mlkem512,442,2824
x25519_mlkem512,443,2824
x25519_mlkem512,444,2824
x25519_mlkem512,445,2824
x25519_mlkem512,446,2824
x25519_mlkem512,447,2824
x25519_mlkem512,448,2824
x25519_mlkem512,449,2824
x25519_mlkem512,450,2824
x25519_mlkem512,451,2824
x25519_mlkem512,452,2824
x25519_mlkem512,453,2824
x25519_mlkem512,454,2824
x25519_mlkem512,455,2824
x25519_mlkem512,456,2824
x25519_mlkem512,457,2824
x25519_mlkem512,458,2824
x25519_mlkem512,459,2824
x25519_mlkem512,460,2824
x25519_mlkem512,461,2824
x25519_mlkem512,462,2824
x25519_mlkem512,463,2824
x25519_mlkem512,464,2824
x25519_mlkem512,465,2824
x25519_mlkem512,466,2824
x25519_mlkem512,467,2824
x25519_mlkem512,468,2824
x25519_mlkem512,469,2824
x25519_mlkem512,470,1466
x25519_mlkem512,471,2824
x25519_mlkem512,472,2824
x25519_mlkem512,473,2824
x25519_mlkem512,474,2824
x25519_mlkem512,475,2824
x25519_mlkem512,476,2824
x25519_mlkem512,477,2824
x25519_mlkem512,478,2824
x25519_mlkem512,479,2824
x25519_mlkem512,480,2824
x25519_mlkem512,481,2824
x25519_mlkem512,482,2824
x25519_mlkem512,483,2824
x25519_mlkem512,484,2824
x25519_mlkem512,485,2824
x25519_mlkem512,486,2824
x25519_mlkem512,487,1466
x25519_mlkem512,488,2824
x25519_mlkem512,489,2824
x25519_mlkem512,490,2824
x25519_mlkem512,491,2824
x25519_mlkem512,492,2824
x25519_mlkem512,493,2824
x25519_mlkem512,494,1466
x25519_mlkem512,495,2824
x25519_mlkem512,496,2824
x25519_mlkem512,497,2824
x25519_mlkem512,498,2824
x25519_mlkem512,499,2824
x25519_mlkem512,500,2824
mlkem512,1,2760
mlkem512,2,2760
mlkem512,3,2760
mlkem512,4,2760
mlkem512,5,2760
mlkem512,6,2760
mlkem512,7,2760
mlkem512,8,2760
mlkem512,9,2760
mlkem512,10,2760
mlkem512,11,2760
mlkem512,12,2760
mlkem512,13,2760
mlkem512,14,2760
mlkem512,15,2760
mlkem512,16,2760
mlkem512,17,2760
mlkem512,18,2760
mlkem512,19,2760
mlkem512,20,2760
mlkem512,21,2760
mlkem512,22,2760
mlkem512,23,2760
mlkem512,24,2760
mlkem512,25,2760
mlkem512,26,2760
mlkem512,27,2760
mlkem512,28,2760
mlkem512,29,2760
mlkem512,30,2760
mlkem512,31,2760
mlkem512,32,2760
mlkem512,33,2760
mlkem512,34,2760
mlkem512,35,2760
mlkem512,36,2760
mlkem512,37,2760
mlkem512,38,2760
mlkem512,39,2760
mlkem512,40,2760
mlkem512,41,2760
mlkem512,42,2760
mlkem512,43,2760
mlkem512,44,2760
mlkem512,45,2760
mlkem512,46,2760
mlkem512,47,2760
mlkem512,48,2760
mlkem512,49,2760
mlkem512,50,2760
mlkem512,51,2760
mlkem512,52,2760
mlkem512,53,2760
mlkem512,54,2760
mlkem512,55,2760
mlkem512,56,2760
mlkem512,57,2760
mlkem512,58,2760
mlkem512,59,2760
mlkem512,60,2760
mlkem512,61,2760
mlkem512,62,2760
mlkem512,63,2760
mlkem512,64,2760
mlkem512,65,2760
mlkem512,66,2760
mlkem512,67,2760
mlkem512,68,2760
mlkem512,69,2760
mlkem512,70,2760
mlkem512,71,2760
mlkem512,72,2760
mlkem512,73,2760
mlkem512,74,2760
mlkem512,75,2760
mlkem512,76,2760
mlkem512,77,2760
mlkem512,78,2760
mlkem512,79,2760
mlkem512,80,2760
mlkem512,81,2760
mlkem512,82,2760
mlkem512,83,2760
mlkem512,84,2760
mlkem512,85,2760
mlkem512,86,2760
mlkem512,87,2760
mlkem512,88,2760
mlkem512,89,2760
mlkem512,90,2760
mlkem512,91,2760
mlkem512,92,2760
mlkem512,93,1434
mlkem512,94,2760
mlkem512,95,2760
mlkem512,96,2760
mlkem512,97,2760
mlkem512,98,2760
mlkem512,99,2760
mlkem512,100,2760
mlkem512,101,1434
mlkem512,102,2760
mlkem512,103,2760
mlkem512,104,2760
mlkem512,105,2760
mlkem512,106,2760
mlkem512,107,2760
mlkem512,108,2760
mlkem512,109,2760
mlkem512,110,2760
mlkem512,111,2760
mlkem512,112,2760
mlkem512,113,1434
mlkem512,114,2760
mlkem512,115,2760
mlkem512,116,2760
mlkem512,117,1434
mlkem512,118,2760
mlkem512,119,2760
mlkem512,120,2760
mlkem512,121,2760
mlkem512,122,2760
mlkem512,123,2760
mlkem512,124,1434
mlkem512,125,2760
mlkem512,126,2760
mlkem512,127,2760
mlkem512,128,2760
mlkem512,129,2760
mlkem512,130,2760
mlkem512,131,2760
mlkem512,132,2760
mlkem512,133,2760
mlkem512,134,2760
mlkem512,135,2760
mlkem512,136,2760
mlkem512,137,2760
mlkem512,138,2760
mlkem512,139,2760
mlkem512,140,2760
mlkem512,141,2760
mlkem512,142,2760
mlkem512,143,2760
mlkem512,144,2760
mlkem512,145,2760
mlkem512,146,2760
mlkem512,147,2760
mlkem512,148,2760
mlkem512,149,1434
mlkem512,150,2760
mlkem512,151,2760
mlkem512,152,2760
mlkem512,153,2760
mlkem512,154,2760
mlkem512,155,2760
mlkem512,156,2760
mlkem512,157,2760
mlkem512,158,2760
mlkem512,159,2760
mlkem512,160,2760
mlkem512,161,2760
mlkem512,162,2760
mlkem512,163,1434
mlkem512,164,2760
mlkem512,165,2760
mlkem512,166,2760
mlkem512,167,2760
mlkem512,168,2760
mlkem512,169,2760
mlkem512,170,2760
mlkem512,171,2760
mlkem512,172,2760
mlkem512,173,2760
mlkem512,174,1434
mlkem512,175,2760
mlkem512,176,2760
mlkem512,177,2760
mlkem512,178,2760
mlkem512,179,2760
mlkem512,180,2760
mlkem512,181,2760
mlkem512,182,2760
mlkem512,183,2760
mlkem512,184,2760
mlkem512,185,2760
mlkem512,186,2760
mlkem512,187,1434
mlkem512,188,2760
mlkem512,189,2760
mlkem512,190,2760
mlkem512,191,1434
mlkem512,192,2760
mlkem512,193,1434
mlkem512,194,2760
mlkem512,195,2760
mlkem512,196,2760
mlkem512,197,2760
mlkem512,198,1434
mlkem512,199,2760
mlkem512,200,2760
mlkem512,201,2760
mlkem512,202,2760
mlkem512,203,2760
mlkem512,204,2760
mlkem512,205,2760
mlkem512,206,2760
mlkem512,207,2760
mlkem512,208,2760
mlkem512,209,2760
mlkem512,210,2760
mlkem512,211,2760
mlkem512,212,2760
mlkem512,213,2760
mlkem512,214,2760
mlkem512,215,1434
mlkem512,216,2760
mlkem512,217,2760
mlkem512,218,2760
mlkem512,219,2760
mlkem512,220,2760
mlkem512,221,2760
mlkem512,222,2760
mlkem512,223,2760
mlkem512,224,2760
mlkem512,225,1434
mlkem512,226,2760
mlkem512,227,2760
mlkem512,228,2760
mlkem512,229,2760
mlkem512,230,2760
mlkem512,231,2760
mlkem512,232,2760
mlkem512,233,2760
mlkem512,234,2760
mlkem512,235,2760
mlkem512,236,2760
mlkem512,237,2760
mlkem512,238,2760
mlkem512,239,2760
mlkem512,240,2760
mlkem512,241,2760
mlkem512,242,2760
mlkem512,243,2760
mlkem512,244,2760
mlkem512,245,2760
mlkem512,246,2760
mlkem512,247,2760
mlkem512,248,2760
mlkem512,249,2760
mlkem512,250,2760
mlkem512,251,2760
mlkem512,252,2760
mlkem512,253,2760
mlkem512,254,2760
mlkem512,255,2760
mlkem512,256,2760
mlkem512,257,2760
mlkem512,258,2760
mlkem512,259,2760
mlkem512,260,2760
mlkem512,261,2760
mlkem512,262,2760
mlkem512,263,2760
mlkem512,264,2760
mlkem512,265,2760
mlkem512,266,2760
mlkem512,267,2760
mlkem512,268,2760
mlkem512,269,2760
mlkem512,270,2760
mlkem512,271,2760
mlkem512,272,2760
mlkem512,273,2760
mlkem512,274,2760
mlkem512,275,2760
mlkem512,276,2760
mlkem512,277,2760
mlkem512,278,2760
mlkem512,279,2760
mlkem512,280,2760
mlkem512,281,2760
mlkem512,282,2760
mlkem512,283,2760
mlkem512,284,2760
mlkem512,285,2760
mlkem512,286,2760
mlkem512,287,2760
mlkem512,288,2760
mlkem512,289,2760
mlkem512,290,2760
mlkem512,291,2760
mlkem512,292,2760
mlkem512,293,2760
mlkem512,294,2760
mlkem512,295,2760
mlkem512,296,2760
mlkem512,297,2760
mlkem512,298,2760
mlkem512,299,2760
mlkem512,300,2760
mlkem512,301,2760
mlkem512,302,2760
mlkem512,303,2760
mlkem512,304,2760
mlkem512,305,2760
mlkem512,306,2760
mlkem512,307,2760
mlkem512,308,2760
mlkem512,309,2760
mlkem512,310,2760
mlkem512,311,2760
mlkem512,312,2760
mlkem512,313,2760
mlkem512,314,2760
mlkem512,315,2760
mlkem512,316,2760
mlkem512,317,2760
mlkem512,318,2760
mlkem512,319,2760
mlkem512,320,2760
mlkem512,321,2760
mlkem512,322,2760
mlkem512,323,2760
mlkem512,324,2760
mlkem512,325,2760
mlkem512,326,2760
mlkem512,327,2760
mlkem512,328,2760
mlkem512,329,2760
mlkem512,330,2760
mlkem512,331,2760
mlkem512,332,2760
mlkem512,333,2760
mlkem512,334,2760
mlkem512,335,2760
mlkem512,336,2760
mlkem512,337,2760
mlkem512,338,2760
mlkem512,339,2760
mlkem512,340,2760
mlkem512,341,1434
mlkem512,342,2760
mlkem512,343,2760
mlkem512,344,2760
mlkem512,345,2760
mlkem512,346,2760
mlkem512,347,2760
mlkem512,348,2760
mlkem512,349,1434
mlkem512,350,2760
mlkem512,351,2760
mlkem512,352,2760
mlkem512,353,2760
mlkem512,354,2760
mlkem512,355,2760
mlkem512,356,2760
mlkem512,357,2760
mlkem512,358,2760
mlkem512,359,2760
mlkem512,360,2760
mlkem512,361,2760
mlkem512,362,2760
mlkem512,363,2760
mlkem512,364,2760
mlkem512,365,2760
mlkem512,366,2760
mlkem512,367,2760
mlkem512,368,2760
mlkem512,369,2760
mlkem512,370,2760
mlkem512,371,2760
mlkem512,372,2760
mlkem512,373,2760
mlkem512,374,2760
mlkem512,375,2760
mlkem512,376,2760
mlkem512,377,2760
mlkem512,378,2760
mlkem512,379,2760
mlkem512,380,2760
mlkem512,381,2760
mlkem512,382,2760
mlkem512,383,1434
mlkem512,384,1434
mlkem512,385,2760
mlkem512,386,2760
mlkem512,387,2760
mlkem512,388,2760
mlkem512,389,2760
mlkem512,390,2760
mlkem512,391,2760
mlkem512,392,2760
mlkem512,393,2760
mlkem512,394,2760
mlkem512,395,2760
mlkem512,396,2760
mlkem512,397,2760
mlkem512,398,2760
mlkem512,399,2760
mlkem512,400,2760
mlkem512,401,2760
mlkem512,402,2760
mlkem512,403,2760
mlkem512,404,2760
mlkem512,405,2760
mlkem512,406,2760
mlkem512,407,2760
mlkem512,408,2760
mlkem512,409,2760
mlkem512,410,2760
mlkem512,411,1434
mlkem512,412,2760
mlkem512,413,2760
mlkem512,414,2760
mlkem512,415,2760
mlkem512,416,2760
mlkem512,417,2760
mlkem512,418,2760
mlkem512,419,2760
mlkem512,420,2760
mlkem512,421,2760
mlkem512,422,2760
mlkem512,423,2760
mlkem512,424,2760
mlkem512,425,2760
mlkem512,426,2760
mlkem512,427,2760
mlkem512,428,2760
mlkem512,429,2760
mlkem512,430,2760
mlkem512,431,2760
mlkem512,432,2760
mlkem512,433,2760
mlkem512,434,2760
mlkem512,435,2760
mlkem512,436,2760
mlkem512,437,2760
mlkem512,438,2760
mlkem512,439,2760
mlkem512,440,2760
mlkem512,441,2760
mlkem512,442,2760
mlkem512,443,2760
mlkem512,444,2760
mlkem512,445,2760
mlkem512,446,2760
mlkem512,447,2760
mlkem512,448,2760
mlkem512,449,2760
mlkem512,450,2760
mlkem512,451,2760
mlkem512,452,2760
mlkem512,453,2760
mlkem512,454,2760
mlkem512,455,2760
mlkem512,456,2760
mlkem512,457,2760
mlkem512,458,2760
mlkem512,459,2760
mlkem512,460,2760
mlkem512,461,2760
mlkem512,462,2760
mlkem512,463,1434
mlkem512,464,2760
mlkem512,465,2760
mlkem512,466,2760
mlkem512,467,2760
mlkem512,468,1434
mlkem512,469,2760
mlkem512,470,2760
mlkem512,471,2760
mlkem512,472,2760
mlkem512,473,2760
mlkem512,474,2760
mlkem512,475,2760
mlkem512,476,2760
mlkem512,477,2760
mlkem512,478,2760
mlkem512,479,2760
mlkem512,480,2760
mlkem512,481,2760
mlkem512,482,2760
mlkem512,483,2760
mlkem512,484,2760
mlkem512,485,2760
mlkem512,486,2760
mlkem512,487,2760
mlkem512,488,2760
mlkem512,489,2760
mlkem512,490,2760
mlkem512,491,2760
mlkem512,492,2760
mlkem512,493,2760
mlkem512,494,2760
mlkem512,495,2760
mlkem512,496,2760
mlkem512,497,2760
mlkem512,498,1434
mlkem512,499,2760
mlkem512,500,1434
