KEM_ALG,Handshake_ID,Bytes_TCP,Bytes_TLS,Bytes_Total
P-256,1,412,1476,1888
P-256,2,412,1476,1888
P-256,3,412,1476,1888
P-256,4,412,1476,1888
P-256,5,412,1476,1888
P-256,6,412,1476,1888
P-256,7,412,1476,1888
P-256,8,412,1476,1888
P-256,9,412,1476,1888
P-256,10,412,1476,1888
P-256,11,412,1476,1888
P-256,12,412,1476,1888
P-256,13,412,1476,1888
P-256,14,412,1476,1888
P-256,15,412,1476,1888
P-256,16,412,1476,1888
P-256,17,412,1476,1888
P-256,18,412,1476,1888
P-256,19,412,1476,1888
P-256,20,412,1476,1888
P-256,21,412,1476,1888
P-256,22,412,1476,1888
P-256,23,412,1476,1888
P-256,24,412,1476,1888
P-256,25,412,1476,1888
P-256,26,412,1476,1888
P-256,27,412,1476,1888
P-256,28,412,1476,1888
P-256,29,412,1476,1888
P-256,30,412,1476,1888
P-256,31,412,1476,1888
P-256,32,412,1476,1888
P-256,33,412,1476,1888
P-256,34,412,1476,1888
P-256,35,412,1476,1888
P-256,36,412,1476,1888
P-256,37,412,1476,1888
P-256,38,412,1476,1888
P-256,39,412,1476,1888
P-256,40,412,1476,1888
P-256,41,412,1476,1888
P-256,42,412,1476,1888
P-256,43,412,1476,1888
P-256,44,412,1476,1888
P-256,45,412,1476,1888
P-256,46,412,1476,1888
P-256,47,412,1476,1888
P-256,48,412,1476,1888
P-256,49,412,1476,1888
P-256,50,412,1476,1888
P-256,51,412,1476,1888
P-256,52,412,1476,1888
P-256,53,412,1476,1888
P-256,54,412,1476,1888
P-256,55,412,1476,1888
P-256,56,412,1476,1888
P-256,57,412,1476,1888
P-256,58,412,1476,1888
P-256,59,412,1476,1888
P-256,60,412,1476,1888
P-256,61,412,1476,1888
P-256,62,412,1476,1888
P-256,63,412,1476,1888
P-256,64,412,1476,1888
P-256,65,412,1476,1888
P-256,66,412,1476,1888
P-256,67,412,1476,1888
P-256,68,412,1476,1888
P-256,69,412,1476,1888
P-256,70,626,1476,2102
P-256,71,412,1476,1888
P-256,72,412,1476,1888
P-256,73,486,1476,1962
P-256,74,412,1476,1888
P-256,75,412,1476,1888
P-256,76,412,1476,1888
P-256,77,486,1476,1962
P-256,78,560,1476,2036
P-256,79,626,1476,2102
P-256,80,412,1476,1888
P-256,81,412,1476,1888
P-256,82,412,1476,1888
P-256,83,412,1476,1888
P-256,84,412,1476,1888
P-256,85,412,1476,1888
P-256,86,412,1476,1888
P-256,87,412,1476,1888
P-256,88,412,1476,1888
P-256,89,346,1476,1822
P-256,90,626,1476,2102
P-256,91,412,1476,1888
P-256,92,346,1476,1822
P-256,93,412,1476,1888
P-256,94,346,1476,1822
P-256,95,412,1476,1888
P-256,96,412,1476,1888
P-256,97,412,1476,1888
P-256,98,626,1476,2102
P-256,99,412,1476,1888
P-256,100,412,1476,1888
P-256,101,412,1476,1888
P-256,102,626,1476,2102
P-256,103,412,1476,1888
P-256,104,412,1476,1888
P-256,105,626,1476,2102
P-256,106,412,1476,1888
P-256,107,412,1476,1888
P-256,108,412,1476,1888
P-256,109,412,1476,1888
P-256,110,412,1476,1888
P-256,111,412,1476,1888
P-256,112,412,1476,1888
P-256,113,412,1476,1888
P-256,114,412,1476,1888
P-256,115,412,1476,1888
P-256,116,412,1476,1888
P-256,117,412,1476,1888
P-256,118,412,1476,1888
P-256,119,412,1476,1888
P-256,120,412,1476,1888
P-256,121,412,1476,1888
P-256,122,412,1476,1888
P-256,123,412,1476,1888
P-256,124,412,1476,1888
P-256,125,412,1476,1888
P-256,126,626,1476,2102
P-256,127,412,1476,1888
P-256,128,412,1476,1888
P-256,129,412,1476,1888
P-256,130,412,1476,1888
P-256,131,412,1476,1888
P-256,132,412,1476,1888
P-256,133,412,1476,1888
P-256,134,412,1476,1888
P-256,135,412,1476,1888
P-256,136,412,1476,1888
P-256,137,412,1476,1888
P-256,138,412,1476,1888
P-256,139,412,1476,1888
P-256,140,412,1476,1888
P-256,141,412,1476,1888
P-256,142,412,1476,1888
P-256,143,412,1476,1888
P-256,144,412,1476,1888
P-256,145,626,1476,2102
P-256,146,412,1476,1888
P-256,147,412,1476,1888
P-256,148,412,1476,1888
P-256,149,412,1476,1888
P-256,150,412,1476,1888
P-256,151,412,1476,1888
P-256,152,412,1476,1888
P-256,153,412,1476,1888
P-256,154,412,1476,1888
P-256,155,486,1476,1962
P-256,156,412,1476,1888
P-256,157,1051,1476,2527
P-256,158,412,1476,1888
P-256,159,412,1476,1888
P-256,160,346,1476,1822
P-256,161,412,1476,1888
P-256,162,412,1476,1888
P-256,163,486,1476,1962
P-256,164,412,1476,1888
P-256,165,412,1476,1888
P-256,166,412,1476,1888
P-256,167,626,1476,2102
P-256,168,412,1476,1888
P-256,169,412,1476,1888
P-256,170,412,1476,1888
P-256,171,346,1476,1822
P-256,172,412,1476,1888
P-256,173,346,1476,1822
P-256,174,412,1476,1888
P-256,175,412,1476,1888
P-256,176,486,1476,1962
P-256,177,985,1476,2461
P-256,178,412,1476,1888
P-256,179,412,1476,1888
P-256,180,412,1476,1888
P-256,181,412,1476,1888
P-256,182,412,1476,1888
P-256,183,412,1476,1888
P-256,184,412,1476,1888
P-256,185,412,1476,1888
P-256,186,412,1476,1888
P-256,187,412,1476,1888
P-256,188,412,1476,1888
P-256,189,412,1476,1888
P-256,190,412,1476,1888
P-256,191,412,1476,1888
P-256,192,412,1476,1888
P-256,193,412,1476,1888
P-256,194,412,1476,1888
P-256,195,626,1476,2102
P-256,196,412,1476,1888
P-256,197,412,1476,1888
P-256,198,412,1476,1888
P-256,199,412,1476,1888
P-256,200,412,1476,1888
P-256,201,412,1476,1888
P-256,202,412,1476,1888
P-256,203,412,1476,1888
P-256,204,412,1476,1888
P-256,205,346,1476,1822
P-256,206,412,1476,1888
P-256,207,412,1476,1888
P-256,208,412,1476,1888
P-256,209,346,1476,1822
P-256,210,412,1476,1888
P-256,211,412,1476,1888
P-256,212,412,1476,1888
P-256,213,486,1476,1962
P-256,214,626,1476,2102
P-256,215,412,1476,1888
P-256,216,412,1476,1888
P-256,217,412,1476,1888
P-256,218,486,1476,1962
P-256,219,412,1476,1888
P-256,220,412,1476,1888
P-256,221,412,1476,1888
P-256,222,412,1476,1888
P-256,223,486,1476,1962
P-256,224,412,1476,1888
P-256,225,412,1476,1888
P-256,226,412,1476,1888
P-256,227,412,1476,1888
P-256,228,412,1476,1888
P-256,229,412,1476,1888
P-256,230,412,1476,1888
P-256,231,412,1476,1888
P-256,232,412,1476,1888
P-256,233,412,1476,1888
P-256,234,412,1476,1888
P-256,235,412,1476,1888
P-256,236,626,1476,2102
P-256,237,346,1476,1822
P-256,238,626,1476,2102
P-256,239,412,1476,1888
P-256,240,412,1476,1888
P-256,241,412,1476,1888
P-256,242,412,1476,1888
P-256,243,412,1476,1888
P-256,244,412,1476,1888
P-256,245,412,1476,1888
P-256,246,412,1476,1888
P-256,247,412,1476,1888
P-256,248,412,1476,1888
P-256,249,412,1476,1888
P-256,250,412,1476,1888
P-256,251,412,1476,1888
P-256,252,412,1476,1888
P-256,253,412,1476,1888
P-256,254,412,1476,1888
P-256,255,412,1476,1888
P-256,256,626,1476,2102
P-256,257,412,1476,1888
P-256,258,412,1476,1888
P-256,259,412,1476,1888
P-256,260,412,1476,1888
P-256,261,412,1476,1888
P-256,262,412,1476,1888
P-256,263,412,1476,1888
P-256,264,486,1476,1962
P-256,265,412,1476,1888
P-256,266,412,1476,1888
P-256,267,412,1476,1888
P-256,268,412,1476,1888
P-256,269,412,1476,1888
P-256,270,412,1476,1888
P-256,271,412,1476,1888
P-256,272,412,1476,1888
P-256,273,412,1476,1888
P-256,274,412,1476,1888
P-256,275,412,1476,1888
P-256,276,412,1476,1888
P-256,277,412,1476,1888
P-256,278,412,1476,1888
P-256,279,412,1476,1888
P-256,280,412,1476,1888
P-256,281,346,1476,1822
P-256,282,626,1476,2102
P-256,283,412,1476,1888
P-256,284,412,1476,1888
P-256,285,412,1476,1888
P-256,286,412,1476,1888
P-256,287,412,1476,1888
P-256,288,346,1476,1822
P-256,289,412,1476,1888
P-256,290,412,1476,1888
P-256,291,412,1476,1888
P-256,292,412,1476,1888
P-256,293,412,1476,1888
P-256,294,412,1476,1888
P-256,295,412,1476,1888
P-256,296,412,1476,1888
P-256,297,412,1476,1888
P-256,298,412,1476,1888
P-256,299,412,1476,1888
P-256,300,412,1476,1888
P-256,301,412,1476,1888
P-256,302,412,1476,1888
P-256,303,412,1476,1888
P-256,304,412,1476,1888
P-256,305,626,1476,2102
P-256,306,412,1476,1888
P-256,307,412,1476,1888
P-256,308,412,1476,1888
P-256,309,412,1476,1888
P-256,310,412,1476,1888
P-256,311,412,1476,1888
P-256,312,346,1476,1822
P-256,313,412,1476,1888
P-256,314,626,1476,2102
P-256,315,412,1476,1888
P-256,316,412,1476,1888
P-256,317,412,1476,1888
P-256,318,412,1476,1888
P-256,319,346,1476,1822
P-256,320,412,1476,1888
P-256,321,412,1476,1888
P-256,322,412,1476,1888
P-256,323,626,1476,2102
P-256,324,412,1476,1888
P-256,325,626,1476,2102
P-256,326,412,1476,1888
P-256,327,412,1476,1888
P-256,328,412,1476,1888
P-256,329,412,1476,1888
P-256,330,412,1476,1888
P-256,331,486,1476,1962
P-256,332,412,1476,1888
P-256,333,412,1476,1888
P-256,334,412,1476,1888
P-256,335,412,1476,1888
P-256,336,346,1476,1822
P-256,337,412,1476,1888
P-256,338,412,1476,1888
P-256,339,412,1476,1888
P-256,340,412,1476,1888
P-256,341,412,1476,1888
P-256,342,626,1476,2102
P-256,343,346,1476,1822
P-256,344,412,1476,1888
P-256,345,412,1476,1888
P-256,346,412,1476,1888
P-256,347,412,1476,1888
P-256,348,412,1476,1888
P-256,349,412,1476,1888
P-256,350,412,1476,1888
P-256,351,412,1476,1888
P-256,352,412,1476,1888
P-256,353,412,1476,1888
P-256,354,560,1476,2036
P-256,355,346,1476,1822
P-256,356,412,1476,1888
P-256,357,412,1476,1888
P-256,358,412,1476,1888
P-256,359,412,1476,1888
P-256,360,626,1476,2102
P-256,361,412,1476,1888
P-256,362,412,1476,1888
P-256,363,412,1476,1888
P-256,364,412,1476,1888
P-256,365,412,1476,1888
P-256,366,346,1476,1822
P-256,367,412,1476,1888
P-256,368,412,1476,1888
P-256,369,412,1476,1888
P-256,370,412,1476,1888
P-256,371,412,1476,1888
P-256,372,412,1476,1888
P-256,373,626,1476,2102
P-256,374,412,1476,1888
P-256,375,346,1476,1822
P-256,376,412,1476,1888
P-256,377,412,1476,1888
P-256,378,412,1476,1888
P-256,379,412,1476,1888
P-256,380,412,1476,1888
P-256,381,412,1476,1888
P-256,382,412,1476,1888
P-256,383,412,1476,1888
P-256,384,412,1476,1888
P-256,385,412,1476,1888
P-256,386,346,1476,1822
P-256,387,346,1476,1822
P-256,388,412,1476,1888
P-256,389,412,1476,1888
P-256,390,346,1476,1822
P-256,391,412,1476,1888
P-256,392,412,1476,1888
P-256,393,412,1476,1888
P-256,394,412,1476,1888
P-256,395,412,1476,1888
P-256,396,346,1476,1822
P-256,397,412,1476,1888
P-256,398,412,1476,1888
P-256,399,412,1476,1888
P-256,400,412,1476,1888
P-256,401,412,1476,1888
P-256,402,412,1476,1888
P-256,403,412,1476,1888
P-256,404,412,1476,1888
P-256,405,412,1476,1888
P-256,406,412,1476,1888
P-256,407,346,1476,1822
P-256,408,412,1476,1888
P-256,409,412,1476,1888
P-256,410,412,1476,1888
P-256,411,412,1476,1888
P-256,412,412,1476,1888
P-256,413,412,1476,1888
P-256,414,412,1476,1888
P-256,415,412,1476,1888
P-256,416,412,1476,1888
P-256,417,626,1476,2102
P-256,418,412,1476,1888
P-256,419,412,1476,1888
P-256,420,412,1476,1888
P-256,421,412,1476,1888
P-256,422,412,1476,1888
P-256,423,412,1476,1888
P-256,424,412,1476,1888
P-256,425,412,1476,1888
P-256,426,412,1476,1888
P-256,427,412,1476,1888
P-256,428,412,1476,1888
P-256,429,412,1476,1888
P-256,430,412,1476,1888
P-256,431,412,1476,1888
P-256,432,412,1476,1888
P-256,433,346,1476,1822
P-256,434,412,1476,1888
P-256,435,412,1476,1888
P-256,436,412,1476,1888
P-256,437,412,1476,1888
P-256,438,412,1476,1888
P-256,439,412,1476,1888
P-256,440,412,1476,1888
P-256,441,412,1476,1888
P-256,442,412,1476,1888
P-256,443,412,1476,1888
P-256,444,412,1476,1888
P-256,445,412,1476,1888
P-256,446,626,1476,2102
P-256,447,346,1476,1822
P-256,448,412,1476,1888
P-256,449,412,1476,1888
P-256,450,412,1476,1888
P-256,451,412,1476,1888
P-256,452,412,1476,1888
P-256,453,412,1476,1888
P-256,454,412,1476,1888
P-256,455,412,1476,1888
P-256,456,412,1476,1888
P-256,457,412,1476,1888
P-256,458,412,1476,1888
P-256,459,412,1476,1888
P-256,460,412,1476,1888
P-256,461,412,1476,1888
P-256,462,412,1476,1888
P-256,463,412,1476,1888
P-256,464,412,1476,1888
P-256,465,412,1476,1888
P-256,466,560,1476,2036
P-256,467,486,1476,1962
P-256,468,412,1476,1888
P-256,469,412,1476,1888
P-256,470,626,1476,2102
P-256,471,412,1476,1888
P-256,472,412,1476,1888
P-256,473,412,1476,1888
P-256,474,412,1476,1888
P-256,475,412,1476,1888
P-256,476,412,1476,1888
P-256,477,346,1476,1822
P-256,478,346,1476,1822
P-256,479,412,1476,1888
P-256,480,412,1476,1888
P-256,481,412,1476,1888
P-256,482,412,1476,1888
P-256,483,412,1476,1888
P-256,484,626,1476,2102
P-256,485,626,1476,2102
P-256,486,412,1476,1888
P-256,487,412,1476,1888
P-256,488,1051,1476,2527
P-256,489,412,1476,1888
P-256,490,412,1476,1888
P-256,491,346,1476,1822
P-256,492,346,1476,1822
P-256,493,412,1476,1888
P-256,494,626,1476,2102
P-256,495,412,1476,1888
P-256,496,412,1476,1888
P-256,497,626,1476,2102
P-256,498,412,1476,1888
x25519,1,412,1410,1822
x25519,2,412,1410,1822
x25519,3,412,1410,1822
x25519,4,412,1410,1822
x25519,5,412,1410,1822
x25519,6,412,1410,1822
x25519,7,412,1410,1822
x25519,8,412,1410,1822
x25519,9,412,1410,1822
x25519,10,412,1410,1822
x25519,11,412,1410,1822
x25519,12,412,1410,1822
x25519,13,412,1410,1822
x25519,14,412,1410,1822
x25519,15,412,1410,1822
x25519,16,412,1410,1822
x25519,17,412,1410,1822
x25519,18,412,1410,1822
x25519,19,412,1410,1822
x25519,20,412,1410,1822
x25519,21,412,1410,1822
x25519,22,412,1410,1822
x25519,23,412,1410,1822
x25519,24,412,1410,1822
x25519,25,412,1410,1822
x25519,26,412,1410,1822
x25519,27,412,1410,1822
x25519,28,412,1410,1822
x25519,29,412,1410,1822
x25519,30,412,1410,1822
x25519,31,412,1410,1822
x25519,32,412,1410,1822
x25519,33,412,1410,1822
x25519,34,412,1410,1822
x25519,35,412,1410,1822
x25519,36,412,1410,1822
x25519,37,412,1410,1822
x25519,38,412,1410,1822
x25519,39,412,1410,1822
x25519,40,412,1410,1822
x25519,41,412,1410,1822
x25519,42,412,1410,1822
x25519,43,412,1410,1822
x25519,44,412,1410,1822
x25519,45,412,1410,1822
x25519,46,412,1410,1822
x25519,47,412,1410,1822
x25519,48,412,1410,1822
x25519,49,412,1410,1822
x25519,50,412,1410,1822
x25519,51,412,1410,1822
x25519,52,412,1410,1822
x25519,53,412,1410,1822
x25519,54,412,1410,1822
x25519,55,412,1410,1822
x25519,56,412,1410,1822
x25519,57,412,1410,1822
x25519,58,412,1410,1822
x25519,59,412,1410,1822
x25519,60,412,1410,1822
x25519,61,412,1410,1822
x25519,62,412,1410,1822
x25519,63,412,1410,1822
x25519,64,412,1410,1822
x25519,65,412,1410,1822
x25519,66,412,1410,1822
x25519,67,412,1410,1822
x25519,68,346,1410,1756
x25519,69,412,1410,1822
x25519,70,412,1410,1822
x25519,71,412,1410,1822
x25519,72,412,1410,1822
x25519,73,412,1410,1822
x25519,74,412,1410,1822
x25519,75,412,1410,1822
x25519,76,346,1410,1756
x25519,77,412,1410,1822
x25519,78,412,1410,1822
x25519,79,412,1410,1822
x25519,80,412,1410,1822
x25519,81,412,1410,1822
x25519,82,412,1410,1822
x25519,83,412,1410,1822
x25519,84,412,1410,1822
x25519,85,412,1410,1822
x25519,86,412,1410,1822
x25519,87,412,1410,1822
x25519,88,412,1410,1822
x25519,89,412,1410,1822
x25519,90,412,1410,1822
x25519,91,412,1410,1822
x25519,92,412,1410,1822
x25519,93,412,1410,1822
x25519,94,412,1410,1822
x25519,95,412,1410,1822
x25519,96,346,1410,1756
x25519,97,626,1410,2036
x25519,98,412,1410,1822
x25519,99,412,1410,1822
x25519,100,412,1410,1822
x25519,101,412,1410,1822
x25519,102,412,1410,1822
x25519,103,412,1410,1822
x25519,104,412,1410,1822
x25519,105,412,1410,1822
x25519,106,412,1410,1822
x25519,107,412,1410,1822
x25519,108,412,1410,1822
x25519,109,412,1410,1822
x25519,110,412,1410,1822
x25519,111,412,1410,1822
x25519,112,412,1410,1822
x25519,113,486,1410,1896
x25519,114,412,1410,1822
x25519,115,412,1410,1822
x25519,116,412,1410,1822
x25519,117,412,1410,1822
x25519,118,412,1410,1822
x25519,119,1018,1410,2428
x25519,120,346,1410,1756
x25519,121,412,1410,1822
x25519,122,412,1410,1822
x25519,123,412,1410,1822
x25519,124,412,1410,1822
x25519,125,412,1410,1822
x25519,126,346,1410,1756
x25519,127,412,1410,1822
x25519,128,412,1410,1822
x25519,129,412,1410,1822
x25519,130,346,1410,1756
x25519,131,346,1410,1756
x25519,132,412,1410,1822
x25519,133,412,1410,1822
x25519,134,412,1410,1822
x25519,135,626,1410,2036
x25519,136,412,1410,1822
x25519,137,412,1410,1822
x25519,138,412,1410,1822
x25519,139,412,1410,1822
x25519,140,412,1410,1822
x25519,141,412,1410,1822
x25519,142,412,1410,1822
x25519,143,412,1410,1822
x25519,144,412,1410,1822
x25519,145,412,1410,1822
x25519,146,346,1410,1756
x25519,147,412,1410,1822
x25519,148,412,1410,1822
x25519,149,412,1410,1822
x25519,150,412,1410,1822
x25519,151,412,1410,1822
x25519,152,412,1410,1822
x25519,153,412,1410,1822
x25519,154,412,1410,1822
x25519,155,412,1410,1822
x25519,156,412,1410,1822
x25519,157,412,1410,1822
x25519,158,412,1410,1822
x25519,159,412,1410,1822
x25519,160,412,1410,1822
x25519,161,346,1410,1756
x25519,162,412,1410,1822
x25519,163,412,1410,1822
x25519,164,412,1410,1822
x25519,165,412,1410,1822
x25519,166,412,1410,1822
x25519,167,412,1410,1822
x25519,168,412,1410,1822
x25519,169,412,1410,1822
x25519,170,626,1410,2036
x25519,171,412,1410,1822
x25519,172,412,1410,1822
x25519,173,412,1410,1822
x25519,174,412,1410,1822
x25519,175,412,1410,1822
x25519,176,412,1410,1822
x25519,177,412,1410,1822
x25519,178,346,1410,1756
x25519,179,412,1410,1822
x25519,180,412,1410,1822
x25519,181,412,1410,1822
x25519,182,412,1410,1822
x25519,183,412,1410,1822
x25519,184,412,1410,1822
x25519,185,412,1410,1822
x25519,186,412,1410,1822
x25519,187,412,1410,1822
x25519,188,412,1410,1822
x25519,189,412,1410,1822
x25519,190,412,1410,1822
x25519,191,412,1410,1822
x25519,192,412,1410,1822
x25519,193,412,1410,1822
x25519,194,412,1410,1822
x25519,195,412,1410,1822
x25519,196,412,1410,1822
x25519,197,412,1410,1822
x25519,198,412,1410,1822
x25519,199,626,1410,2036
x25519,200,1018,1410,2428
x25519,201,412,1410,1822
x25519,202,412,1410,1822
x25519,203,412,1410,1822
x25519,204,412,1410,1822
x25519,205,412,1410,1822
x25519,206,412,1410,1822
x25519,207,346,1410,1756
x25519,208,412,1410,1822
x25519,209,412,1410,1822
x25519,210,346,1410,1756
x25519,211,412,1410,1822
x25519,212,412,1410,1822
x25519,213,412,1410,1822
x25519,214,412,1410,1822
x25519,215,412,1410,1822
x25519,216,412,1410,1822
x25519,217,412,2052,2464
x25519,218,412,1410,1822
x25519,219,412,1410,1822
x25519,220,412,1410,1822
x25519,221,412,1410,1822
x25519,222,346,1410,1756
x25519,223,412,1410,1822
x25519,224,412,1410,1822
x25519,225,412,1410,1822
x25519,226,412,1410,1822
x25519,227,412,1410,1822
x25519,228,412,1410,1822
x25519,229,412,1410,1822
x25519,230,412,1410,1822
x25519,231,626,1410,2036
x25519,232,412,1410,1822
x25519,233,412,1410,1822
x25519,234,412,1410,1822
x25519,235,412,1410,1822
x25519,236,626,1410,2036
x25519,237,412,1410,1822
x25519,238,412,1410,1822
x25519,239,412,1410,1822
x25519,240,412,1410,1822
x25519,241,412,1410,1822
x25519,242,412,1410,1822
x25519,243,412,1410,1822
x25519,244,412,1410,1822
x25519,245,412,1410,1822
x25519,246,626,1410,2036
x25519,247,412,1410,1822
x25519,248,412,1410,1822
x25519,249,412,1410,1822
x25519,250,412,1410,1822
x25519,251,412,1410,1822
x25519,252,626,1410,2036
x25519,253,412,1410,1822
x25519,254,626,1410,2036
x25519,255,412,1410,1822
x25519,256,412,1410,1822
x25519,257,412,1410,1822
x25519,258,412,1410,1822
x25519,259,412,1410,1822
x25519,260,412,1410,1822
x25519,261,412,1410,1822
x25519,262,412,1410,1822
x25519,263,626,1410,2036
x25519,264,412,1410,1822
x25519,265,346,1410,1756
x25519,266,412,1410,1822
x25519,267,412,1410,1822
x25519,268,412,1410,1822
x25519,269,412,1410,1822
x25519,270,412,1410,1822
x25519,271,412,1410,1822
x25519,272,412,1410,1822
x25519,273,412,1410,1822
x25519,274,412,1410,1822
x25519,275,412,1410,1822
x25519,276,412,1410,1822
x25519,277,412,1410,1822
x25519,278,1018,1410,2428
x25519,279,412,1410,1822
x25519,280,560,1410,1970
x25519,281,412,1410,1822
x25519,282,412,1410,1822
x25519,283,412,1410,1822
x25519,284,412,1410,1822
x25519,285,412,1410,1822
x25519,286,412,1410,1822
x25519,287,412,1410,1822
x25519,288,412,1410,1822
x25519,289,412,1410,1822
x25519,290,346,1410,1756
x25519,291,1018,1410,2428
x25519,292,412,1410,1822
x25519,293,412,1410,1822
x25519,294,412,1410,1822
x25519,295,412,1410,1822
x25519,296,412,1410,1822
x25519,297,412,1410,1822
x25519,298,346,1410,1756
x25519,299,626,1410,2036
x25519,300,412,1410,1822
x25519,301,412,1410,1822
x25519,302,412,1410,1822
x25519,303,626,1410,2036
x25519,304,346,1410,1756
x25519,305,412,1410,1822
x25519,306,412,1410,1822
x25519,307,412,1410,1822
x25519,308,412,1410,1822
x25519,309,412,1410,1822
x25519,310,486,1410,1896
x25519,311,412,1410,1822
x25519,312,412,1410,1822
x25519,313,626,1410,2036
x25519,314,412,1410,1822
x25519,315,412,1410,1822
x25519,316,412,1410,1822
x25519,317,626,1410,2036
x25519,318,412,1410,1822
x25519,319,412,1410,1822
x25519,320,412,1410,1822
x25519,321,412,1410,1822
x25519,322,412,1410,1822
x25519,323,412,1410,1822
x25519,324,412,1410,1822
x25519,325,412,1410,1822
x25519,326,412,1410,1822
x25519,327,412,1410,1822
x25519,328,412,1410,1822
x25519,329,412,1410,1822
x25519,330,412,1410,1822
x25519,331,412,1410,1822
x25519,332,412,1410,1822
x25519,333,626,1410,2036
x25519,334,346,1410,1756
x25519,335,412,1410,1822
x25519,336,412,1410,1822
x25519,337,412,1410,1822
x25519,338,412,1410,1822
x25519,339,412,1410,1822
x25519,340,412,1410,1822
x25519,341,420,1410,1830
x25519,342,412,1410,1822
x25519,343,412,1410,1822
x25519,344,412,1410,1822
x25519,345,412,1410,1822
x25519,346,412,1410,1822
x25519,347,412,1410,1822
x25519,348,412,1410,1822
x25519,349,626,1410,2036
x25519,350,346,1410,1756
x25519,351,346,1410,1756
x25519,352,412,1410,1822
x25519,353,412,1410,1822
x25519,354,412,1410,1822
x25519,355,412,1410,1822
x25519,356,626,1410,2036
x25519,357,412,1410,1822
x25519,358,412,1410,1822
x25519,359,412,1410,1822
x25519,360,412,1410,1822
x25519,361,346,1410,1756
x25519,362,412,1410,1822
x25519,363,412,1410,1822
x25519,364,412,1410,1822
x25519,365,412,1410,1822
x25519,366,412,1410,1822
x25519,367,412,1410,1822
x25519,368,412,1410,1822
x25519,369,412,1410,1822
x25519,370,412,1410,1822
x25519,371,486,1410,1896
x25519,372,412,1410,1822
x25519,373,412,1410,1822
x25519,374,412,1410,1822
x25519,375,626,1410,2036
x25519,376,412,1410,1822
x25519,377,412,1410,1822
x25519,378,412,1410,1822
x25519,379,412,1410,1822
x25519,380,626,1410,2036
x25519,381,346,1410,1756
x25519,382,412,1410,1822
x25519,383,412,1410,1822
x25519,384,412,1410,1822
x25519,385,412,1410,1822
x25519,386,412,1410,1822
x25519,387,412,1410,1822
x25519,388,412,1410,1822
x25519,389,346,1410,1756
x25519,390,560,1410,1970
x25519,391,412,1410,1822
x25519,392,626,1410,2036
x25519,393,412,1410,1822
x25519,394,412,1410,1822
x25519,395,412,1410,1822
x25519,396,412,1410,1822
x25519,397,412,1410,1822
x25519,398,412,1410,1822
x25519,399,412,1410,1822
x25519,400,412,1410,1822
x25519,401,412,1410,1822
x25519,402,412,1410,1822
x25519,403,412,1410,1822
x25519,404,412,1410,1822
x25519,405,412,1410,1822
x25519,406,412,1410,1822
x25519,407,412,1410,1822
x25519,408,412,1410,1822
x25519,409,412,1410,1822
x25519,410,560,1410,1970
x25519,411,412,1410,1822
x25519,412,346,1410,1756
x25519,413,412,1410,1822
x25519,414,412,1410,1822
x25519,415,412,1410,1822
x25519,416,412,1410,1822
x25519,417,412,1410,1822
x25519,418,412,1410,1822
x25519,419,412,1410,1822
x25519,420,346,1410,1756
x25519,421,412,1410,1822
x25519,422,626,1410,2036
x25519,423,346,1410,1756
x25519,424,412,1410,1822
x25519,425,412,1410,1822
x25519,426,412,1410,1822
x25519,427,486,1410,1896
x25519,428,412,1410,1822
x25519,429,486,1410,1896
x25519,430,412,1410,1822
x25519,431,412,1410,1822
x25519,432,412,1410,1822
x25519,433,412,1410,1822
x25519,434,412,1410,1822
x25519,435,412,1410,1822
x25519,436,412,1410,1822
x25519,437,412,1410,1822
x25519,438,346,1410,1756
x25519,439,412,1410,1822
x25519,440,412,1410,1822
x25519,441,412,1410,1822
x25519,442,346,1410,1756
x25519,443,412,1410,1822
x25519,444,412,1410,1822
x25519,445,346,1410,1756
x25519,446,412,1410,1822
x25519,447,412,1410,1822
x25519,448,412,1410,1822
x25519,449,412,1410,1822
x25519,450,412,1410,1822
x25519,451,412,1410,1822
x25519,452,412,1410,1822
x25519,453,412,1410,1822
x25519,454,412,1410,1822
x25519,455,412,1410,1822
x25519,456,412,1410,1822
x25519,457,412,1410,1822
x25519,458,412,1410,1822
x25519,459,412,1410,1822
x25519,460,412,1410,1822
x25519,461,412,1410,1822
x25519,462,412,1410,1822
x25519,463,412,1410,1822
x25519,464,412,1410,1822
x25519,465,412,1410,1822
x25519,466,412,1410,1822
x25519,467,412,1410,1822
x25519,468,412,1410,1822
x25519,469,412,1410,1822
x25519,470,412,1410,1822
x25519,471,412,1410,1822
x25519,472,412,1410,1822
x25519,473,412,1410,1822
x25519,474,412,1410,1822
x25519,475,412,1410,1822
x25519,476,412,1410,1822
x25519,477,412,1410,1822
x25519,478,412,1410,1822
x25519,479,412,1410,1822
x25519,480,412,1410,1822
x25519,481,412,1410,1822
x25519,482,412,1410,1822
x25519,483,412,1410,1822
x25519,484,412,1410,1822
x25519,485,412,1410,1822
x25519,486,412,1410,1822
x25519,487,412,1410,1822
x25519,488,412,1410,1822
x25519,489,412,1410,1822
x25519,490,1018,1410,2428
x25519,491,412,1410,1822
x25519,492,412,1410,1822
x25519,493,412,1410,1822
x25519,494,560,1410,1970
x25519,495,560,1410,1970
x25519,496,412,1410,1822
x25519,497,626,1410,2036
x25519,498,412,1410,1822
x25519,499,412,1410,1822
x25519,500,412,1410,1822
p256_mlkem512,1,412,3036,3448
p256_mlkem512,2,412,3036,3448
p256_mlkem512,3,412,3036,3448
p256_mlkem512,4,412,3036,3448
p256_mlkem512,5,412,3036,3448
p256_mlkem512,6,412,3036,3448
p256_mlkem512,7,412,3036,3448
p256_mlkem512,8,412,3036,3448
p256_mlkem512,9,412,3036,3448
p256_mlkem512,10,412,3036,3448
p256_mlkem512,11,412,3036,3448
p256_mlkem512,12,412,3036,3448
p256_mlkem512,13,412,3036,3448
p256_mlkem512,14,412,3036,3448
p256_mlkem512,15,412,3036,3448
p256_mlkem512,16,412,3036,3448
p256_mlkem512,17,412,3036,3448
p256_mlkem512,18,412,3036,3448
p256_mlkem512,19,412,3036,3448
p256_mlkem512,20,412,3036,3448
p256_mlkem512,21,412,3036,3448
p256_mlkem512,22,412,3036,3448
p256_mlkem512,23,412,3036,3448
p256_mlkem512,24,412,3036,3448
p256_mlkem512,25,412,3036,3448
p256_mlkem512,26,412,3036,3448
p256_mlkem512,27,412,3036,3448
p256_mlkem512,28,412,3036,3448
p256_mlkem512,29,412,3036,3448
p256_mlkem512,30,412,3036,3448
p256_mlkem512,31,412,3036,3448
p256_mlkem512,32,412,3036,3448
p256_mlkem512,33,412,3036,3448
p256_mlkem512,34,412,3036,3448
p256_mlkem512,35,412,3036,3448
p256_mlkem512,36,412,3036,3448
p256_mlkem512,37,412,3036,3448
p256_mlkem512,38,412,3036,3448
p256_mlkem512,39,412,3036,3448
p256_mlkem512,40,412,3036,3448
p256_mlkem512,41,412,3036,3448
p256_mlkem512,42,2004,1588,3592
p256_mlkem512,43,412,3036,3448
p256_mlkem512,44,412,3036,3448
p256_mlkem512,45,412,3036,3448
p256_mlkem512,46,412,3036,3448
p256_mlkem512,47,412,3036,3448
p256_mlkem512,48,2004,1588,3592
p256_mlkem512,49,412,3036,3448
p256_mlkem512,50,412,3036,3448
p256_mlkem512,51,412,3036,3448
p256_mlkem512,52,412,3036,3448
p256_mlkem512,53,412,3036,3448
p256_mlkem512,54,412,3036,3448
p256_mlkem512,55,412,3036,3448
p256_mlkem512,56,412,3036,3448
p256_mlkem512,57,412,3036,3448
p256_mlkem512,58,412,3036,3448
p256_mlkem512,59,412,3036,3448
p256_mlkem512,60,412,3036,3448
p256_mlkem512,61,412,3036,3448
p256_mlkem512,62,412,3036,3448
p256_mlkem512,63,412,3036,3448
p256_mlkem512,64,2004,1588,3592
p256_mlkem512,65,412,3036,3448
p256_mlkem512,66,412,3036,3448
p256_mlkem512,67,412,3036,3448
p256_mlkem512,68,412,3036,3448
p256_mlkem512,69,412,3036,3448
p256_mlkem512,70,1938,1588,3526
p256_mlkem512,71,346,3036,3382
p256_mlkem512,72,412,3036,3448
p256_mlkem512,73,412,3036,3448
p256_mlkem512,74,692,3102,3794
p256_mlkem512,75,2004,1588,3592
p256_mlkem512,76,412,3036,3448
p256_mlkem512,77,412,3036,3448
p256_mlkem512,78,412,3036,3448
p256_mlkem512,79,412,3036,3448
p256_mlkem512,80,346,3036,3382
p256_mlkem512,81,412,3036,3448
p256_mlkem512,82,692,3102,3794
p256_mlkem512,83,412,3036,3448
p256_mlkem512,84,412,3036,3448
p256_mlkem512,85,2004,1588,3592
p256_mlkem512,86,2004,1588,3592
p256_mlkem512,87,412,3036,3448
p256_mlkem512,88,412,3036,3448
p256_mlkem512,89,704,3102,3806
p256_mlkem512,90,412,3036,3448
p256_mlkem512,91,412,3036,3448
p256_mlkem512,92,412,3036,3448
p256_mlkem512,93,412,3036,3448
p256_mlkem512,94,412,3036,3448
p256_mlkem512,95,412,3036,3448
p256_mlkem512,96,412,3036,3448
p256_mlkem512,97,412,3036,3448
p256_mlkem512,98,412,3036,3448
p256_mlkem512,99,412,3036,3448
p256_mlkem512,100,412,3036,3448
p256_mlkem512,101,412,3036,3448
p256_mlkem512,102,412,3036,3448
p256_mlkem512,103,412,3036,3448
p256_mlkem512,104,412,3036,3448
p256_mlkem512,105,412,3036,3448
p256_mlkem512,106,412,3036,3448
p256_mlkem512,107,412,3036,3448
p256_mlkem512,108,346,3036,3382
p256_mlkem512,109,1938,1588,3526
p256_mlkem512,110,412,3036,3448
p256_mlkem512,111,412,3036,3448
p256_mlkem512,112,346,3036,3382
p256_mlkem512,113,626,3102,3728
p256_mlkem512,114,412,3036,3448
p256_mlkem512,115,412,3036,3448
p256_mlkem512,116,412,3036,3448
p256_mlkem512,117,412,3036,3448
p256_mlkem512,118,412,3036,3448
p256_mlkem512,119,412,3036,3448
p256_mlkem512,120,412,3036,3448
p256_mlkem512,121,692,3102,3794
p256_mlkem512,122,412,3036,3448
p256_mlkem512,123,626,3102,3728
p256_mlkem512,124,412,3036,3448
p256_mlkem512,125,2004,1588,3592
p256_mlkem512,126,412,3036,3448
p256_mlkem512,127,626,3102,3728
p256_mlkem512,128,412,3036,3448
p256_mlkem512,129,412,3036,3448
p256_mlkem512,130,412,3036,3448
p256_mlkem512,131,412,3036,3448
p256_mlkem512,132,412,3036,3448
p256_mlkem512,133,412,3036,3448
p256_mlkem512,134,2004,1588,3592
p256_mlkem512,135,412,3036,3448
p256_mlkem512,136,412,3036,3448
p256_mlkem512,137,412,3036,3448
p256_mlkem512,138,2004,1588,3592
p256_mlkem512,139,412,3036,3448
p256_mlkem512,140,2004,1588,3592
p256_mlkem512,141,412,3036,3448
p256_mlkem512,142,2004,1588,3592
p256_mlkem512,143,412,3036,3448
p256_mlkem512,144,412,3036,3448
p256_mlkem512,145,412,3036,3448
p256_mlkem512,146,692,3102,3794
p256_mlkem512,147,412,3036,3448
p256_mlkem512,148,412,3036,3448
p256_mlkem512,149,2004,1588,3592
p256_mlkem512,150,412,3036,3448
p256_mlkem512,151,412,3036,3448
p256_mlkem512,152,692,3102,3794
p256_mlkem512,153,412,3036,3448
p256_mlkem512,154,412,3036,3448
p256_mlkem512,155,412,3036,3448
p256_mlkem512,156,412,3036,3448
p256_mlkem512,157,692,3102,3794
p256_mlkem512,158,412,3036,3448
p256_mlkem512,159,412,3036,3448
p256_mlkem512,160,412,3036,3448
p256_mlkem512,161,412,3036,3448
p256_mlkem512,162,412,3036,3448
p256_mlkem512,163,692,3102,3794
p256_mlkem512,164,412,3036,3448
p256_mlkem512,165,412,3036,3448
p256_mlkem512,166,412,3036,3448
p256_mlkem512,167,552,3102,3654
p256_mlkem512,168,626,3102,3728
p256_mlkem512,169,346,3036,3382
p256_mlkem512,170,412,3036,3448
p256_mlkem512,171,412,3036,3448
p256_mlkem512,172,412,3036,3448
p256_mlkem512,173,2004,1588,3592
p256_mlkem512,174,412,3036,3448
p256_mlkem512,175,412,3036,3448
p256_mlkem512,176,412,3036,3448
p256_mlkem512,177,412,3036,3448
p256_mlkem512,178,412,3036,3448
p256_mlkem512,179,412,3036,3448
p256_mlkem512,180,412,3036,3448
p256_mlkem512,181,346,3036,3382
p256_mlkem512,182,412,3036,3448
p256_mlkem512,183,412,3036,3448
p256_mlkem512,184,412,3036,3448
p256_mlkem512,185,412,3036,3448
p256_mlkem512,186,412,3036,3448
p256_mlkem512,187,412,3036,3448
p256_mlkem512,188,346,3036,3382
p256_mlkem512,189,346,3036,3382
p256_mlkem512,190,412,3036,3448
p256_mlkem512,191,412,3036,3448
p256_mlkem512,192,412,3036,3448
p256_mlkem512,193,346,3036,3382
p256_mlkem512,194,412,3036,3448
p256_mlkem512,195,412,3036,3448
p256_mlkem512,196,412,3036,3448
p256_mlkem512,197,2004,1588,3592
p256_mlkem512,198,412,3036,3448
p256_mlkem512,199,486,3102,3588
p256_mlkem512,200,412,3036,3448
p256_mlkem512,201,412,3036,3448
p256_mlkem512,202,692,3102,3794
p256_mlkem512,203,2004,1588,3592
p256_mlkem512,204,1938,1588,3526
p256_mlkem512,205,412,3036,3448
p256_mlkem512,206,412,3036,3448
p256_mlkem512,207,412,3036,3448
p256_mlkem512,208,2078,1588,3666
p256_mlkem512,209,412,3036,3448
p256_mlkem512,210,412,3036,3448
p256_mlkem512,211,412,3036,3448
p256_mlkem512,212,2004,1588,3592
p256_mlkem512,213,412,3036,3448
p256_mlkem512,214,412,3036,3448
p256_mlkem512,215,2004,1588,3592
p256_mlkem512,216,412,3036,3448
p256_mlkem512,217,692,3102,3794
p256_mlkem512,218,412,3036,3448
p256_mlkem512,219,626,3102,3728
p256_mlkem512,220,412,3036,3448
p256_mlkem512,221,412,3036,3448
p256_mlkem512,222,346,3036,3382
p256_mlkem512,223,412,3036,3448
p256_mlkem512,224,412,3036,3448
p256_mlkem512,225,412,3036,3448
p256_mlkem512,226,412,3036,3448
p256_mlkem512,227,412,3036,3448
p256_mlkem512,228,552,3102,3654
p256_mlkem512,229,412,3036,3448
p256_mlkem512,230,692,3102,3794
p256_mlkem512,231,692,3102,3794
p256_mlkem512,232,412,3036,3448
p256_mlkem512,233,692,3102,3794
p256_mlkem512,234,2004,1588,3592
p256_mlkem512,235,412,3036,3448
p256_mlkem512,236,412,3036,3448
p256_mlkem512,237,412,3036,3448
p256_mlkem512,238,412,3036,3448
p256_mlkem512,239,412,3036,3448
p256_mlkem512,240,626,3102,3728
p256_mlkem512,241,346,3036,3382
p256_mlkem512,242,2004,1588,3592
p256_mlkem512,243,412,3036,3448
p256_mlkem512,244,412,3036,3448
p256_mlkem512,245,412,3036,3448
p256_mlkem512,246,346,3036,3382
p256_mlkem512,247,692,3102,3794
p256_mlkem512,248,412,3036,3448
p256_mlkem512,249,692,3102,3794
p256_mlkem512,250,346,3036,3382
p256_mlkem512,251,626,3102,3728
p256_mlkem512,252,412,3036,3448
p256_mlkem512,253,412,3036,3448
p256_mlkem512,254,2004,1588,3592
p256_mlkem512,255,412,3036,3448
p256_mlkem512,256,2004,1588,3592
p256_mlkem512,257,346,3036,3382
p256_mlkem512,258,412,3036,3448
p256_mlkem512,259,412,3036,3448
p256_mlkem512,260,692,3102,3794
p256_mlkem512,261,692,3102,3794
p256_mlkem512,262,412,3036,3448
p256_mlkem512,263,412,3036,3448
p256_mlkem512,264,412,3036,3448
p256_mlkem512,265,412,3036,3448
p256_mlkem512,266,412,3036,3448
p256_mlkem512,267,412,3036,3448
p256_mlkem512,268,412,3036,3448
p256_mlkem512,269,412,3036,3448
p256_mlkem512,270,412,3036,3448
p256_mlkem512,271,412,3036,3448
p256_mlkem512,272,412,3036,3448
p256_mlkem512,273,1938,1588,3526
p256_mlkem512,274,692,3102,3794
p256_mlkem512,275,692,3102,3794
p256_mlkem512,276,412,3036,3448
p256_mlkem512,277,412,3036,3448
p256_mlkem512,278,412,3036,3448
p256_mlkem512,279,412,3036,3448
p256_mlkem512,280,412,3036,3448
p256_mlkem512,281,412,3036,3448
p256_mlkem512,282,412,3036,3448
p256_mlkem512,283,412,3036,3448
p256_mlkem512,284,552,3102,3654
p256_mlkem512,285,2004,1588,3592
p256_mlkem512,286,412,3036,3448
p256_mlkem512,287,412,3036,3448
p256_mlkem512,288,412,3036,3448
p256_mlkem512,289,412,3036,3448
p256_mlkem512,290,692,3102,3794
p256_mlkem512,291,346,3036,3382
p256_mlkem512,292,412,3036,3448
p256_mlkem512,293,692,3102,3794
p256_mlkem512,294,412,3036,3448
p256_mlkem512,295,412,3036,3448
p256_mlkem512,296,412,3036,3448
p256_mlkem512,297,412,3036,3448
p256_mlkem512,298,2004,1588,3592
p256_mlkem512,299,412,3036,3448
p256_mlkem512,300,412,3036,3448
p256_mlkem512,301,412,3036,3448
p256_mlkem512,302,412,3036,3448
p256_mlkem512,303,412,3036,3448
p256_mlkem512,304,2004,1588,3592
p256_mlkem512,305,692,3102,3794
p256_mlkem512,306,346,3036,3382
p256_mlkem512,307,412,3036,3448
p256_mlkem512,308,412,3036,3448
p256_mlkem512,309,412,3036,3448
p256_mlkem512,310,2004,1588,3592
p256_mlkem512,311,346,3036,3382
p256_mlkem512,312,412,3036,3448
p256_mlkem512,313,412,3036,3448
p256_mlkem512,314,346,3036,3382
p256_mlkem512,315,412,3036,3448
p256_mlkem512,316,412,3036,3448
p256_mlkem512,317,412,3036,3448
p256_mlkem512,318,346,3036,3382
p256_mlkem512,319,412,3036,3448
p256_mlkem512,320,412,3036,3448
p256_mlkem512,321,692,3102,3794
p256_mlkem512,322,346,3036,3382
p256_mlkem512,323,412,3036,3448
p256_mlkem512,324,412,3036,3448
p256_mlkem512,325,412,3036,3448
p256_mlkem512,326,412,3036,3448
p256_mlkem512,327,412,3036,3448
p256_mlkem512,328,412,3036,3448
p256_mlkem512,329,412,3036,3448
p256_mlkem512,330,478,3102,3580
p256_mlkem512,331,1938,1588,3526
p256_mlkem512,332,412,3036,3448
p256_mlkem512,333,412,3036,3448
p256_mlkem512,334,2004,1588,3592
p256_mlkem512,335,412,3036,3448
p256_mlkem512,336,2004,1588,3592
p256_mlkem512,337,412,3036,3448
p256_mlkem512,338,346,3036,3382
p256_mlkem512,339,346,3036,3382
p256_mlkem512,340,412,3036,3448
p256_mlkem512,341,412,3036,3448
p256_mlkem512,342,412,3036,3448
p256_mlkem512,343,692,3102,3794
p256_mlkem512,344,412,3036,3448
p256_mlkem512,345,2004,1588,3592
p256_mlkem512,346,412,3036,3448
p256_mlkem512,347,692,3102,3794
p256_mlkem512,348,412,3036,3448
p256_mlkem512,349,412,3036,3448
p256_mlkem512,350,412,3036,3448
p256_mlkem512,351,412,3036,3448
p256_mlkem512,352,412,3036,3448
p256_mlkem512,353,412,3036,3448
p256_mlkem512,354,412,3036,3448
p256_mlkem512,355,2004,1588,3592
p256_mlkem512,356,412,3036,3448
p256_mlkem512,357,412,3036,3448
p256_mlkem512,358,412,3036,3448
p256_mlkem512,359,412,3036,3448
p256_mlkem512,360,412,3036,3448
p256_mlkem512,361,412,3036,3448
p256_mlkem512,362,412,3036,3448
p256_mlkem512,363,412,3036,3448
p256_mlkem512,364,412,3036,3448
p256_mlkem512,365,412,3036,3448
p256_mlkem512,366,412,3036,3448
p256_mlkem512,367,346,3036,3382
p256_mlkem512,368,412,3036,3448
p256_mlkem512,369,412,3036,3448
p256_mlkem512,370,412,3036,3448
p256_mlkem512,371,412,3036,3448
p256_mlkem512,372,2004,1588,3592
p256_mlkem512,373,412,3036,3448
p256_mlkem512,374,412,3036,3448
p256_mlkem512,375,412,3036,3448
p256_mlkem512,376,552,3102,3654
p256_mlkem512,377,412,3036,3448
p256_mlkem512,378,412,3036,3448
p256_mlkem512,379,346,3036,3382
p256_mlkem512,380,412,3036,3448
p256_mlkem512,381,412,3036,3448
p256_mlkem512,382,412,3036,3448
p256_mlkem512,383,346,3036,3382
p256_mlkem512,384,412,3036,3448
p256_mlkem512,385,412,3036,3448
p256_mlkem512,386,412,3036,3448
p256_mlkem512,387,412,3036,3448
p256_mlkem512,388,412,3036,3448
p256_mlkem512,389,412,3036,3448
p256_mlkem512,390,412,3036,3448
p256_mlkem512,391,412,3036,3448
p256_mlkem512,392,692,3102,3794
p256_mlkem512,393,412,3036,3448
p256_mlkem512,394,412,3036,3448
p256_mlkem512,395,412,3036,3448
p256_mlkem512,396,412,3036,3448
p256_mlkem512,397,412,3036,3448
p256_mlkem512,398,412,3036,3448
p256_mlkem512,399,412,3036,3448
p256_mlkem512,400,552,3102,3654
p256_mlkem512,401,412,3036,3448
p256_mlkem512,402,412,3036,3448
p256_mlkem512,403,2004,1588,3592
p256_mlkem512,404,412,3036,3448
p256_mlkem512,405,346,3036,3382
p256_mlkem512,406,692,3102,3794
p256_mlkem512,407,346,3036,3382
p256_mlkem512,408,412,3036,3448
p256_mlkem512,409,412,3036,3448
p256_mlkem512,410,412,3036,3448
p256_mlkem512,411,692,3102,3794
p256_mlkem512,412,412,3036,3448
p256_mlkem512,413,412,3036,3448
p256_mlkem512,414,692,3102,3794
p256_mlkem512,415,1938,1588,3526
p256_mlkem512,416,412,3036,3448
p256_mlkem512,417,412,3036,3448
p256_mlkem512,418,412,3036,3448
p256_mlkem512,419,412,3036,3448
p256_mlkem512,420,412,3036,3448
p256_mlkem512,421,412,3036,3448
p256_mlkem512,422,346,3036,3382
p256_mlkem512,423,412,3036,3448
p256_mlkem512,424,412,3036,3448
p256_mlkem512,425,412,3036,3448
p256_mlkem512,426,412,3036,3448
p256_mlkem512,427,412,3036,3448
p256_mlkem512,428,412,3036,3448
p256_mlkem512,429,412,3036,3448
p256_mlkem512,430,412,3036,3448
p256_mlkem512,431,412,3036,3448
p256_mlkem512,432,412,3036,3448
p256_mlkem512,433,412,3036,3448
p256_mlkem512,434,626,3102,3728
p256_mlkem512,435,346,3036,3382
p256_mlkem512,436,412,3036,3448
p256_mlkem512,437,346,3036,3382
p256_mlkem512,438,412,3036,3448
p256_mlkem512,439,412,3036,3448
p256_mlkem512,440,412,3036,3448
p256_mlkem512,441,412,3036,3448
p256_mlkem512,442,412,3036,3448
p256_mlkem512,443,412,3036,3448
p256_mlkem512,444,412,3036,3448
p256_mlkem512,445,412,3036,3448
p256_mlkem512,446,412,3036,3448
p256_mlkem512,447,412,3036,3448
p256_mlkem512,448,412,3036,3448
p256_mlkem512,449,412,3036,3448
p256_mlkem512,450,412,3036,3448
p256_mlkem512,451,412,3036,3448
p256_mlkem512,452,412,3036,3448
p256_mlkem512,453,2004,1588,3592
p256_mlkem512,454,412,3036,3448
p256_mlkem512,455,412,3036,3448
p256_mlkem512,456,412,3036,3448
p256_mlkem512,457,412,3036,3448
p256_mlkem512,458,2004,1588,3592
p256_mlkem512,459,346,3036,3382
p256_mlkem512,460,412,3036,3448
p256_mlkem512,461,412,3036,3448
p256_mlkem512,462,2004,1588,3592
p256_mlkem512,463,412,3036,3448
p256_mlkem512,464,2004,1588,3592
p256_mlkem512,465,412,3036,3448
p256_mlkem512,466,412,3036,3448
p256_mlkem512,467,412,3036,3448
p256_mlkem512,468,692,3102,3794
p256_mlkem512,469,692,3102,3794
p256_mlkem512,470,412,3036,3448
p256_mlkem512,471,412,3036,3448
p256_mlkem512,472,412,3036,3448
p256_mlkem512,473,412,3036,3448
p256_mlkem512,474,412,3036,3448
p256_mlkem512,475,412,3036,3448
p256_mlkem512,476,412,3036,3448
p256_mlkem512,477,412,3036,3448
p256_mlkem512,478,412,3036,3448
p256_mlkem512,479,412,3036,3448
p256_mlkem512,480,412,3036,3448
p256_mlkem512,481,2004,1588,3592
p256_mlkem512,482,412,3036,3448
p256_mlkem512,483,412,3036,3448
p256_mlkem512,484,552,3102,3654
p256_mlkem512,485,412,3036,3448
p256_mlkem512,486,704,3102,3806
p256_mlkem512,487,552,3102,3654
p256_mlkem512,488,412,3036,3448
p256_mlkem512,489,412,3036,3448
p256_mlkem512,490,412,3036,3448
p256_mlkem512,491,412,3036,3448
p256_mlkem512,492,412,3036,3448
p256_mlkem512,493,412,3036,3448
p256_mlkem512,494,626,3102,3728
p256_mlkem512,495,412,3036,3448
p256_mlkem512,496,412,3036,3448
p256_mlkem512,497,412,3036,3448
p256_mlkem512,498,412,3036,3448
p256_mlkem512,499,412,3036,3448
p256_mlkem512,500,346,3036,3382
x25519_mlkem512,1,412,2970,3382
x25519_mlkem512,2,412,2970,3382
x25519_mlkem512,3,412,2970,3382
x25519_mlkem512,4,412,2970,3382
x25519_mlkem512,5,412,2970,3382
x25519_mlkem512,6,412,2970,3382
x25519_mlkem512,7,412,2970,3382
x25519_mlkem512,8,412,2970,3382
x25519_mlkem512,9,412,2970,3382
x25519_mlkem512,10,412,2970,3382
x25519_mlkem512,11,412,2970,3382
x25519_mlkem512,12,412,2970,3382
x25519_mlkem512,13,412,2970,3382
x25519_mlkem512,14,412,2970,3382
x25519_mlkem512,15,412,2970,3382
x25519_mlkem512,16,412,2970,3382
x25519_mlkem512,17,412,2970,3382
x25519_mlkem512,18,412,2970,3382
x25519_mlkem512,19,412,2970,3382
x25519_mlkem512,20,412,2970,3382
x25519_mlkem512,21,412,2970,3382
x25519_mlkem512,22,412,2970,3382
x25519_mlkem512,23,412,2970,3382
x25519_mlkem512,24,412,2970,3382
x25519_mlkem512,25,412,2970,3382
x25519_mlkem512,26,412,2970,3382
x25519_mlkem512,27,412,2970,3382
x25519_mlkem512,28,412,2970,3382
x25519_mlkem512,29,412,2970,3382
x25519_mlkem512,30,412,2970,3382
x25519_mlkem512,31,412,2970,3382
x25519_mlkem512,32,412,2970,3382
x25519_mlkem512,33,412,2970,3382
x25519_mlkem512,34,412,2970,3382
x25519_mlkem512,35,412,2970,3382
x25519_mlkem512,36,412,2970,3382
x25519_mlkem512,37,412,2970,3382
x25519_mlkem512,38,412,2970,3382
x25519_mlkem512,39,412,2970,3382
x25519_mlkem512,40,412,2970,3382
x25519_mlkem512,41,412,2970,3382
x25519_mlkem512,42,412,2970,3382
x25519_mlkem512,43,412,2970,3382
x25519_mlkem512,44,412,2970,3382
x25519_mlkem512,45,412,2970,3382
x25519_mlkem512,46,412,2970,3382
x25519_mlkem512,47,412,2970,3382
x25519_mlkem512,48,412,2970,3382
x25519_mlkem512,49,412,2970,3382
x25519_mlkem512,50,412,2970,3382
x25519_mlkem512,51,412,2970,3382
x25519_mlkem512,52,412,2970,3382
x25519_mlkem512,53,412,2970,3382
x25519_mlkem512,54,412,2970,3382
x25519_mlkem512,55,412,2970,3382
x25519_mlkem512,56,412,2970,3382
x25519_mlkem512,57,412,2970,3382
x25519_mlkem512,58,412,2970,3382
x25519_mlkem512,59,346,2970,3316
x25519_mlkem512,60,412,2970,3382
x25519_mlkem512,61,412,2970,3382
x25519_mlkem512,62,412,2970,3382
x25519_mlkem512,63,346,2970,3316
x25519_mlkem512,64,412,2970,3382
x25519_mlkem512,65,412,2970,3382
x25519_mlkem512,66,412,2970,3382
x25519_mlkem512,67,412,2970,3382
x25519_mlkem512,68,412,2970,3382
x25519_mlkem512,69,412,2970,3382
x25519_mlkem512,70,412,2970,3382
x25519_mlkem512,71,412,2970,3382
x25519_mlkem512,72,626,2970,3596
x25519_mlkem512,73,412,2970,3382
x25519_mlkem512,74,412,2970,3382
x25519_mlkem512,75,486,2970,3456
x25519_mlkem512,76,412,2970,3382
x25519_mlkem512,77,412,2970,3382
x25519_mlkem512,78,412,2970,3382
x25519_mlkem512,79,412,2970,3382
x25519_mlkem512,80,626,2970,3596
x25519_mlkem512,81,412,2970,3382
x25519_mlkem512,82,412,2970,3382
x25519_mlkem512,83,412,2970,3382
x25519_mlkem512,84,412,2970,3382
x25519_mlkem512,85,412,2970,3382
x25519_mlkem512,86,560,2970,3530
x25519_mlkem512,87,412,2970,3382
x25519_mlkem512,88,412,2970,3382
x25519_mlkem512,89,412,2970,3382
x25519_mlkem512,90,412,2970,3382
x25519_mlkem512,91,412,2970,3382
x25519_mlkem512,92,412,2970,3382
x25519_mlkem512,93,412,2970,3382
x25519_mlkem512,94,626,2970,3596
x25519_mlkem512,95,412,2970,3382
x25519_mlkem512,96,412,2970,3382
x25519_mlkem512,97,412,2970,3382
x25519_mlkem512,98,412,2970,3382
x25519_mlkem512,99,412,2970,3382
x25519_mlkem512,100,412,2970,3382
x25519_mlkem512,101,412,2970,3382
x25519_mlkem512,102,412,2970,3382
x25519_mlkem512,103,412,2970,3382
x25519_mlkem512,104,412,2970,3382
x25519_mlkem512,105,626,2970,3596
x25519_mlkem512,106,486,2970,3456
x25519_mlkem512,107,626,2970,3596
x25519_mlkem512,108,412,2970,3382
x25519_mlkem512,109,412,2970,3382
x25519_mlkem512,110,412,2970,3382
x25519_mlkem512,111,412,2970,3382
x25519_mlkem512,112,412,2970,3382
x25519_mlkem512,113,346,2970,3316
x25519_mlkem512,114,412,2970,3382
x25519_mlkem512,115,412,2970,3382
x25519_mlkem512,116,412,2970,3382
x25519_mlkem512,117,412,2970,3382
x25519_mlkem512,118,412,2970,3382
x25519_mlkem512,119,412,2970,3382
x25519_mlkem512,120,412,2970,3382
x25519_mlkem512,121,412,2970,3382
x25519_mlkem512,122,412,2970,3382
x25519_mlkem512,123,412,2970,3382
x25519_mlkem512,124,412,2970,3382
x25519_mlkem512,125,412,2970,3382
x25519_mlkem512,126,626,2970,3596
x25519_mlkem512,127,412,2970,3382
x25519_mlkem512,128,412,2970,3382
x25519_mlkem512,129,412,2970,3382
x25519_mlkem512,130,412,2970,3382
x25519_mlkem512,131,346,2970,3316
x25519_mlkem512,132,412,2970,3382
x25519_mlkem512,133,412,2970,3382
x25519_mlkem512,134,346,2970,3316
x25519_mlkem512,135,412,2970,3382
x25519_mlkem512,136,412,2970,3382
x25519_mlkem512,137,412,2970,3382
x25519_mlkem512,138,412,2970,3382
x25519_mlkem512,139,412,2970,3382
x25519_mlkem512,140,626,2970,3596
x25519_mlkem512,141,412,2970,3382
x25519_mlkem512,142,412,2970,3382
x25519_mlkem512,143,412,2970,3382
x25519_mlkem512,144,412,2970,3382
x25519_mlkem512,145,346,2970,3316
x25519_mlkem512,146,412,2970,3382
x25519_mlkem512,147,412,2970,3382
x25519_mlkem512,148,412,2970,3382
x25519_mlkem512,149,412,2970,3382
x25519_mlkem512,150,412,2970,3382
x25519_mlkem512,151,412,2970,3382
x25519_mlkem512,152,412,2970,3382
x25519_mlkem512,153,412,2970,3382
x25519_mlkem512,154,412,2970,3382
x25519_mlkem512,155,346,2970,3316
x25519_mlkem512,156,412,2970,3382
x25519_mlkem512,157,412,2970,3382
x25519_mlkem512,158,412,2970,3382
x25519_mlkem512,159,346,2970,3316
x25519_mlkem512,160,412,2970,3382
x25519_mlkem512,161,420,2970,3390
x25519_mlkem512,162,412,2970,3382
x25519_mlkem512,163,412,2970,3382
x25519_mlkem512,164,346,2970,3316
x25519_mlkem512,165,412,2970,3382
x25519_mlkem512,166,412,2970,3382
x25519_mlkem512,167,1810,2970,4780
x25519_mlkem512,168,412,2970,3382
x25519_mlkem512,169,412,2970,3382
x25519_mlkem512,170,412,2970,3382
x25519_mlkem512,171,412,2970,3382
x25519_mlkem512,172,626,2970,3596
x25519_mlkem512,173,412,2970,3382
x25519_mlkem512,174,346,2970,3316
x25519_mlkem512,175,346,2970,3316
x25519_mlkem512,176,412,2970,3382
x25519_mlkem512,177,412,2970,3382
x25519_mlkem512,178,626,2970,3596
x25519_mlkem512,179,412,2970,3382
x25519_mlkem512,180,412,2970,3382
x25519_mlkem512,181,412,2970,3382
x25519_mlkem512,182,412,2970,3382
x25519_mlkem512,183,412,2970,3382
x25519_mlkem512,184,412,2970,3382
x25519_mlkem512,185,626,2970,3596
x25519_mlkem512,186,412,2970,3382
x25519_mlkem512,187,412,2970,3382
x25519_mlkem512,188,412,2970,3382
x25519_mlkem512,189,412,2970,3382
x25519_mlkem512,190,412,2970,3382
x25519_mlkem512,191,412,2970,3382
x25519_mlkem512,192,412,2970,3382
x25519_mlkem512,193,412,2970,3382
x25519_mlkem512,194,412,2970,3382
x25519_mlkem512,195,412,2970,3382
x25519_mlkem512,196,412,2970,3382
x25519_mlkem512,197,412,2970,3382
x25519_mlkem512,198,346,2970,3316
x25519_mlkem512,199,626,2970,3596
x25519_mlkem512,200,412,2970,3382
x25519_mlkem512,201,412,2970,3382
x25519_mlkem512,202,412,2970,3382
x25519_mlkem512,203,412,2970,3382
x25519_mlkem512,204,412,2970,3382
x25519_mlkem512,205,412,2970,3382
x25519_mlkem512,206,412,2970,3382
x25519_mlkem512,207,412,2970,3382
x25519_mlkem512,208,412,2970,3382
x25519_mlkem512,209,412,2970,3382
x25519_mlkem512,210,412,2970,3382
x25519_mlkem512,211,412,2970,3382
x25519_mlkem512,212,412,2970,3382
x25519_mlkem512,213,412,2970,3382
x25519_mlkem512,214,412,2970,3382
x25519_mlkem512,215,412,2970,3382
x25519_mlkem512,216,412,2970,3382
x25519_mlkem512,217,412,2970,3382
x25519_mlkem512,218,626,2970,3596
x25519_mlkem512,219,412,2970,3382
x25519_mlkem512,220,626,2970,3596
x25519_mlkem512,221,412,2970,3382
x25519_mlkem512,222,412,2970,3382
x25519_mlkem512,223,412,2970,3382
x25519_mlkem512,224,412,2970,3382
x25519_mlkem512,225,412,2970,3382
x25519_mlkem512,226,412,2970,3382
x25519_mlkem512,227,412,2970,3382
x25519_mlkem512,228,412,2970,3382
x25519_mlkem512,229,346,2970,3316
x25519_mlkem512,230,412,2970,3382
x25519_mlkem512,231,412,2970,3382
x25519_mlkem512,232,412,2970,3382
x25519_mlkem512,233,412,2970,3382
x25519_mlkem512,234,412,2970,3382
x25519_mlkem512,235,1810,2970,4780
x25519_mlkem512,236,412,2970,3382
x25519_mlkem512,237,412,2970,3382
x25519_mlkem512,238,412,2970,3382
x25519_mlkem512,239,626,2970,3596
x25519_mlkem512,240,412,2970,3382
x25519_mlkem512,241,412,2970,3382
x25519_mlkem512,242,626,2970,3596
x25519_mlkem512,243,412,2970,3382
x25519_mlkem512,244,412,2970,3382
x25519_mlkem512,245,346,2970,3316
x25519_mlkem512,246,412,2970,3382
x25519_mlkem512,247,412,2970,3382
x25519_mlkem512,248,412,2970,3382
x25519_mlkem512,249,412,2970,3382
x25519_mlkem512,250,412,2970,3382
x25519_mlkem512,251,346,2970,3316
x25519_mlkem512,252,412,2970,3382
x25519_mlkem512,253,412,2970,3382
x25519_mlkem512,254,412,2970,3382
x25519_mlkem512,255,412,2970,3382
x25519_mlkem512,256,412,2970,3382
x25519_mlkem512,257,626,2970,3596
x25519_mlkem512,258,412,2970,3382
x25519_mlkem512,259,412,2970,3382
x25519_mlkem512,260,412,2970,3382
x25519_mlkem512,261,346,2970,3316
x25519_mlkem512,262,412,2970,3382
x25519_mlkem512,263,412,2970,3382
x25519_mlkem512,264,412,2970,3382
x25519_mlkem512,265,412,3291,3703
x25519_mlkem512,266,412,2970,3382
x25519_mlkem512,267,412,2970,3382
x25519_mlkem512,268,412,2970,3382
x25519_mlkem512,269,412,2970,3382
x25519_mlkem512,270,412,2970,3382
x25519_mlkem512,271,412,2970,3382
x25519_mlkem512,272,412,2970,3382
x25519_mlkem512,273,412,2970,3382
x25519_mlkem512,274,412,2970,3382
x25519_mlkem512,275,412,2970,3382
x25519_mlkem512,276,412,2970,3382
x25519_mlkem512,277,412,2970,3382
x25519_mlkem512,278,412,2970,3382
x25519_mlkem512,279,412,2970,3382
x25519_mlkem512,280,346,2970,3316
x25519_mlkem512,281,412,2970,3382
x25519_mlkem512,282,412,2970,3382
x25519_mlkem512,283,412,2970,3382
x25519_mlkem512,284,412,2970,3382
x25519_mlkem512,285,412,2970,3382
x25519_mlkem512,286,346,2970,3316
x25519_mlkem512,287,412,2970,3382
x25519_mlkem512,288,412,2970,3382
x25519_mlkem512,289,412,2970,3382
x25519_mlkem512,290,412,2970,3382
x25519_mlkem512,291,412,2970,3382
x25519_mlkem512,292,346,2970,3316
x25519_mlkem512,293,626,2970,3596
x25519_mlkem512,294,412,2970,3382
x25519_mlkem512,295,412,2970,3382
x25519_mlkem512,296,412,2970,3382
x25519_mlkem512,297,412,2970,3382
x25519_mlkem512,298,412,2970,3382
x25519_mlkem512,299,412,2970,3382
x25519_mlkem512,300,412,2970,3382
x25519_mlkem512,301,346,2970,3316
x25519_mlkem512,302,412,2970,3382
x25519_mlkem512,303,412,2970,3382
x25519_mlkem512,304,626,2970,3596
x25519_mlkem512,305,412,2970,3382
x25519_mlkem512,306,346,2970,3316
x25519_mlkem512,307,412,2970,3382
x25519_mlkem512,308,626,2970,3596
x25519_mlkem512,309,626,2970,3596
x25519_mlkem512,310,412,2970,3382
x25519_mlkem512,311,626,2970,3596
x25519_mlkem512,312,412,2970,3382
x25519_mlkem512,313,346,2970,3316
x25519_mlkem512,314,412,2970,3382
x25519_mlkem512,315,412,2970,3382
x25519_mlkem512,316,412,2970,3382
x25519_mlkem512,317,412,2970,3382
x25519_mlkem512,318,412,2970,3382
x25519_mlkem512,319,412,2970,3382
x25519_mlkem512,320,412,2970,3382
x25519_mlkem512,321,412,2970,3382
x25519_mlkem512,322,412,2970,3382
x25519_mlkem512,323,412,2970,3382
x25519_mlkem512,324,412,2970,3382
x25519_mlkem512,325,346,2970,3316
x25519_mlkem512,326,412,2970,3382
x25519_mlkem512,327,346,2970,3316
x25519_mlkem512,328,412,2970,3382
x25519_mlkem512,329,1810,2970,4780
x25519_mlkem512,330,412,2970,3382
x25519_mlkem512,331,412,2970,3382
x25519_mlkem512,332,412,2970,3382
x25519_mlkem512,333,626,2970,3596
x25519_mlkem512,334,346,2970,3316
x25519_mlkem512,335,412,2970,3382
x25519_mlkem512,336,626,2970,3596
x25519_mlkem512,337,412,2970,3382
x25519_mlkem512,338,412,2970,3382
x25519_mlkem512,339,626,2970,3596
x25519_mlkem512,340,412,2970,3382
x25519_mlkem512,341,412,2970,3382
x25519_mlkem512,342,412,2970,3382
x25519_mlkem512,343,412,2970,3382
x25519_mlkem512,344,626,2970,3596
x25519_mlkem512,345,412,2970,3382
x25519_mlkem512,346,346,2970,3316
x25519_mlkem512,347,626,2970,3596
x25519_mlkem512,348,412,2970,3382
x25519_mlkem512,349,412,2970,3382
x25519_mlkem512,350,412,2970,3382
x25519_mlkem512,351,412,2970,3382
x25519_mlkem512,352,412,2970,3382
x25519_mlkem512,353,412,2970,3382
x25519_mlkem512,354,412,2970,3382
x25519_mlkem512,355,412,2970,3382
x25519_mlkem512,356,412,2970,3382
x25519_mlkem512,357,486,2970,3456
x25519_mlkem512,358,412,2970,3382
x25519_mlkem512,359,412,2970,3382
x25519_mlkem512,360,346,2970,3316
x25519_mlkem512,361,412,2970,3382
x25519_mlkem512,362,412,2970,3382
x25519_mlkem512,363,412,2970,3382
x25519_mlkem512,364,412,2970,3382
x25519_mlkem512,365,412,2970,3382
x25519_mlkem512,366,412,2970,3382
x25519_mlkem512,367,412,2970,3382
x25519_mlkem512,368,626,2970,3596
x25519_mlkem512,369,412,2970,3382
x25519_mlkem512,370,412,2970,3382
x25519_mlkem512,371,412,2970,3382
x25519_mlkem512,372,412,2970,3382
x25519_mlkem512,373,412,2970,3382
x25519_mlkem512,374,412,2970,3382
x25519_mlkem512,375,412,2970,3382
x25519_mlkem512,376,412,2970,3382
x25519_mlkem512,377,412,2970,3382
x25519_mlkem512,378,346,2970,3316
x25519_mlkem512,379,560,2970,3530
x25519_mlkem512,380,412,2970,3382
x25519_mlkem512,381,412,2970,3382
x25519_mlkem512,382,1732,2970,4702
x25519_mlkem512,383,412,2970,3382
x25519_mlkem512,384,412,2970,3382
x25519_mlkem512,385,412,2970,3382
x25519_mlkem512,386,412,2970,3382
x25519_mlkem512,387,412,2970,3382
x25519_mlkem512,388,346,2970,3316
x25519_mlkem512,389,412,2970,3382
x25519_mlkem512,390,412,2970,3382
x25519_mlkem512,391,412,2970,3382
x25519_mlkem512,392,626,2970,3596
x25519_mlkem512,393,412,2970,3382
x25519_mlkem512,394,412,2970,3382
x25519_mlkem512,395,412,2970,3382
x25519_mlkem512,396,412,2970,3382
x25519_mlkem512,397,412,2970,3382
x25519_mlkem512,398,412,2970,3382
x25519_mlkem512,399,626,2970,3596
x25519_mlkem512,400,412,2970,3382
x25519_mlkem512,401,1810,2970,4780
x25519_mlkem512,402,412,2970,3382
x25519_mlkem512,403,626,2970,3596
x25519_mlkem512,404,412,2970,3382
x25519_mlkem512,405,412,2970,3382
x25519_mlkem512,406,412,2970,3382
x25519_mlkem512,407,412,2970,3382
x25519_mlkem512,408,412,2970,3382
x25519_mlkem512,409,412,2970,3382
x25519_mlkem512,410,412,2970,3382
x25519_mlkem512,411,412,2970,3382
x25519_mlkem512,412,412,2970,3382
x25519_mlkem512,413,412,2970,3382
x25519_mlkem512,414,346,2970,3316
x25519_mlkem512,415,412,2970,3382
x25519_mlkem512,416,346,2970,3316
x25519_mlkem512,417,412,2970,3382
x25519_mlkem512,418,412,2970,3382
x25519_mlkem512,419,346,2970,3316
x25519_mlkem512,420,412,2970,3382
x25519_mlkem512,421,412,2970,3382
x25519_mlkem512,422,412,2970,3382
x25519_mlkem512,423,412,2970,3382
x25519_mlkem512,424,412,2970,3382
x25519_mlkem512,425,346,2970,3316
x25519_mlkem512,426,412,2970,3382
x25519_mlkem512,427,412,2970,3382
x25519_mlkem512,428,412,2970,3382
x25519_mlkem512,429,412,2970,3382
x25519_mlkem512,430,346,2970,3316
x25519_mlkem512,431,412,2970,3382
x25519_mlkem512,432,346,2970,3316
x25519_mlkem512,433,560,2970,3530
x25519_mlkem512,434,412,2970,3382
x25519_mlkem512,435,412,2970,3382
x25519_mlkem512,436,412,2970,3382
x25519_mlkem512,437,346,2970,3316
x25519_mlkem512,438,346,2970,3316
x25519_mlkem512,439,412,2970,3382
x25519_mlkem512,440,412,2970,3382
x25519_mlkem512,441,412,2970,3382
x25519_mlkem512,442,626,2970,3596
x25519_mlkem512,443,412,2970,3382
x25519_mlkem512,444,346,2970,3316
x25519_mlkem512,445,626,2970,3596
x25519_mlkem512,446,412,2970,3382
x25519_mlkem512,447,412,2970,3382
x25519_mlkem512,448,412,2970,3382
x25519_mlkem512,449,412,2970,3382
x25519_mlkem512,450,412,2970,3382
x25519_mlkem512,451,412,2970,3382
x25519_mlkem512,452,412,2970,3382
x25519_mlkem512,453,346,2970,3316
x25519_mlkem512,454,412,2970,3382
x25519_mlkem512,455,412,2970,3382
x25519_mlkem512,456,412,2970,3382
x25519_mlkem512,457,412,2970,3382
x25519_mlkem512,458,412,2970,3382
x25519_mlkem512,459,486,2970,3456
x25519_mlkem512,460,412,2970,3382
x25519_mlkem512,461,346,2970,3316
x25519_mlkem512,462,412,2970,3382
x25519_mlkem512,463,412,2970,3382
x25519_mlkem512,464,412,2970,3382
x25519_mlkem512,465,412,2970,3382
x25519_mlkem512,466,412,2970,3382
x25519_mlkem512,467,626,2970,3596
x25519_mlkem512,468,412,2970,3382
x25519_mlkem512,469,412,2970,3382
x25519_mlkem512,470,412,2970,3382
x25519_mlkem512,471,1810,2970,4780
x25519_mlkem512,472,412,2970,3382
x25519_mlkem512,473,412,2970,3382
x25519_mlkem512,474,412,2970,3382
x25519_mlkem512,475,412,2970,3382
x25519_mlkem512,476,412,2970,3382
x25519_mlkem512,477,412,2970,3382
x25519_mlkem512,478,412,2970,3382
x25519_mlkem512,479,412,2970,3382
x25519_mlkem512,480,560,2970,3530
x25519_mlkem512,481,412,2970,3382
x25519_mlkem512,482,412,2970,3382
x25519_mlkem512,483,626,2970,3596
x25519_mlkem512,484,412,2970,3382
x25519_mlkem512,485,412,2970,3382
x25519_mlkem512,486,626,2970,3596
x25519_mlkem512,487,486,2970,3456
x25519_mlkem512,488,560,2970,3530
x25519_mlkem512,489,412,2970,3382
x25519_mlkem512,490,412,2970,3382
x25519_mlkem512,491,412,2970,3382
x25519_mlkem512,492,412,2970,3382
x25519_mlkem512,493,412,2970,3382
x25519_mlkem512,494,412,2970,3382
x25519_mlkem512,495,412,2970,3382
x25519_mlkem512,496,412,2970,3382
x25519_mlkem512,497,412,2970,3382
mlkem512,1,412,2906,3318
mlkem512,2,412,2906,3318
mlkem512,3,412,2906,3318
mlkem512,4,412,2906,3318
mlkem512,5,412,2906,3318
mlkem512,6,412,2906,3318
mlkem512,7,412,2906,3318
mlkem512,8,412,2906,3318
mlkem512,9,412,2906,3318
mlkem512,10,412,2906,3318
mlkem512,11,412,2906,3318
mlkem512,12,412,2906,3318
mlkem512,13,412,2906,3318
mlkem512,14,412,2906,3318
mlkem512,15,412,2906,3318
mlkem512,16,412,2906,3318
mlkem512,17,412,2906,3318
mlkem512,18,412,2906,3318
mlkem512,19,412,2906,3318
mlkem512,20,412,2906,3318
mlkem512,21,412,2906,3318
mlkem512,22,412,2906,3318
mlkem512,23,412,2906,3318
mlkem512,24,412,2906,3318
mlkem512,25,412,2906,3318
mlkem512,26,412,2906,3318
mlkem512,27,412,2906,3318
mlkem512,28,412,2906,3318
mlkem512,29,412,2906,3318
mlkem512,30,412,2906,3318
mlkem512,31,412,2906,3318
mlkem512,32,412,2906,3318
mlkem512,33,412,2906,3318
mlkem512,34,412,2906,3318
mlkem512,35,412,2906,3318
mlkem512,36,412,2906,3318
mlkem512,37,412,2906,3318
mlkem512,38,412,2906,3318
mlkem512,39,412,2906,3318
mlkem512,40,412,2906,3318
mlkem512,41,412,2906,3318
mlkem512,42,412,2906,3318
mlkem512,43,412,2906,3318
mlkem512,44,412,2906,3318
mlkem512,45,412,2906,3318
mlkem512,46,412,2906,3318
mlkem512,47,412,2906,3318
mlkem512,48,412,2906,3318
mlkem512,49,412,2906,3318
mlkem512,50,412,2906,3318
mlkem512,51,412,2906,3318
mlkem512,52,412,2906,3318
mlkem512,53,412,2906,3318
mlkem512,54,412,2906,3318
mlkem512,55,412,2906,3318
mlkem512,56,412,2906,3318
mlkem512,57,412,2906,3318
mlkem512,58,412,2906,3318
mlkem512,59,412,2906,3318
mlkem512,60,412,2906,3318
mlkem512,61,412,2906,3318
mlkem512,62,412,2906,3318
mlkem512,63,412,2906,3318
mlkem512,64,626,2906,3532
mlkem512,65,412,2906,3318
mlkem512,66,412,2906,3318
mlkem512,67,412,2906,3318
mlkem512,68,412,2906,3318
mlkem512,69,346,2906,3252
mlkem512,70,412,2906,3318
mlkem512,71,346,2906,3252
mlkem512,72,412,2906,3318
mlkem512,73,346,2906,3252
mlkem512,74,412,2906,3318
mlkem512,75,412,2906,3318
mlkem512,76,412,2906,3318
mlkem512,77,412,2906,3318
mlkem512,78,412,2906,3318
mlkem512,79,412,2906,3318
mlkem512,80,412,2906,3318
mlkem512,81,412,2906,3318
mlkem512,82,412,2906,3318
mlkem512,83,412,2906,3318
mlkem512,84,412,2906,3318
mlkem512,85,412,2906,3318
mlkem512,86,412,2906,3318
mlkem512,87,412,2906,3318
mlkem512,88,486,2906,3392
mlkem512,89,412,2906,3318
mlkem512,90,412,2906,3318
mlkem512,91,486,2906,3392
mlkem512,92,412,2906,3318
mlkem512,93,412,2906,3318
mlkem512,94,412,2906,3318
mlkem512,95,412,2906,3318
mlkem512,96,412,2906,3318
mlkem512,97,412,2906,3318
mlkem512,98,412,2906,3318
mlkem512,99,412,2906,3318
mlkem512,100,412,2906,3318
mlkem512,101,412,2906,3318
mlkem512,102,412,2906,3318
mlkem512,103,412,2906,3318
mlkem512,104,412,2906,3318
mlkem512,105,346,2906,3252
mlkem512,106,412,2906,3318
mlkem512,107,626,2906,3532
mlkem512,108,412,2906,3318
mlkem512,109,412,2906,3318
mlkem512,110,626,2906,3532
mlkem512,111,346,2906,3252
mlkem512,112,412,2906,3318
mlkem512,113,412,2906,3318
mlkem512,114,412,2906,3318
mlkem512,115,412,2906,3318
mlkem512,116,412,2906,3318
mlkem512,117,412,2906,3318
mlkem512,118,412,2906,3318
mlkem512,119,412,2906,3318
mlkem512,120,412,2906,3318
mlkem512,121,412,2906,3318
mlkem512,122,412,2906,3318
mlkem512,123,412,2906,3318
mlkem512,124,412,2906,3318
mlkem512,125,346,2906,3252
mlkem512,126,346,2906,3252
mlkem512,127,486,2906,3392
mlkem512,128,412,2906,3318
mlkem512,129,412,2906,3318
mlkem512,130,412,2906,3318
mlkem512,131,412,2906,3318
mlkem512,132,412,2906,3318
mlkem512,133,412,2906,3318
mlkem512,134,412,2906,3318
mlkem512,135,626,2906,3532
mlkem512,136,412,2906,3318
mlkem512,137,412,2906,3318
mlkem512,138,626,2906,3532
mlkem512,139,412,2906,3318
mlkem512,140,412,2906,3318
mlkem512,141,346,2906,3252
mlkem512,142,412,2906,3318
mlkem512,143,412,2906,3318
mlkem512,144,412,2906,3318
mlkem512,145,412,2906,3318
mlkem512,146,412,2906,3318
mlkem512,147,412,2906,3318
mlkem512,148,412,2906,3318
mlkem512,149,412,2906,3318
mlkem512,150,346,2906,3252
mlkem512,151,412,2906,3318
mlkem512,152,412,2906,3318
mlkem512,153,412,2906,3318
mlkem512,154,412,2906,3318
mlkem512,155,412,2906,3318
mlkem512,156,412,2906,3318
mlkem512,157,412,2906,3318
mlkem512,158,412,2906,3318
mlkem512,159,412,2906,3318
mlkem512,160,486,2906,3392
mlkem512,161,346,2906,3252
mlkem512,162,412,2906,3318
mlkem512,163,412,2906,3318
mlkem512,164,412,2906,3318
mlkem512,165,412,2906,3318
mlkem512,166,412,2906,3318
mlkem512,167,412,2906,3318
mlkem512,168,412,2906,3318
mlkem512,169,412,2906,3318
mlkem512,170,412,2906,3318
mlkem512,171,412,2906,3318
mlkem512,172,346,2906,3252
mlkem512,173,412,2906,3318
mlkem512,174,412,2906,3318
mlkem512,175,412,2906,3318
mlkem512,176,412,2906,3318
mlkem512,177,412,2906,3318
mlkem512,178,412,2906,3318
mlkem512,179,626,2906,3532
mlkem512,180,412,2906,3318
mlkem512,181,412,2906,3318
mlkem512,182,412,2906,3318
mlkem512,183,412,2906,3318
mlkem512,184,412,2906,3318
mlkem512,185,412,2906,3318
mlkem512,186,412,2906,3318
mlkem512,187,412,2906,3318
mlkem512,188,412,2906,3318
mlkem512,189,1778,2906,4684
mlkem512,190,412,2906,3318
mlkem512,191,412,2906,3318
mlkem512,192,626,2906,3532
mlkem512,193,412,2906,3318
mlkem512,194,412,2906,3318
mlkem512,195,346,2906,3252
mlkem512,196,412,2906,3318
mlkem512,197,346,2906,3252
mlkem512,198,412,2906,3318
mlkem512,199,412,2906,3318
mlkem512,200,560,2906,3466
mlkem512,201,412,2906,3318
mlkem512,202,412,2906,3318
mlkem512,203,412,2906,3318
mlkem512,204,486,2906,3392
mlkem512,205,412,2906,3318
mlkem512,206,626,2906,3532
mlkem512,207,412,2906,3318
mlkem512,208,412,2906,3318
mlkem512,209,412,2906,3318
mlkem512,210,626,2906,3532
mlkem512,211,412,2906,3318
mlkem512,212,412,2906,3318
mlkem512,213,346,2906,3252
mlkem512,214,412,2906,3318
mlkem512,215,412,2906,3318
mlkem512,216,412,2906,3318
mlkem512,217,412,2906,3318
mlkem512,218,412,2906,3318
mlkem512,219,412,2906,3318
mlkem512,220,412,2906,3318
mlkem512,221,412,2906,3318
mlkem512,222,412,2906,3318
mlkem512,223,626,2906,3532
mlkem512,224,412,2906,3318
mlkem512,225,412,2906,3318
mlkem512,226,412,2906,3318
mlkem512,227,412,2906,3318
mlkem512,228,626,2906,3532
mlkem512,229,626,2906,3532
mlkem512,230,626,2906,3532
mlkem512,231,412,2906,3318
mlkem512,232,412,2906,3318
mlkem512,233,412,2906,3318
mlkem512,234,560,2906,3466
mlkem512,235,412,2906,3318
mlkem512,236,412,2906,3318
mlkem512,237,412,2906,3318
mlkem512,238,346,2906,3252
mlkem512,239,346,2906,3252
mlkem512,240,412,2906,3318
mlkem512,241,626,2906,3532
mlkem512,242,412,2906,3318
mlkem512,243,412,2906,3318
mlkem512,244,412,2906,3318
mlkem512,245,412,2906,3318
mlkem512,246,412,2906,3318
mlkem512,247,412,2906,3318
mlkem512,248,412,2906,3318
mlkem512,249,412,2906,3318
mlkem512,250,412,2906,3318
mlkem512,251,412,2906,3318
mlkem512,252,412,2906,3318
mlkem512,253,412,2906,3318
mlkem512,254,412,2906,3318
mlkem512,255,412,2906,3318
mlkem512,256,412,2906,3318
mlkem512,257,412,2906,3318
mlkem512,258,412,2906,3318
mlkem512,259,346,2906,3252
mlkem512,260,412,2906,3318
mlkem512,261,412,2906,3318
mlkem512,262,412,2906,3318
mlkem512,263,412,2906,3318
mlkem512,264,412,2906,3318
mlkem512,265,412,2906,3318
mlkem512,266,412,2906,3318
mlkem512,267,412,2906,3318
mlkem512,268,412,2906,3318
mlkem512,269,412,2906,3318
mlkem512,270,412,2906,3318
mlkem512,271,626,2906,3532
mlkem512,272,486,2906,3392
mlkem512,273,412,2906,3318
mlkem512,274,412,2906,3318
mlkem512,275,412,2906,3318
mlkem512,276,412,2906,3318
mlkem512,277,486,2906,3392
mlkem512,278,486,2906,3392
mlkem512,279,412,2906,3318
mlkem512,280,412,2906,3318
mlkem512,281,412,2906,3318
mlkem512,282,412,2906,3318
mlkem512,283,412,2906,3318
mlkem512,284,412,2906,3318
mlkem512,285,412,2906,3318
mlkem512,286,412,2906,3318
mlkem512,287,346,2906,3252
mlkem512,288,412,2906,3318
mlkem512,289,346,2906,3252
mlkem512,290,412,2906,3318
mlkem512,291,412,2906,3318
mlkem512,292,412,2906,3318
mlkem512,293,412,2906,3318
mlkem512,294,412,2906,3318
mlkem512,295,412,2906,3318
mlkem512,296,412,2906,3318
mlkem512,297,412,2906,3318
mlkem512,298,412,2906,3318
mlkem512,299,412,2906,3318
mlkem512,300,412,2906,3318
mlkem512,301,412,2906,3318
mlkem512,302,412,2906,3318
mlkem512,303,412,2906,3318
mlkem512,304,1778,2906,4684
mlkem512,305,412,2906,3318
mlkem512,306,346,2906,3252
mlkem512,307,412,2906,3318
mlkem512,308,412,2906,3318
mlkem512,309,346,2906,3252
mlkem512,310,412,2906,3318
mlkem512,311,412,2906,3318
mlkem512,312,412,2906,3318
mlkem512,313,412,2906,3318
mlkem512,314,412,2906,3318
mlkem512,315,1778,2906,4684
mlkem512,316,346,2906,3252
mlkem512,317,412,2906,3318
mlkem512,318,412,2906,3318
mlkem512,319,412,2906,3318
mlkem512,320,412,2906,3318
mlkem512,321,486,2906,3392
mlkem512,322,346,2906,3252
mlkem512,323,346,2906,3252
mlkem512,324,412,2906,3318
mlkem512,325,412,2906,3318
mlkem512,326,412,2906,3318
mlkem512,327,412,2906,3318
mlkem512,328,412,2906,3318
mlkem512,329,346,2906,3252
mlkem512,330,486,2906,3392
mlkem512,331,412,2906,3318
mlkem512,332,412,2906,3318
mlkem512,333,412,2906,3318
mlkem512,334,412,2906,3318
mlkem512,335,412,2906,3318
mlkem512,336,412,2906,3318
mlkem512,337,412,2906,3318
mlkem512,338,412,2906,3318
mlkem512,339,412,2906,3318
mlkem512,340,346,2906,3252
mlkem512,341,412,2906,3318
mlkem512,342,412,2906,3318
mlkem512,343,412,2906,3318
mlkem512,344,412,2906,3318
mlkem512,345,412,2906,3318
mlkem512,346,412,2906,3318
mlkem512,347,412,2906,3318
mlkem512,348,626,2906,3532
mlkem512,349,412,2906,3318
mlkem512,350,412,2906,3318
mlkem512,351,412,2906,3318
mlkem512,352,412,2906,3318
mlkem512,353,412,2906,3318
mlkem512,354,626,2906,3532
mlkem512,355,412,2906,3318
mlkem512,356,412,2906,3318
mlkem512,357,412,2906,3318
mlkem512,358,346,2906,3252
mlkem512,359,412,2906,3318
mlkem512,360,412,2906,3318
mlkem512,361,412,2906,3318
mlkem512,362,412,2906,3318
mlkem512,363,412,2906,3318
mlkem512,364,412,2906,3318
mlkem512,365,412,2906,3318
mlkem512,366,412,2906,3318
mlkem512,367,412,2906,3318
mlkem512,368,412,2906,3318
mlkem512,369,412,2906,3318
mlkem512,370,412,2906,3318
mlkem512,371,412,2906,3318
mlkem512,372,412,2906,3318
mlkem512,373,560,2906,3466
mlkem512,374,412,2906,3318
mlkem512,375,412,2906,3318
mlkem512,376,412,2906,3318
mlkem512,377,346,2906,3252
mlkem512,378,412,2906,3318
mlkem512,379,412,2906,3318
mlkem512,380,412,2906,3318
mlkem512,381,412,2906,3318
mlkem512,382,412,2906,3318
mlkem512,383,412,2906,3318
mlkem512,384,1712,2906,4618
mlkem512,385,412,2906,3318
mlkem512,386,412,2906,3318
mlkem512,387,412,2906,3318
mlkem512,388,412,2906,3318
mlkem512,389,412,2906,3318
mlkem512,390,412,2906,3318
mlkem512,391,626,2906,3532
mlkem512,392,412,2906,3318
mlkem512,393,412,2906,3318
mlkem512,394,3250,1434,4684
mlkem512,395,412,2906,3318
mlkem512,396,412,2906,3318
mlkem512,397,412,2906,3318
mlkem512,398,412,2906,3318
mlkem512,399,412,2906,3318
mlkem512,400,1778,2906,4684
mlkem512,401,412,2906,3318
mlkem512,402,412,2906,3318
mlkem512,403,412,2906,3318
mlkem512,404,486,2906,3392
mlkem512,405,412,2906,3318
mlkem512,406,412,2906,3318
mlkem512,407,412,2906,3318
mlkem512,408,412,2906,3318
mlkem512,409,412,2906,3318
mlkem512,410,412,2906,3318
mlkem512,411,412,2906,3318
mlkem512,412,412,2906,3318
mlkem512,413,412,2906,3318
mlkem512,414,626,2906,3532
mlkem512,415,412,2906,3318
mlkem512,416,412,2906,3318
mlkem512,417,560,2906,3466
mlkem512,418,412,2906,3318
mlkem512,419,412,2906,3318
mlkem512,420,626,2906,3532
mlkem512,421,346,2906,3252
mlkem512,422,412,2906,3318
mlkem512,423,412,2906,3318
mlkem512,424,412,2906,3318
mlkem512,425,412,2906,3318
mlkem512,426,346,2906,3252
mlkem512,427,412,2906,3318
mlkem512,428,412,2906,3318
mlkem512,429,412,2906,3318
mlkem512,430,346,2906,3252
mlkem512,431,412,2906,3318
mlkem512,432,346,2906,3252
mlkem512,433,412,2906,3318
mlkem512,434,412,2906,3318
mlkem512,435,412,2906,3318
mlkem512,436,412,2906,3318
mlkem512,437,412,2906,3318
mlkem512,438,412,2906,3318
mlkem512,439,412,2906,3318
mlkem512,440,412,2906,3318
mlkem512,441,346,2906,3252
mlkem512,442,420,2906,3326
mlkem512,443,346,2906,3252
mlkem512,444,412,2906,3318
mlkem512,445,412,2906,3318
mlkem512,446,412,2906,3318
mlkem512,447,412,2906,3318
mlkem512,448,412,2906,3318
mlkem512,449,412,2906,3318
mlkem512,450,412,2906,3318
mlkem512,451,412,2906,3318
mlkem512,452,412,2906,3318
mlkem512,453,412,2906,3318
mlkem512,454,412,2906,3318
mlkem512,455,626,2906,3532
mlkem512,456,346,2906,3252
mlkem512,457,412,2906,3318
mlkem512,458,412,2906,3318
mlkem512,459,412,2906,3318
mlkem512,460,626,2906,3532
mlkem512,461,412,2906,3318
mlkem512,462,412,2906,3318
mlkem512,463,412,2906,3318
mlkem512,464,412,2906,3318
mlkem512,465,346,2906,3252
mlkem512,466,412,2906,3318
mlkem512,467,412,2906,3318
mlkem512,468,412,2906,3318
mlkem512,469,412,2906,3318
mlkem512,470,412,2906,3318
mlkem512,471,412,2906,3318
mlkem512,472,412,2906,3318
mlkem512,473,626,2906,3532
mlkem512,474,412,2906,3318
mlkem512,475,346,2906,3252
mlkem512,476,412,2906,3318
mlkem512,477,626,2906,3532
mlkem512,478,412,2906,3318
mlkem512,479,412,2906,3318
mlkem512,480,412,2906,3318
mlkem512,481,412,2906,3318
mlkem512,482,412,2906,3318
mlkem512,483,412,2906,3318
mlkem512,484,412,2906,3318
mlkem512,485,412,2906,3318
mlkem512,486,346,2906,3252
mlkem512,487,412,2906,3318
mlkem512,488,412,2906,3318
mlkem512,489,412,2906,3318
mlkem512,490,412,2906,3318
mlkem512,491,346,2906,3252
mlkem512,492,412,2906,3318
mlkem512,493,412,2906,3318
mlkem512,494,412,2906,3318
mlkem512,495,626,2906,3532
mlkem512,496,412,2906,3318
mlkem512,497,486,2906,3392
mlkem512,498,412,2906,3318
mlkem512,499,412,2906,3318
mlkem512,500,412,2906,3318
