Handshake_ID,P-256_Time_ms,P-256_Bytes_TCP,P-256_Bytes_TLS,P-256_Bytes_Total,4,x25519_Time_ms,x25519_Bytes_TCP,x25519_Bytes_TLS,x25519_Bytes_Total,9,p256_mlkem512_Time_ms,p256_mlkem512_Bytes_TCP,p256_mlkem512_Bytes_TLS,p256_mlkem512_Bytes_Total,14,x25519_mlkem512_Time_ms,x25519_mlkem512_Bytes_TCP,x25519_mlkem512_Bytes_TLS,x25519_mlkem512_Bytes_Total,19,mlkem512_Time_ms,mlkem512_Bytes_TCP,mlkem512_Bytes_TLS,mlkem512_Bytes_Total
1,2.33,412.0,1476.0,1888.0,,2.22,412.0,1410.0,1822.0,,10.46,412.0,3036.0,3448.0,,3.29,412.0,2970.0,3382.0,,3.6,412.0,2906.0,3318.0
2,2.04,346.0,1476.0,1822.0,,1.86,412.0,1410.0,1822.0,,8.01,412.0,3036.0,3448.0,,2.51,412.0,2970.0,3382.0,,2.9,412.0,2906.0,3318.0
3,2.08,412.0,1476.0,1888.0,,2.24,412.0,1410.0,1822.0,,7.78,412.0,3036.0,3448.0,,1042.63,626.0,2970.0,3596.0,,1012.59,626.0,2906.0,3532.0
4,1.96,412.0,1476.0,1888.0,,1.87,412.0,1410.0,1822.0,,7.53,412.0,3036.0,3448.0,,2.44,346.0,2970.0,3316.0,,2.15,412.0,2906.0,3318.0
5,1.91,412.0,1476.0,1888.0,,1.85,412.0,1410.0,1822.0,,7.72,412.0,3036.0,3448.0,,1065.02,626.0,2970.0,3596.0,,2.84,412.0,2906.0,3318.0
6,1.84,412.0,1476.0,1888.0,,1.94,412.0,1410.0,1822.0,,7.54,412.0,3036.0,3448.0,,2.62,412.0,2970.0,3382.0,,2.2,412.0,2906.0,3318.0
7,1.96,412.0,1476.0,1888.0,,1.89,412.0,1410.0,1822.0,,11.05,2004.0,1588.0,3592.0,,2.75,412.0,2970.0,3382.0,,2.77,412.0,2906.0,3318.0
8,1.64,412.0,1476.0,1888.0,,1.81,412.0,1410.0,1822.0,,7.51,412.0,3036.0,3448.0,,2.66,412.0,2970.0,3382.0,,2.36,412.0,2906.0,3318.0
9,1.91,412.0,1476.0,1888.0,,1.71,412.0,1410.0,1822.0,,1038.17,692.0,3102.0,3794.0,,2.63,412.0,2970.0,3382.0,,2.48,412.0,2906.0,3318.0
10,1.84,412.0,1476.0,1888.0,,1.81,412.0,1410.0,1822.0,,11.35,2004.0,1588.0,3592.0,,2.61,412.0,2970.0,3382.0,,2.59,412.0,2906.0,3318.0
11,1.64,412.0,1476.0,1888.0,,2.0,412.0,1410.0,1822.0,,7.33,346.0,3036.0,3382.0,,2.44,346.0,2970.0,3316.0,,3.2,412.0,2906.0,3318.0
12,1.83,412.0,1476.0,1888.0,,1.95,412.0,1410.0,1822.0,,7.45,412.0,3036.0,3448.0,,2.48,412.0,2970.0,3382.0,,2.26,412.0,2906.0,3318.0
13,1.76,412.0,1476.0,1888.0,,2.2,412.0,1410.0,1822.0,,1021.39,692.0,3102.0,3794.0,,2.58,412.0,2970.0,3382.0,,2.4,412.0,2906.0,3318.0
14,1.9,412.0,1476.0,1888.0,,2.4,412.0,1410.0,1822.0,,8.16,412.0,3036.0,3448.0,,2.52,412.0,2970.0,3382.0,,2.48,412.0,2906.0,3318.0
15,2.03,412.0,1476.0,1888.0,,1.83,412.0,1410.0,1822.0,,7.81,412.0,3036.0,3448.0,,2.81,412.0,2970.0,3382.0,,1237.29,626.0,2906.0,3532.0
16,1.8,412.0,1476.0,1888.0,,1.88,412.0,1410.0,1822.0,,8.17,412.0,3036.0,3448.0,,1002.93,486.0,2970.0,3456.0,,2.4,412.0,2906.0,3318.0
17,2.0,412.0,1476.0,1888.0,,1.68,412.0,1410.0,1822.0,,8.08,412.0,3036.0,3448.0,,2.65,412.0,2970.0,3382.0,,1047.51,626.0,2906.0,3532.0
18,1.75,412.0,1476.0,1888.0,,1.77,412.0,1410.0,1822.0,,8.3,412.0,3036.0,3448.0,,2.54,412.0,2970.0,3382.0,,2.59,412.0,2906.0,3318.0
19,1.71,412.0,1476.0,1888.0,,1.61,412.0,1410.0,1822.0,,1047.58,552.0,3102.0,3654.0,,2.37,412.0,2970.0,3382.0,,2.17,412.0,2906.0,3318.0
20,2.02,412.0,1476.0,1888.0,,1.51,412.0,1410.0,1822.0,,7.96,346.0,3036.0,3382.0,,2.41,412.0,2970.0,3382.0,,2.13,412.0,2906.0,3318.0
21,1.89,412.0,1476.0,1888.0,,2.1,412.0,1410.0,1822.0,,7.82,346.0,3036.0,3382.0,,2.16,412.0,2970.0,3382.0,,2.19,412.0,2906.0,3318.0
22,1.94,412.0,1476.0,1888.0,,2.1,412.0,1410.0,1822.0,,7.25,412.0,3036.0,3448.0,,2.45,412.0,2970.0,3382.0,,2.34,346.0,2906.0,3252.0
23,1.85,412.0,1476.0,1888.0,,1.91,412.0,1410.0,1822.0,,7.36,412.0,3036.0,3448.0,,2.41,412.0,2970.0,3382.0,,2.05,412.0,2906.0,3318.0
24,1.75,412.0,1476.0,1888.0,,1.81,412.0,1410.0,1822.0,,7.43,412.0,3036.0,3448.0,,2.36,412.0,2970.0,3382.0,,2.73,412.0,2906.0,3318.0
25,1.78,412.0,1476.0,1888.0,,1.83,412.0,1410.0,1822.0,,8.14,412.0,3036.0,3448.0,,2.42,412.0,2970.0,3382.0,,2.18,412.0,2906.0,3318.0
26,415.46,412.0,1476.0,1888.0,,1.84,412.0,1410.0,1822.0,,8.12,412.0,3036.0,3448.0,,2.34,412.0,2970.0,3382.0,,2.8,412.0,2906.0,3318.0
27,1062.2,626.0,1476.0,2102.0,,1.95,412.0,1410.0,1822.0,,7.87,412.0,3036.0,3448.0,,2.52,412.0,2970.0,3382.0,,1010.14,626.0,2906.0,3532.0
28,2.03,412.0,1476.0,1888.0,,1.79,412.0,1410.0,1822.0,,7.89,412.0,3036.0,3448.0,,2.2,412.0,2970.0,3382.0,,2.8,412.0,2906.0,3318.0
29,1.86,412.0,1476.0,1888.0,,1.82,412.0,1410.0,1822.0,,7.66,412.0,3036.0,3448.0,,2.71,412.0,2970.0,3382.0,,2.11,412.0,2906.0,3318.0
30,1.69,412.0,1476.0,1888.0,,1.83,412.0,1410.0,1822.0,,1025.87,552.0,3102.0,3654.0,,2.29,412.0,2970.0,3382.0,,2.95,412.0,2906.0,3318.0
31,1.7,412.0,1476.0,1888.0,,1.82,412.0,1410.0,1822.0,,7.73,412.0,3036.0,3448.0,,2.5,412.0,2970.0,3382.0,,2.39,346.0,2906.0,3252.0
32,208.92,412.0,1476.0,1888.0,,1.82,412.0,1410.0,1822.0,,7.71,412.0,3036.0,3448.0,,2.77,412.0,2970.0,3382.0,,2.13,412.0,2906.0,3318.0
33,2.36,346.0,1476.0,1822.0,,1.81,412.0,1410.0,1822.0,,7.91,412.0,3036.0,3448.0,,2.33,412.0,2970.0,3382.0,,2.17,412.0,2906.0,3318.0
34,2.16,412.0,1476.0,1888.0,,1.79,412.0,1410.0,1822.0,,7.68,412.0,3036.0,3448.0,,2.29,412.0,2970.0,3382.0,,206.63,412.0,2906.0,3318.0
35,2.05,412.0,1476.0,1888.0,,1.89,412.0,1410.0,1822.0,,7.7,412.0,3036.0,3448.0,,2.24,412.0,2970.0,3382.0,,203.84,412.0,2906.0,3318.0
36,1027.76,626.0,1476.0,2102.0,,1.87,412.0,1410.0,1822.0,,7.5,412.0,3036.0,3448.0,,3.1,412.0,2970.0,3382.0,,2.19,412.0,2906.0,3318.0
37,2.0,412.0,1476.0,1888.0,,1.77,412.0,1410.0,1822.0,,7.59,412.0,3036.0,3448.0,,3.15,346.0,2970.0,3316.0,,207.61,412.0,2906.0,3318.0
38,1.9,412.0,1476.0,1888.0,,2.07,412.0,1410.0,1822.0,,7.78,412.0,3036.0,3448.0,,3.11,412.0,2970.0,3382.0,,2.3,412.0,2906.0,3318.0
39,1.73,412.0,1476.0,1888.0,,2.15,412.0,1410.0,1822.0,,7.72,412.0,3036.0,3448.0,,2.29,412.0,2970.0,3382.0,,2.37,412.0,2906.0,3318.0
40,1.79,412.0,1476.0,1888.0,,1.94,412.0,1410.0,1822.0,,7.75,412.0,3036.0,3448.0,,2.27,412.0,2970.0,3382.0,,2.41,412.0,2906.0,3318.0
41,1.72,412.0,1476.0,1888.0,,2.33,412.0,1410.0,1822.0,,7.83,412.0,3036.0,3448.0,,2.32,412.0,2970.0,3382.0,,2.34,412.0,2906.0,3318.0
42,1.69,412.0,1476.0,1888.0,,1.86,412.0,1410.0,1822.0,,1215.64,704.0,3102.0,3806.0,,2.73,412.0,2970.0,3382.0,,2.12,412.0,2906.0,3318.0
43,1.66,412.0,1476.0,1888.0,,1.79,412.0,1410.0,1822.0,,8.25,412.0,3036.0,3448.0,,2.32,412.0,2970.0,3382.0,,2.27,412.0,2906.0,3318.0
44,1.69,412.0,1476.0,1888.0,,1.81,412.0,1410.0,1822.0,,8.15,412.0,3036.0,3448.0,,2.28,412.0,2970.0,3382.0,,2.08,346.0,2906.0,3252.0
45,1.67,412.0,1476.0,1888.0,,1.79,412.0,1410.0,1822.0,,7.92,412.0,3036.0,3448.0,,2.34,412.0,2970.0,3382.0,,1272.28,626.0,2906.0,3532.0
46,205.68,412.0,1476.0,1888.0,,1.84,412.0,1410.0,1822.0,,8.07,412.0,3036.0,3448.0,,2.2,412.0,2970.0,3382.0,,2.13,412.0,2906.0,3318.0
47,2.0,346.0,1476.0,1822.0,,1.9,412.0,1410.0,1822.0,,7.95,346.0,3036.0,3382.0,,2.47,412.0,2970.0,3382.0,,2.79,412.0,2906.0,3318.0
48,1.86,412.0,1476.0,1888.0,,2.17,412.0,1410.0,1822.0,,7.89,412.0,3036.0,3448.0,,2.33,412.0,2970.0,3382.0,,2.01,412.0,2906.0,3318.0
49,2.1,346.0,1476.0,1822.0,,1.84,412.0,1410.0,1822.0,,8.38,412.0,3036.0,3448.0,,2.52,412.0,2970.0,3382.0,,2.03,412.0,2906.0,3318.0
50,2.01,412.0,1476.0,1888.0,,1.9,412.0,1410.0,1822.0,,8.42,412.0,3036.0,3448.0,,2.43,412.0,2970.0,3382.0,,208.07,412.0,2906.0,3318.0
51,2.28,412.0,1476.0,1888.0,,1.66,412.0,1410.0,1822.0,,7.96,346.0,3036.0,3382.0,,2.33,412.0,2970.0,3382.0,,2.17,412.0,2906.0,3318.0
52,1.73,412.0,1476.0,1888.0,,1.76,412.0,1410.0,1822.0,,8.09,412.0,3036.0,3448.0,,2.4,412.0,2970.0,3382.0,,2.11,412.0,2906.0,3318.0
53,1211.95,626.0,1476.0,2102.0,,1.78,412.0,1410.0,1822.0,,8.0,412.0,3036.0,3448.0,,2.35,346.0,2970.0,3316.0,,2.15,412.0,2906.0,3318.0
54,2.32,412.0,1476.0,1888.0,,1.97,412.0,1410.0,1822.0,,8.02,412.0,3036.0,3448.0,,2.42,412.0,2970.0,3382.0,,2.11,412.0,2906.0,3318.0
55,4.65,412.0,1476.0,1888.0,,1.85,412.0,1410.0,1822.0,,11.85,2004.0,1588.0,3592.0,,2.44,412.0,2970.0,3382.0,,1060.03,626.0,2906.0,3532.0
56,2.65,412.0,1476.0,1888.0,,1.79,412.0,1410.0,1822.0,,8.44,412.0,3036.0,3448.0,,2.4,412.0,2970.0,3382.0,,2.09,412.0,2906.0,3318.0
57,2.69,412.0,1476.0,1888.0,,1.85,412.0,1410.0,1822.0,,8.36,412.0,3036.0,3448.0,,2.34,412.0,2970.0,3382.0,,415.54,412.0,2906.0,3318.0
58,2.14,412.0,1476.0,1888.0,,1.59,412.0,1410.0,1822.0,,7.86,412.0,3036.0,3448.0,,2.42,412.0,2970.0,3382.0,,2.31,412.0,2906.0,3318.0
59,2.09,412.0,1476.0,1888.0,,1.53,412.0,1410.0,1822.0,,7.22,412.0,3036.0,3448.0,,2.2,412.0,2970.0,3382.0,,2.2,412.0,2906.0,3318.0
60,2.13,412.0,1476.0,1888.0,,1.9,412.0,1410.0,1822.0,,8.06,412.0,3036.0,3448.0,,2.27,412.0,2970.0,3382.0,,2.09,412.0,2906.0,3318.0
61,2.21,412.0,1476.0,1888.0,,2.0,412.0,1410.0,1822.0,,8.21,412.0,3036.0,3448.0,,2.29,412.0,2970.0,3382.0,,2.05,412.0,2906.0,3318.0
62,2.04,412.0,1476.0,1888.0,,2.01,412.0,1410.0,1822.0,,8.1,412.0,3036.0,3448.0,,2.56,412.0,2970.0,3382.0,,2.44,412.0,2906.0,3318.0
63,2.36,412.0,1476.0,1888.0,,1.8,412.0,1410.0,1822.0,,7.65,412.0,3036.0,3448.0,,2.44,346.0,2970.0,3316.0,,2.37,412.0,2906.0,3318.0
64,1045.78,626.0,1476.0,2102.0,,1.92,412.0,1410.0,1822.0,,7.77,412.0,3036.0,3448.0,,2.64,412.0,2970.0,3382.0,,2.26,412.0,2906.0,3318.0
65,1.93,412.0,1476.0,1888.0,,1.7,412.0,1410.0,1822.0,,7.74,412.0,3036.0,3448.0,,206.98,412.0,2970.0,3382.0,,2.14,412.0,2906.0,3318.0
66,1.77,412.0,1476.0,1888.0,,1.81,412.0,1410.0,1822.0,,7.97,412.0,3036.0,3448.0,,2.36,412.0,2970.0,3382.0,,2.25,412.0,2906.0,3318.0
67,1.71,412.0,1476.0,1888.0,,1.8,412.0,1410.0,1822.0,,7.54,412.0,3036.0,3448.0,,2.99,412.0,2970.0,3382.0,,2.21,412.0,2906.0,3318.0
68,1.98,412.0,1476.0,1888.0,,2.01,412.0,1410.0,1822.0,,7.86,412.0,3036.0,3448.0,,2.36,412.0,2970.0,3382.0,,2.02,412.0,2906.0,3318.0
69,1.71,412.0,1476.0,1888.0,,1.65,412.0,1410.0,1822.0,,7.91,412.0,3036.0,3448.0,,1019.35,486.0,2970.0,3456.0,,204.9,412.0,2906.0,3318.0
70,1.63,412.0,1476.0,1888.0,,1.85,412.0,1410.0,1822.0,,1071.72,692.0,3102.0,3794.0,,3.16,412.0,2970.0,3382.0,,2.64,412.0,2906.0,3318.0
71,1.62,412.0,1476.0,1888.0,,2.29,412.0,1410.0,1822.0,,11.85,2004.0,1588.0,3592.0,,2.29,412.0,2970.0,3382.0,,2.07,412.0,2906.0,3318.0
72,1.65,412.0,1476.0,1888.0,,1.93,412.0,1410.0,1822.0,,7.81,412.0,3036.0,3448.0,,2.47,412.0,2970.0,3382.0,,1.93,412.0,2906.0,3318.0
73,1.65,412.0,1476.0,1888.0,,1.83,412.0,1410.0,1822.0,,8.08,412.0,3036.0,3448.0,,2.76,412.0,3612.0,4024.0,,2.17,412.0,2906.0,3318.0
74,1.66,412.0,1476.0,1888.0,,1.7,412.0,1410.0,1822.0,,7.84,412.0,3036.0,3448.0,,2.41,346.0,2970.0,3316.0,,1.8,412.0,2906.0,3318.0
75,1.63,412.0,1476.0,1888.0,,1.83,412.0,1410.0,1822.0,,7.91,412.0,3036.0,3448.0,,2.43,412.0,2970.0,3382.0,,2.13,412.0,2906.0,3318.0
76,1.79,412.0,1476.0,1888.0,,1.79,412.0,1410.0,1822.0,,1044.07,692.0,3102.0,3794.0,,4643.21,626.0,2970.0,3596.0,,2.09,412.0,2906.0,3318.0
77,2.02,346.0,1476.0,1822.0,,1.66,412.0,1410.0,1822.0,,8.4,412.0,3036.0,3448.0,,2.24,412.0,2970.0,3382.0,,2.05,412.0,2906.0,3318.0
78,2.02,412.0,1476.0,1888.0,,1.6,412.0,1410.0,1822.0,,8.66,412.0,3036.0,3448.0,,2.76,412.0,3612.0,4024.0,,2.01,412.0,2906.0,3318.0
79,1.97,412.0,1476.0,1888.0,,1.67,412.0,1410.0,1822.0,,8.27,412.0,3036.0,3448.0,,2.53,412.0,2970.0,3382.0,,1.84,412.0,2906.0,3318.0
80,1.85,412.0,1476.0,1888.0,,1.48,412.0,1410.0,1822.0,,8.4,412.0,3036.0,3448.0,,2.5,412.0,2970.0,3382.0,,1.84,412.0,2906.0,3318.0
81,1.72,412.0,1476.0,1888.0,,1.56,412.0,1410.0,1822.0,,8.51,412.0,3036.0,3448.0,,2.41,412.0,2970.0,3382.0,,1.82,412.0,2906.0,3318.0
82,1.62,412.0,1476.0,1888.0,,1.99,412.0,1410.0,1822.0,,10.2,346.0,3036.0,3382.0,,2.3,346.0,2970.0,3316.0,,1.73,412.0,2906.0,3318.0
83,205.67,412.0,1476.0,1888.0,,2.06,412.0,1410.0,1822.0,,9.04,412.0,3036.0,3448.0,,2.39,412.0,2970.0,3382.0,,2.06,412.0,2906.0,3318.0
84,2.0,412.0,1476.0,1888.0,,1.91,412.0,1410.0,1822.0,,8.13,412.0,3036.0,3448.0,,2.69,412.0,2970.0,3382.0,,2.02,346.0,2906.0,3252.0
85,1.69,412.0,1476.0,1888.0,,1.78,412.0,1410.0,1822.0,,8.39,412.0,3036.0,3448.0,,2.34,412.0,2970.0,3382.0,,2.06,412.0,2906.0,3318.0
86,1.74,412.0,1476.0,1888.0,,2.44,412.0,1410.0,1822.0,,8.11,412.0,3036.0,3448.0,,2.64,412.0,2970.0,3382.0,,2.01,412.0,2906.0,3318.0
87,1.69,412.0,1476.0,1888.0,,1.81,412.0,1410.0,1822.0,,9.96,412.0,3036.0,3448.0,,2.63,412.0,2970.0,3382.0,,2.03,412.0,2906.0,3318.0
88,2.19,412.0,1476.0,1888.0,,1.78,412.0,1410.0,1822.0,,8.53,412.0,3036.0,3448.0,,2.39,346.0,2970.0,3316.0,,2.09,412.0,2906.0,3318.0
89,1.81,412.0,1476.0,1888.0,,1.85,412.0,1410.0,1822.0,,9.93,412.0,3036.0,3448.0,,2.54,412.0,2970.0,3382.0,,2.05,412.0,2906.0,3318.0
90,1.69,412.0,1476.0,1888.0,,1.79,412.0,1410.0,1822.0,,8.93,412.0,3036.0,3448.0,,2.39,412.0,2970.0,3382.0,,2.12,412.0,2906.0,3318.0
91,1.69,412.0,1476.0,1888.0,,1.89,412.0,1410.0,1822.0,,8.04,412.0,3036.0,3448.0,,2.43,412.0,2970.0,3382.0,,2.41,412.0,2906.0,3318.0
92,1.62,412.0,1476.0,1888.0,,1.69,412.0,1410.0,1822.0,,8.55,412.0,3036.0,3448.0,,2.43,412.0,2970.0,3382.0,,1.96,412.0,2906.0,3318.0
93,1.74,412.0,1476.0,1888.0,,2.41,412.0,1410.0,1822.0,,8.41,412.0,3036.0,3448.0,,2.67,412.0,2970.0,3382.0,,2.02,412.0,2906.0,3318.0
94,2.64,412.0,1476.0,1888.0,,1.95,412.0,1410.0,1822.0,,8.19,412.0,3036.0,3448.0,,2.33,412.0,2970.0,3382.0,,2.03,412.0,2906.0,3318.0
95,2.67,412.0,1476.0,1888.0,,1.99,412.0,1410.0,1822.0,,8.3,412.0,3036.0,3448.0,,2.37,412.0,2970.0,3382.0,,210.02,412.0,2906.0,3318.0
96,1.91,412.0,1476.0,1888.0,,1.8,412.0,1410.0,1822.0,,8.38,412.0,3036.0,3448.0,,2.51,412.0,2970.0,3382.0,,2.16,412.0,2906.0,3318.0
97,2.23,412.0,1476.0,1888.0,,1.8,412.0,1410.0,1822.0,,8.45,412.0,3036.0,3448.0,,3.21,412.0,2970.0,3382.0,,2.32,412.0,2906.0,3318.0
98,2.09,412.0,1476.0,1888.0,,1.87,412.0,1410.0,1822.0,,8.12,412.0,3036.0,3448.0,,3.15,412.0,2970.0,3382.0,,2.08,412.0,2906.0,3318.0
99,2.09,412.0,1476.0,1888.0,,1.82,412.0,1410.0,1822.0,,9.04,412.0,3036.0,3448.0,,3.18,412.0,2970.0,3382.0,,2.06,346.0,2906.0,3252.0
100,2.11,412.0,1476.0,1888.0,,1.85,412.0,1410.0,1822.0,,8.4,412.0,3036.0,3448.0,,2.77,412.0,2970.0,3382.0,,2.06,412.0,2906.0,3318.0
101,2.14,346.0,1476.0,1822.0,,1.76,412.0,1410.0,1822.0,,8.01,412.0,3036.0,3448.0,,2.52,412.0,2970.0,3382.0,,2.1,412.0,2906.0,3318.0
102,2.28,412.0,1476.0,1888.0,,2.02,412.0,1410.0,1822.0,,7.99,412.0,3036.0,3448.0,,2.27,412.0,2970.0,3382.0,,2.06,412.0,2906.0,3318.0
103,1054.49,626.0,1476.0,2102.0,,1.81,412.0,1410.0,1822.0,,8.73,412.0,3036.0,3448.0,,2.56,412.0,2970.0,3382.0,,2.11,412.0,2906.0,3318.0
104,2.34,412.0,1476.0,1888.0,,1.82,412.0,1410.0,1822.0,,12.73,2004.0,1588.0,3592.0,,2.4,412.0,2970.0,3382.0,,2.06,412.0,2906.0,3318.0
105,2.08,412.0,1476.0,1888.0,,1.82,412.0,1410.0,1822.0,,8.38,412.0,3036.0,3448.0,,2.62,412.0,2970.0,3382.0,,2.18,412.0,2906.0,3318.0
106,2.08,412.0,1476.0,1888.0,,2.18,412.0,1410.0,1822.0,,8.64,412.0,3036.0,3448.0,,2.64,412.0,2970.0,3382.0,,2.91,412.0,2906.0,3318.0
107,1032.3,626.0,1476.0,2102.0,,1.83,412.0,1410.0,1822.0,,8.91,412.0,3036.0,3448.0,,2.8,346.0,2970.0,3316.0,,2.3,412.0,2906.0,3318.0
108,2.43,412.0,1476.0,1888.0,,1.89,412.0,1410.0,1822.0,,8.78,412.0,3036.0,3448.0,,2.63,412.0,2970.0,3382.0,,2.21,412.0,2906.0,3318.0
109,2.04,412.0,1476.0,1888.0,,1.81,412.0,1410.0,1822.0,,8.81,412.0,3036.0,3448.0,,2.6,412.0,2970.0,3382.0,,1056.56,626.0,2906.0,3532.0
110,208.87,412.0,1476.0,1888.0,,2.09,412.0,1410.0,1822.0,,8.53,412.0,3036.0,3448.0,,2.37,412.0,2970.0,3382.0,,1013.07,626.0,2906.0,3532.0
111,1.94,412.0,1476.0,1888.0,,1.86,412.0,1410.0,1822.0,,8.84,412.0,3036.0,3448.0,,2.35,412.0,2970.0,3382.0,,2.1,412.0,2906.0,3318.0
112,2.21,412.0,1476.0,1888.0,,1.84,412.0,1410.0,1822.0,,8.3,346.0,3036.0,3382.0,,2.11,412.0,2970.0,3382.0,,1065.24,626.0,2906.0,3532.0
113,1.86,412.0,1476.0,1888.0,,1.55,412.0,1410.0,1822.0,,7.6,412.0,3036.0,3448.0,,2.16,412.0,2970.0,3382.0,,2.12,412.0,2906.0,3318.0
114,1.94,412.0,1476.0,1888.0,,1.92,412.0,1410.0,1822.0,,9.17,412.0,3036.0,3448.0,,2.18,412.0,2970.0,3382.0,,2.16,412.0,2906.0,3318.0
115,1.96,412.0,1476.0,1888.0,,1.85,412.0,1410.0,1822.0,,8.63,412.0,3036.0,3448.0,,1012.27,626.0,2970.0,3596.0,,1.98,412.0,2906.0,3318.0
116,1.92,412.0,1476.0,1888.0,,1.98,412.0,1410.0,1822.0,,8.26,412.0,3036.0,3448.0,,2.29,412.0,2970.0,3382.0,,2.04,412.0,2906.0,3318.0
117,1.94,412.0,1476.0,1888.0,,1.8,412.0,1410.0,1822.0,,8.67,412.0,3036.0,3448.0,,2.19,412.0,2970.0,3382.0,,2.07,412.0,2906.0,3318.0
118,2.23,412.0,1476.0,1888.0,,1.83,412.0,1410.0,1822.0,,8.49,412.0,3036.0,3448.0,,2.18,412.0,2970.0,3382.0,,2.16,412.0,2906.0,3318.0
119,2.32,412.0,1476.0,1888.0,,1.71,412.0,1410.0,1822.0,,8.45,412.0,3036.0,3448.0,,2.04,412.0,2970.0,3382.0,,2.08,412.0,2906.0,3318.0
120,1038.25,486.0,1476.0,1962.0,,2.14,412.0,1410.0,1822.0,,8.27,412.0,3036.0,3448.0,,2.19,412.0,2970.0,3382.0,,2.11,412.0,2906.0,3318.0
121,1.98,412.0,1476.0,1888.0,,1.76,412.0,1410.0,1822.0,,8.02,412.0,3036.0,3448.0,,2.17,412.0,2970.0,3382.0,,2.05,412.0,2906.0,3318.0
122,2.02,412.0,1476.0,1888.0,,2.15,412.0,1410.0,1822.0,,11.23,412.0,3036.0,3448.0,,2.09,346.0,2970.0,3316.0,,2.15,412.0,2906.0,3318.0
123,2.08,346.0,1476.0,1822.0,,1.67,412.0,1410.0,1822.0,,1042.43,692.0,3102.0,3794.0,,2.14,412.0,2970.0,3382.0,,2.03,412.0,2906.0,3318.0
124,2.16,346.0,1476.0,1822.0,,1.91,412.0,1410.0,1822.0,,8.16,412.0,3036.0,3448.0,,2.32,412.0,2970.0,3382.0,,1.98,412.0,2906.0,3318.0
125,1.92,412.0,1476.0,1888.0,,1.78,412.0,1410.0,1822.0,,9.46,412.0,3036.0,3448.0,,2.13,412.0,2970.0,3382.0,,2.01,412.0,2906.0,3318.0
126,2.01,346.0,1476.0,1822.0,,1.84,412.0,1410.0,1822.0,,8.93,412.0,3036.0,3448.0,,2.16,412.0,2970.0,3382.0,,2.14,412.0,2906.0,3318.0
127,2.2,412.0,1476.0,1888.0,,1.94,412.0,1410.0,1822.0,,8.32,412.0,3036.0,3448.0,,2.99,412.0,2970.0,3382.0,,1.98,412.0,2906.0,3318.0
128,1.99,412.0,1476.0,1888.0,,1.81,412.0,1410.0,1822.0,,9.06,346.0,3036.0,3382.0,,2.11,412.0,2970.0,3382.0,,1024.36,626.0,2906.0,3532.0
129,210.84,412.0,1476.0,1888.0,,1.88,412.0,1410.0,1822.0,,8.07,412.0,3036.0,3448.0,,2.19,412.0,2970.0,3382.0,,2.23,412.0,2906.0,3318.0
130,1014.15,626.0,1476.0,2102.0,,1.82,412.0,1410.0,1822.0,,8.57,412.0,3036.0,3448.0,,2.45,412.0,2970.0,3382.0,,2.19,412.0,2906.0,3318.0
131,203.75,412.0,1476.0,1888.0,,1.69,412.0,1410.0,1822.0,,7.92,412.0,3036.0,3448.0,,2.5,412.0,2970.0,3382.0,,2.07,412.0,2906.0,3318.0
132,2.14,412.0,1476.0,1888.0,,1.63,412.0,1410.0,1822.0,,8.06,412.0,3036.0,3448.0,,2.2,412.0,2970.0,3382.0,,1.96,412.0,2906.0,3318.0
133,1.92,412.0,1476.0,1888.0,,1.83,412.0,1410.0,1822.0,,8.65,412.0,3036.0,3448.0,,2.19,412.0,2970.0,3382.0,,2.0,346.0,2906.0,3252.0
134,2.7,412.0,1476.0,1888.0,,1.81,412.0,1410.0,1822.0,,8.05,412.0,3036.0,3448.0,,2.38,412.0,2970.0,3382.0,,2.07,412.0,2906.0,3318.0
135,2.0,412.0,1476.0,1888.0,,1.86,412.0,1410.0,1822.0,,12.32,412.0,3036.0,3448.0,,2.19,412.0,2970.0,3382.0,,2.68,412.0,2906.0,3318.0
136,1.93,412.0,1476.0,1888.0,,1.8,412.0,1410.0,1822.0,,9.04,412.0,3036.0,3448.0,,2.32,412.0,2970.0,3382.0,,2.72,412.0,2906.0,3318.0
137,2.03,412.0,1476.0,1888.0,,1.84,412.0,1410.0,1822.0,,10.29,412.0,3036.0,3448.0,,2.23,412.0,2970.0,3382.0,,2.59,412.0,2906.0,3318.0
138,2.61,412.0,1476.0,1888.0,,1.82,412.0,1410.0,1822.0,,1046.89,692.0,3102.0,3794.0,,2.23,412.0,2970.0,3382.0,,207.33,412.0,2906.0,3318.0
139,1.93,412.0,1476.0,1888.0,,1.9,412.0,1410.0,1822.0,,7.96,346.0,3036.0,3382.0,,2.2,412.0,2970.0,3382.0,,2.29,412.0,2906.0,3318.0
140,1.73,412.0,1476.0,1888.0,,1.89,412.0,1410.0,1822.0,,8.32,412.0,3036.0,3448.0,,2.18,412.0,2970.0,3382.0,,2.17,412.0,2906.0,3318.0
141,1.98,412.0,1476.0,1888.0,,1.86,412.0,1410.0,1822.0,,221.46,478.0,3102.0,3580.0,,2.08,412.0,2970.0,3382.0,,2.06,412.0,2906.0,3318.0
142,1.96,412.0,1476.0,1888.0,,1.95,412.0,1410.0,1822.0,,8.75,412.0,3036.0,3448.0,,2.27,412.0,2970.0,3382.0,,1016.68,486.0,2906.0,3392.0
143,2.55,412.0,1476.0,1888.0,,1.86,412.0,1410.0,1822.0,,8.38,412.0,3036.0,3448.0,,2.69,412.0,2970.0,3382.0,,2.21,412.0,2906.0,3318.0
144,2.14,412.0,1476.0,1888.0,,1.92,412.0,1410.0,1822.0,,8.33,346.0,3036.0,3382.0,,2.38,412.0,2970.0,3382.0,,2.14,412.0,2906.0,3318.0
145,2.38,412.0,1476.0,1888.0,,1.65,412.0,1410.0,1822.0,,9.15,412.0,3036.0,3448.0,,2.23,412.0,2970.0,3382.0,,2.05,412.0,2906.0,3318.0
146,2.18,412.0,1476.0,1888.0,,1.63,412.0,1410.0,1822.0,,12.56,2004.0,1588.0,3592.0,,2.16,412.0,2970.0,3382.0,,2.14,412.0,2906.0,3318.0
147,2.19,412.0,1476.0,1888.0,,1.57,412.0,1410.0,1822.0,,8.12,412.0,3036.0,3448.0,,2.26,412.0,2970.0,3382.0,,2.14,346.0,2906.0,3252.0
148,1.86,412.0,1476.0,1888.0,,1.82,412.0,1410.0,1822.0,,8.58,412.0,3036.0,3448.0,,211.06,412.0,2970.0,3382.0,,2.01,412.0,2906.0,3318.0
149,1.96,412.0,1476.0,1888.0,,1.6,412.0,1410.0,1822.0,,7.92,412.0,3036.0,3448.0,,2.32,412.0,2970.0,3382.0,,2.06,412.0,2906.0,3318.0
150,1.86,412.0,1476.0,1888.0,,2.12,412.0,1410.0,1822.0,,11.12,2004.0,1588.0,3592.0,,2.31,412.0,2970.0,3382.0,,1050.36,626.0,2906.0,3532.0
151,1.92,412.0,1476.0,1888.0,,2.17,412.0,1410.0,1822.0,,8.34,346.0,3036.0,3382.0,,2.12,412.0,2970.0,3382.0,,2.15,412.0,2906.0,3318.0
152,2.27,412.0,1476.0,1888.0,,1.83,412.0,1410.0,1822.0,,7.75,412.0,3036.0,3448.0,,2.2,412.0,2970.0,3382.0,,1064.98,626.0,2906.0,3532.0
153,1.97,412.0,1476.0,1888.0,,1.81,412.0,1410.0,1822.0,,7.87,412.0,3036.0,3448.0,,2.06,412.0,2970.0,3382.0,,2.27,412.0,2906.0,3318.0
154,2.15,412.0,1476.0,1888.0,,1.64,412.0,1410.0,1822.0,,7.92,412.0,3036.0,3448.0,,2.01,412.0,2970.0,3382.0,,1271.28,626.0,2906.0,3532.0
155,2.26,412.0,1476.0,1888.0,,1.66,412.0,1410.0,1822.0,,9.15,412.0,3036.0,3448.0,,2.08,346.0,2970.0,3316.0,,2.15,412.0,2906.0,3318.0
156,1.97,412.0,1476.0,1888.0,,1.71,412.0,1410.0,1822.0,,7.9,412.0,3036.0,3448.0,,2.1,412.0,2970.0,3382.0,,2.07,412.0,2906.0,3318.0
157,1.98,412.0,1476.0,1888.0,,1.54,412.0,1410.0,1822.0,,7.64,412.0,3036.0,3448.0,,2.03,412.0,2970.0,3382.0,,2.23,412.0,2906.0,3318.0
158,1.99,346.0,1476.0,1822.0,,1.52,412.0,1410.0,1822.0,,8.81,412.0,3036.0,3448.0,,2.06,412.0,2970.0,3382.0,,2.05,412.0,2906.0,3318.0
159,2.04,412.0,1476.0,1888.0,,1.55,412.0,1410.0,1822.0,,7.9,412.0,3036.0,3448.0,,2.18,412.0,2970.0,3382.0,,1.97,412.0,2906.0,3318.0
160,2.63,412.0,1476.0,1888.0,,1.67,412.0,1410.0,1822.0,,7.83,412.0,3036.0,3448.0,,2.26,412.0,2970.0,3382.0,,209.16,412.0,2906.0,3318.0
161,1.95,412.0,1476.0,1888.0,,1.57,412.0,1410.0,1822.0,,7.98,412.0,3036.0,3448.0,,2.09,412.0,2970.0,3382.0,,2.32,412.0,2906.0,3318.0
162,1.94,412.0,1476.0,1888.0,,1.5,412.0,1410.0,1822.0,,9.45,412.0,3036.0,3448.0,,2.05,412.0,2970.0,3382.0,,2.26,412.0,2906.0,3318.0
163,2.02,412.0,1476.0,1888.0,,1.62,412.0,1410.0,1822.0,,11.56,412.0,3036.0,3448.0,,2.09,412.0,2970.0,3382.0,,2.09,412.0,2906.0,3318.0
164,2.05,412.0,1476.0,1888.0,,1.56,412.0,1410.0,1822.0,,10.47,412.0,3036.0,3448.0,,2.07,412.0,2970.0,3382.0,,2.22,412.0,2906.0,3318.0
165,1.99,412.0,1476.0,1888.0,,1.6,412.0,1410.0,1822.0,,7.43,412.0,3036.0,3448.0,,206.11,412.0,2970.0,3382.0,,204.41,412.0,2906.0,3318.0
166,1.96,412.0,1476.0,1888.0,,1.72,412.0,1410.0,1822.0,,8.47,412.0,3036.0,3448.0,,1022.24,560.0,2970.0,3530.0,,2.31,412.0,2906.0,3318.0
167,1.95,412.0,1476.0,1888.0,,1.61,412.0,1410.0,1822.0,,8.28,412.0,3036.0,3448.0,,1013.32,626.0,2970.0,3596.0,,2.27,412.0,2906.0,3318.0
168,1.9,412.0,1476.0,1888.0,,1.94,412.0,1410.0,1822.0,,7.54,412.0,3036.0,3448.0,,2.37,412.0,2970.0,3382.0,,2.13,412.0,2906.0,3318.0
169,208.79,412.0,1476.0,1888.0,,1.65,412.0,1410.0,1822.0,,7.26,412.0,3036.0,3448.0,,2.16,412.0,2970.0,3382.0,,2.41,412.0,2906.0,3318.0
170,1061.83,626.0,1476.0,2102.0,,2.44,412.0,1410.0,1822.0,,8.21,412.0,3036.0,3448.0,,2.11,346.0,2970.0,3316.0,,2.29,412.0,2906.0,3318.0
171,1.94,346.0,1476.0,1822.0,,2.1,412.0,1410.0,1822.0,,8.46,412.0,3036.0,3448.0,,2.11,412.0,2970.0,3382.0,,2.44,412.0,2906.0,3318.0
172,1.97,412.0,1476.0,1888.0,,1.9,412.0,1410.0,1822.0,,219.77,2004.0,1588.0,3592.0,,2.06,412.0,2970.0,3382.0,,2.13,412.0,2906.0,3318.0
173,2.05,412.0,1476.0,1888.0,,1.82,412.0,1410.0,1822.0,,8.58,412.0,3036.0,3448.0,,2.04,412.0,2970.0,3382.0,,2.12,412.0,2906.0,3318.0
174,2.02,412.0,1476.0,1888.0,,1.7,412.0,1410.0,1822.0,,8.04,412.0,3036.0,3448.0,,2.06,412.0,2970.0,3382.0,,2.28,412.0,2906.0,3318.0
175,1.93,412.0,1476.0,1888.0,,1.65,412.0,1410.0,1822.0,,7.56,412.0,3036.0,3448.0,,2.03,412.0,2970.0,3382.0,,2.23,412.0,2906.0,3318.0
176,2.4,412.0,1476.0,1888.0,,1.57,412.0,1410.0,1822.0,,8.36,412.0,3036.0,3448.0,,2.33,412.0,2970.0,3382.0,,2.23,412.0,2906.0,3318.0
177,2.04,412.0,1476.0,1888.0,,2.7,412.0,1410.0,1822.0,,8.59,412.0,3036.0,3448.0,,2.24,412.0,2970.0,3382.0,,2.12,412.0,2906.0,3318.0
178,1.9,412.0,1476.0,1888.0,,1.72,412.0,1410.0,1822.0,,1031.28,692.0,3102.0,3794.0,,2.18,412.0,2970.0,3382.0,,2.45,412.0,2906.0,3318.0
179,1.94,412.0,1476.0,1888.0,,1.59,412.0,1410.0,1822.0,,8.34,412.0,3036.0,3448.0,,2.14,412.0,2970.0,3382.0,,2.16,412.0,2906.0,3318.0
180,1.94,412.0,1476.0,1888.0,,1.54,412.0,1410.0,1822.0,,7.59,412.0,3036.0,3448.0,,2.07,412.0,2970.0,3382.0,,2.22,412.0,2906.0,3318.0
181,1.99,412.0,1476.0,1888.0,,1.6,412.0,1410.0,1822.0,,7.8,412.0,3036.0,3448.0,,2.19,412.0,2970.0,3382.0,,2.17,412.0,2906.0,3318.0
182,2.12,412.0,1476.0,1888.0,,1.53,412.0,1410.0,1822.0,,1021.03,692.0,3102.0,3794.0,,2.01,412.0,2970.0,3382.0,,2.22,412.0,2906.0,3318.0
183,2.03,346.0,1476.0,1822.0,,1.51,412.0,1410.0,1822.0,,7.47,412.0,3036.0,3448.0,,2.03,412.0,2970.0,3382.0,,2.07,412.0,2906.0,3318.0
184,1.97,412.0,1476.0,1888.0,,1.53,412.0,1410.0,1822.0,,8.5,412.0,3036.0,3448.0,,2.03,412.0,2970.0,3382.0,,2.17,412.0,2906.0,3318.0
185,2.05,412.0,1476.0,1888.0,,1.54,412.0,1410.0,1822.0,,7.5,412.0,3036.0,3448.0,,2.04,412.0,2970.0,3382.0,,2.1,346.0,2906.0,3252.0
186,2.24,412.0,1476.0,1888.0,,1.66,412.0,1410.0,1822.0,,8.2,412.0,3036.0,3448.0,,2.04,412.0,2970.0,3382.0,,2.11,412.0,2906.0,3318.0
187,1.86,412.0,1476.0,1888.0,,2.1,412.0,1410.0,1822.0,,7.77,412.0,3036.0,3448.0,,206.81,412.0,2970.0,3382.0,,2.17,412.0,2906.0,3318.0
188,1.93,412.0,1476.0,1888.0,,1.77,412.0,1410.0,1822.0,,7.82,412.0,3036.0,3448.0,,2.29,412.0,2970.0,3382.0,,2.2,412.0,2906.0,3318.0
189,1.9,412.0,1476.0,1888.0,,1.59,412.0,1410.0,1822.0,,7.37,412.0,3036.0,3448.0,,2.27,412.0,2970.0,3382.0,,2.32,412.0,2906.0,3318.0
190,1.93,412.0,1476.0,1888.0,,1.66,412.0,1410.0,1822.0,,7.32,412.0,3036.0,3448.0,,2.18,412.0,2970.0,3382.0,,2.21,412.0,2906.0,3318.0
191,1.86,346.0,1476.0,1822.0,,1.7,412.0,1410.0,1822.0,,8.39,412.0,3036.0,3448.0,,2.09,412.0,2970.0,3382.0,,2.22,412.0,2906.0,3318.0
192,1.83,412.0,1476.0,1888.0,,1.6,412.0,1410.0,1822.0,,7.36,346.0,3036.0,3382.0,,2.07,412.0,2970.0,3382.0,,1.93,412.0,2906.0,3318.0
193,1.88,346.0,1476.0,1822.0,,1.89,412.0,1410.0,1822.0,,7.19,346.0,3036.0,3382.0,,2.05,412.0,2970.0,3382.0,,2.19,412.0,2906.0,3318.0
194,1.85,412.0,1476.0,1888.0,,2.44,412.0,1410.0,1822.0,,9.82,412.0,3036.0,3448.0,,2.12,412.0,2970.0,3382.0,,2.02,412.0,2906.0,3318.0
195,1.87,412.0,1476.0,1888.0,,2.28,412.0,1410.0,1822.0,,7.38,412.0,3036.0,3448.0,,2.01,412.0,2970.0,3382.0,,1.95,412.0,2906.0,3318.0
196,2.38,412.0,1476.0,1888.0,,1.85,412.0,1410.0,1822.0,,7.23,412.0,3036.0,3448.0,,2.0,412.0,2970.0,3382.0,,1.96,412.0,2906.0,3318.0
197,1.83,412.0,1476.0,1888.0,,2.17,412.0,1410.0,1822.0,,11.15,412.0,3036.0,3448.0,,2.36,412.0,2970.0,3382.0,,4606.93,626.0,2906.0,3532.0
198,1.81,412.0,1476.0,1888.0,,2.03,412.0,1410.0,1822.0,,7.59,412.0,3036.0,3448.0,,2.28,412.0,2970.0,3382.0,,2.2,412.0,2906.0,3318.0
199,1059.85,626.0,1476.0,2102.0,,1.92,412.0,1410.0,1822.0,,8.29,412.0,3036.0,3448.0,,2.21,412.0,2970.0,3382.0,,2.27,412.0,2906.0,3318.0
200,1.96,412.0,1476.0,1888.0,,1.85,412.0,1410.0,1822.0,,7.63,412.0,3036.0,3448.0,,2.35,412.0,2970.0,3382.0,,1049.14,626.0,2906.0,3532.0
201,1.93,412.0,1476.0,1888.0,,2.12,412.0,1410.0,1822.0,,7.62,412.0,3036.0,3448.0,,2.47,412.0,2970.0,3382.0,,2.1,412.0,2906.0,3318.0
202,1.91,346.0,1476.0,1822.0,,1.9,412.0,1410.0,1822.0,,8.07,412.0,3036.0,3448.0,,2.31,412.0,2970.0,3382.0,,2.12,412.0,2906.0,3318.0
203,1.9,412.0,1476.0,1888.0,,1.85,412.0,1410.0,1822.0,,7.65,412.0,3036.0,3448.0,,2.19,412.0,2970.0,3382.0,,2.09,412.0,2906.0,3318.0
204,1.96,412.0,1476.0,1888.0,,1.91,412.0,1410.0,1822.0,,8.11,412.0,3036.0,3448.0,,2.27,412.0,2970.0,3382.0,,2.22,412.0,2906.0,3318.0
205,2.15,346.0,1476.0,1822.0,,1.89,412.0,1410.0,1822.0,,8.02,412.0,3036.0,3448.0,,2.48,412.0,2970.0,3382.0,,204.03,412.0,2906.0,3318.0
206,1.93,412.0,1476.0,1888.0,,1.81,412.0,1410.0,1822.0,,8.52,412.0,3036.0,3448.0,,2.2,346.0,2970.0,3316.0,,2.14,412.0,2906.0,3318.0
207,2.09,412.0,1476.0,1888.0,,1.86,412.0,1410.0,1822.0,,11.69,2004.0,1588.0,3592.0,,2.06,412.0,2970.0,3382.0,,2.06,412.0,2906.0,3318.0
208,1.9,412.0,1476.0,1888.0,,2.48,412.0,1410.0,1822.0,,8.36,412.0,3036.0,3448.0,,2.44,412.0,2970.0,3382.0,,2.09,412.0,2906.0,3318.0
209,208.21,412.0,1476.0,1888.0,,1.75,412.0,1410.0,1822.0,,8.45,412.0,3036.0,3448.0,,2.15,412.0,2970.0,3382.0,,2.27,412.0,2906.0,3318.0
210,2.08,412.0,1476.0,1888.0,,1.72,412.0,1410.0,1822.0,,8.43,412.0,3036.0,3448.0,,2.05,412.0,2970.0,3382.0,,2.39,412.0,2906.0,3318.0
211,2.58,412.0,1476.0,1888.0,,2.04,412.0,1410.0,1822.0,,8.18,412.0,3036.0,3448.0,,2.14,412.0,2970.0,3382.0,,1007.17,626.0,2906.0,3532.0
212,2.16,412.0,1476.0,1888.0,,2.03,412.0,1410.0,1822.0,,7.89,412.0,3036.0,3448.0,,2.4,412.0,2970.0,3382.0,,2.12,412.0,2906.0,3318.0
213,2.04,412.0,1476.0,1888.0,,2.02,412.0,1410.0,1822.0,,7.81,412.0,3036.0,3448.0,,2.24,412.0,2970.0,3382.0,,1272.9,420.0,2906.0,3326.0
214,1.99,412.0,1476.0,1888.0,,1.96,412.0,1410.0,1822.0,,8.65,412.0,3036.0,3448.0,,2.47,412.0,2970.0,3382.0,,2.27,412.0,2906.0,3318.0
215,2.47,412.0,1476.0,1888.0,,2.06,412.0,1410.0,1822.0,,7.81,412.0,3036.0,3448.0,,2.35,346.0,2970.0,3316.0,,208.9,412.0,2906.0,3318.0
216,2.42,412.0,1476.0,1888.0,,2.15,412.0,1410.0,1822.0,,7.28,412.0,3036.0,3448.0,,2.53,412.0,2970.0,3382.0,,2.11,412.0,2906.0,3318.0
217,2.26,412.0,1476.0,1888.0,,1.98,412.0,1410.0,1822.0,,8.41,412.0,3036.0,3448.0,,2.16,412.0,2970.0,3382.0,,2.06,412.0,2906.0,3318.0
218,2.6,412.0,1476.0,1888.0,,1.8,412.0,1410.0,1822.0,,8.19,412.0,3036.0,3448.0,,2.12,412.0,2970.0,3382.0,,2.06,412.0,2906.0,3318.0
219,2.65,412.0,1476.0,1888.0,,1.93,412.0,1410.0,1822.0,,8.44,412.0,3036.0,3448.0,,2.07,412.0,2970.0,3382.0,,2.04,412.0,2906.0,3318.0
220,2.87,412.0,1476.0,1888.0,,1.86,412.0,1410.0,1822.0,,7.85,412.0,3036.0,3448.0,,2.06,412.0,2970.0,3382.0,,1.99,412.0,2906.0,3318.0
221,2.59,412.0,1476.0,1888.0,,1.73,412.0,1410.0,1822.0,,7.61,412.0,3036.0,3448.0,,2.02,412.0,2970.0,3382.0,,1.95,412.0,2906.0,3318.0
222,2.59,412.0,1476.0,1888.0,,1.79,412.0,1410.0,1822.0,,8.12,412.0,3036.0,3448.0,,2.57,412.0,2970.0,3382.0,,1.99,412.0,2906.0,3318.0
223,2.31,412.0,1476.0,1888.0,,1.79,412.0,1410.0,1822.0,,9.83,412.0,3036.0,3448.0,,2.33,412.0,2970.0,3382.0,,2.01,412.0,2906.0,3318.0
224,1.94,412.0,1476.0,1888.0,,1.85,412.0,1410.0,1822.0,,8.06,412.0,3036.0,3448.0,,2.48,412.0,2970.0,3382.0,,2.18,412.0,2906.0,3318.0
225,2.04,412.0,1476.0,1888.0,,1.76,412.0,1410.0,1822.0,,7.81,412.0,3036.0,3448.0,,2.17,412.0,2970.0,3382.0,,2.34,412.0,2906.0,3318.0
226,2.14,412.0,1476.0,1888.0,,1.82,412.0,1410.0,1822.0,,7.91,412.0,3036.0,3448.0,,2.46,412.0,2970.0,3382.0,,2.14,412.0,2906.0,3318.0
227,1.95,412.0,1476.0,1888.0,,1.81,412.0,1410.0,1822.0,,7.96,412.0,3036.0,3448.0,,2.39,412.0,2970.0,3382.0,,2.06,412.0,2906.0,3318.0
228,2.11,412.0,1476.0,1888.0,,1.79,412.0,1410.0,1822.0,,8.36,412.0,3036.0,3448.0,,2.14,412.0,2970.0,3382.0,,2.1,412.0,2906.0,3318.0
229,2.74,412.0,1476.0,1888.0,,1.85,412.0,1410.0,1822.0,,8.08,412.0,3036.0,3448.0,,206.48,412.0,2970.0,3382.0,,2.16,412.0,2906.0,3318.0
230,2.25,412.0,1476.0,1888.0,,1.76,412.0,1410.0,1822.0,,7.88,412.0,3036.0,3448.0,,2.29,346.0,2970.0,3316.0,,2.08,412.0,2906.0,3318.0
231,2.41,412.0,1476.0,1888.0,,1.65,412.0,1410.0,1822.0,,7.82,412.0,3036.0,3448.0,,2.1,412.0,2970.0,3382.0,,1032.7,626.0,2906.0,3532.0
232,205.19,412.0,1476.0,1888.0,,1.65,412.0,1410.0,1822.0,,8.01,412.0,3036.0,3448.0,,206.78,412.0,2970.0,3382.0,,1.87,412.0,2906.0,3318.0
233,2.15,412.0,1476.0,1888.0,,1.66,412.0,1410.0,1822.0,,7.83,412.0,3036.0,3448.0,,1026.79,626.0,2970.0,3596.0,,2.13,412.0,2906.0,3318.0
234,2.46,412.0,1476.0,1888.0,,2.0,412.0,1410.0,1822.0,,7.9,412.0,3036.0,3448.0,,2.2,346.0,2970.0,3316.0,,1.94,346.0,2906.0,3252.0
235,1.99,412.0,1476.0,1888.0,,1.85,412.0,1410.0,1822.0,,8.18,412.0,3036.0,3448.0,,2.1,412.0,2970.0,3382.0,,1.86,412.0,2906.0,3318.0
236,1220.68,626.0,1476.0,2102.0,,1.84,412.0,1410.0,1822.0,,8.05,412.0,3036.0,3448.0,,2.03,412.0,2970.0,3382.0,,1.78,412.0,2906.0,3318.0
237,2.15,412.0,1476.0,1888.0,,1.92,412.0,1410.0,1822.0,,8.8,412.0,3036.0,3448.0,,1043.33,626.0,2970.0,3596.0,,2.11,412.0,2906.0,3318.0
238,2.26,412.0,1476.0,1888.0,,1.72,412.0,1410.0,1822.0,,9.43,412.0,3036.0,3448.0,,2.32,346.0,2970.0,3316.0,,1.98,412.0,2906.0,3318.0
239,1032.99,626.0,1476.0,2102.0,,1.85,412.0,1410.0,1822.0,,8.22,412.0,3036.0,3448.0,,1065.35,626.0,2970.0,3596.0,,2.1,412.0,2906.0,3318.0
240,2.67,412.0,1476.0,1888.0,,1.67,412.0,1410.0,1822.0,,12.04,2004.0,1588.0,3592.0,,2.33,412.0,2970.0,3382.0,,2.05,412.0,2906.0,3318.0
241,2.29,412.0,1476.0,1888.0,,1.59,412.0,1410.0,1822.0,,8.56,412.0,3036.0,3448.0,,2.07,412.0,2970.0,3382.0,,1.98,412.0,2906.0,3318.0
242,2.67,412.0,1476.0,1888.0,,1.56,412.0,1410.0,1822.0,,8.23,412.0,3036.0,3448.0,,2.08,412.0,2970.0,3382.0,,2.12,412.0,2906.0,3318.0
243,2.19,412.0,1476.0,1888.0,,1.9,412.0,1410.0,1822.0,,8.66,412.0,3036.0,3448.0,,1042.13,626.0,2970.0,3596.0,,1.92,412.0,2906.0,3318.0
244,2.09,412.0,1476.0,1888.0,,1.59,412.0,1410.0,1822.0,,8.2,412.0,3036.0,3448.0,,2.47,412.0,2970.0,3382.0,,1.89,412.0,2906.0,3318.0
245,1.99,412.0,1476.0,1888.0,,1.5,412.0,1410.0,1822.0,,11.21,412.0,3036.0,3448.0,,2.25,412.0,2970.0,3382.0,,2.14,412.0,2906.0,3318.0
246,2.36,412.0,1476.0,1888.0,,1.6,412.0,1410.0,1822.0,,9.24,412.0,3036.0,3448.0,,2.12,412.0,2970.0,3382.0,,1.88,412.0,2906.0,3318.0
247,2.31,412.0,1476.0,1888.0,,1.51,412.0,1410.0,1822.0,,8.07,412.0,3036.0,3448.0,,2.11,412.0,2970.0,3382.0,,208.98,412.0,2906.0,3318.0
248,2.08,412.0,1476.0,1888.0,,1.58,412.0,1410.0,1822.0,,7.87,412.0,3036.0,3448.0,,2.14,412.0,2970.0,3382.0,,2.07,412.0,2906.0,3318.0
249,210.57,412.0,1476.0,1888.0,,1.49,412.0,1410.0,1822.0,,7.62,412.0,3036.0,3448.0,,2.33,412.0,2970.0,3382.0,,1.88,412.0,2906.0,3318.0
250,2.37,412.0,1476.0,1888.0,,1.56,412.0,1410.0,1822.0,,7.85,412.0,3036.0,3448.0,,2.1,412.0,2970.0,3382.0,,1.84,412.0,2906.0,3318.0
251,2.56,412.0,1476.0,1888.0,,1.6,412.0,1410.0,1822.0,,8.17,412.0,3036.0,3448.0,,2.04,412.0,2970.0,3382.0,,2.15,412.0,2906.0,3318.0
252,2.17,412.0,1476.0,1888.0,,1.57,412.0,1410.0,1822.0,,7.85,412.0,3036.0,3448.0,,2.08,412.0,2970.0,3382.0,,205.11,412.0,2906.0,3318.0
253,2.25,412.0,1476.0,1888.0,,1.87,412.0,1410.0,1822.0,,7.93,412.0,3036.0,3448.0,,2.11,412.0,2970.0,3382.0,,2.05,412.0,2906.0,3318.0
254,2.0,412.0,1476.0,1888.0,,1.68,412.0,1410.0,1822.0,,7.87,412.0,3036.0,3448.0,,2.1,412.0,2970.0,3382.0,,2.12,412.0,2906.0,3318.0
255,2.04,412.0,1476.0,1888.0,,1.88,412.0,1410.0,1822.0,,7.97,412.0,3036.0,3448.0,,2.04,412.0,2970.0,3382.0,,2.12,412.0,2906.0,3318.0
256,1.94,412.0,1476.0,1888.0,,1.76,412.0,1410.0,1822.0,,7.72,412.0,3036.0,3448.0,,2.08,412.0,2970.0,3382.0,,2.21,412.0,2906.0,3318.0
257,2.53,412.0,1476.0,1888.0,,2.43,412.0,1410.0,1822.0,,1068.01,692.0,3102.0,3794.0,,2.06,412.0,2970.0,3382.0,,2.83,412.0,2906.0,3318.0
258,211.18,412.0,1476.0,1888.0,,1.92,412.0,1410.0,1822.0,,7.79,412.0,3036.0,3448.0,,2.07,412.0,2970.0,3382.0,,3.14,412.0,2906.0,3318.0
259,2.15,412.0,1476.0,1888.0,,1.63,412.0,1410.0,1822.0,,8.06,412.0,3036.0,3448.0,,2.98,412.0,2970.0,3382.0,,1032.21,626.0,2906.0,3532.0
260,2.38,346.0,1476.0,1822.0,,1.68,412.0,1410.0,1822.0,,1036.89,626.0,3102.0,3728.0,,2.35,412.0,2970.0,3382.0,,2.1,412.0,2906.0,3318.0
261,207.41,973.0,1476.0,2449.0,,2.07,412.0,1410.0,1822.0,,8.19,412.0,3036.0,3448.0,,2.32,412.0,2970.0,3382.0,,2.14,412.0,2906.0,3318.0
262,2.3,412.0,1476.0,1888.0,,1.77,412.0,1410.0,1822.0,,8.11,412.0,3036.0,3448.0,,2.19,346.0,2970.0,3316.0,,2.37,412.0,2906.0,3318.0
263,2.09,412.0,1476.0,1888.0,,1.83,412.0,1410.0,1822.0,,8.34,412.0,3036.0,3448.0,,2.98,412.0,2970.0,3382.0,,2.42,412.0,2906.0,3318.0
264,1.96,412.0,1476.0,1888.0,,1.91,412.0,1410.0,1822.0,,9.03,412.0,3036.0,3448.0,,3.02,412.0,2970.0,3382.0,,2.15,412.0,2906.0,3318.0
265,2.01,412.0,1476.0,1888.0,,1.67,412.0,1410.0,1822.0,,8.85,412.0,3036.0,3448.0,,2.91,412.0,2970.0,3382.0,,2.33,412.0,2906.0,3318.0
266,2.19,412.0,1476.0,1888.0,,1.6,412.0,1410.0,1822.0,,10.09,412.0,3036.0,3448.0,,2.62,412.0,2970.0,3382.0,,2.42,346.0,2906.0,3252.0
267,1.96,412.0,1476.0,1888.0,,1.67,412.0,1410.0,1822.0,,8.13,412.0,3036.0,3448.0,,2.59,412.0,2970.0,3382.0,,2.16,412.0,2906.0,3318.0
268,2.06,412.0,1476.0,1888.0,,1.6,412.0,1410.0,1822.0,,8.22,412.0,3036.0,3448.0,,2.33,412.0,2970.0,3382.0,,2.44,412.0,2906.0,3318.0
269,1.92,346.0,1476.0,1822.0,,1.58,412.0,1410.0,1822.0,,10.33,412.0,3036.0,3448.0,,2.15,412.0,2970.0,3382.0,,1016.17,626.0,2906.0,3532.0
270,2.14,412.0,1476.0,1888.0,,1.6,412.0,1410.0,1822.0,,216.3,2004.0,1588.0,3592.0,,2.04,412.0,2970.0,3382.0,,2.24,412.0,2906.0,3318.0
271,1.95,412.0,1476.0,1888.0,,2.45,412.0,1410.0,1822.0,,8.31,412.0,3036.0,3448.0,,2.11,412.0,2970.0,3382.0,,2.12,412.0,2906.0,3318.0
272,2.13,412.0,1476.0,1888.0,,1.8,412.0,1410.0,1822.0,,8.06,412.0,3036.0,3448.0,,1051.62,626.0,2970.0,3596.0,,2.19,412.0,2906.0,3318.0
273,1.86,412.0,1476.0,1888.0,,1.75,412.0,1410.0,1822.0,,8.1,412.0,3036.0,3448.0,,2.48,412.0,2970.0,3382.0,,2.41,412.0,2906.0,3318.0
274,2.0,412.0,1476.0,1888.0,,1.7,412.0,1410.0,1822.0,,8.86,412.0,3036.0,3448.0,,1065.39,626.0,2970.0,3596.0,,2.39,412.0,2906.0,3318.0
275,1.91,412.0,1476.0,1888.0,,2.4,412.0,1410.0,1822.0,,8.4,412.0,3036.0,3448.0,,204.47,1810.0,2970.0,4780.0,,2.15,412.0,2906.0,3318.0
276,2.09,412.0,1476.0,1888.0,,1.82,412.0,1410.0,1822.0,,1011.9,692.0,3102.0,3794.0,,2.36,412.0,2970.0,3382.0,,2.48,412.0,2906.0,3318.0
277,1.93,412.0,1476.0,1888.0,,1.9,412.0,1410.0,1822.0,,7.92,412.0,3036.0,3448.0,,2.33,412.0,2970.0,3382.0,,2.19,412.0,2906.0,3318.0
278,1037.72,626.0,1476.0,2102.0,,1.84,412.0,1410.0,1822.0,,8.11,412.0,3036.0,3448.0,,2.33,412.0,2970.0,3382.0,,2.19,412.0,2906.0,3318.0
279,2.01,412.0,1476.0,1888.0,,1.77,412.0,1410.0,1822.0,,11.04,412.0,3036.0,3448.0,,2.3,412.0,2970.0,3382.0,,2.19,412.0,2906.0,3318.0
280,1.94,412.0,1476.0,1888.0,,1.76,412.0,1410.0,1822.0,,11.63,412.0,3036.0,3448.0,,2.6,412.0,2970.0,3382.0,,2.25,412.0,2906.0,3318.0
281,2.06,412.0,1476.0,1888.0,,2.33,412.0,1410.0,1822.0,,8.56,412.0,3036.0,3448.0,,2.55,412.0,2970.0,3382.0,,207.26,412.0,2906.0,3318.0
282,1.99,412.0,1476.0,1888.0,,1.65,412.0,1410.0,1822.0,,8.16,412.0,3036.0,3448.0,,209.96,412.0,2970.0,3382.0,,2.37,412.0,2906.0,3318.0
283,2.1,412.0,1476.0,1888.0,,1.76,412.0,1410.0,1822.0,,7.99,412.0,3036.0,3448.0,,2.71,412.0,2970.0,3382.0,,2.2,412.0,2906.0,3318.0
284,2.19,412.0,1476.0,1888.0,,1.79,412.0,1410.0,1822.0,,7.88,412.0,3036.0,3448.0,,2.61,412.0,2970.0,3382.0,,2.16,412.0,2906.0,3318.0
285,1273.71,486.0,1476.0,1962.0,,1.83,412.0,1410.0,1822.0,,8.47,346.0,3036.0,3382.0,,2.48,412.0,2970.0,3382.0,,2.13,412.0,2906.0,3318.0
286,1.96,412.0,1476.0,1888.0,,1.87,412.0,1410.0,1822.0,,8.04,412.0,3036.0,3448.0,,2.55,412.0,2970.0,3382.0,,2.17,412.0,2906.0,3318.0
287,2.01,412.0,1476.0,1888.0,,1.81,412.0,1410.0,1822.0,,7.92,412.0,3036.0,3448.0,,2.76,412.0,2970.0,3382.0,,2.24,412.0,2906.0,3318.0
288,1.93,412.0,1476.0,1888.0,,1.86,412.0,1410.0,1822.0,,1045.43,692.0,3102.0,3794.0,,2.81,412.0,2970.0,3382.0,,2.08,412.0,2906.0,3318.0
289,1.86,412.0,1476.0,1888.0,,1.84,412.0,1410.0,1822.0,,7.87,412.0,3036.0,3448.0,,2.7,412.0,2970.0,3382.0,,2.15,412.0,2906.0,3318.0
290,1.83,412.0,1476.0,1888.0,,1.84,412.0,1410.0,1822.0,,8.06,412.0,3036.0,3448.0,,2.63,412.0,2970.0,3382.0,,209.89,1778.0,2906.0,4684.0
291,1.85,412.0,1476.0,1888.0,,1.84,412.0,1410.0,1822.0,,11.22,2004.0,1588.0,3592.0,,2.49,346.0,2970.0,3316.0,,2.1,412.0,2906.0,3318.0
292,1.85,412.0,1476.0,1888.0,,1.83,412.0,1410.0,1822.0,,8.2,412.0,3036.0,3448.0,,2.32,412.0,2970.0,3382.0,,2.17,412.0,2906.0,3318.0
293,1.96,412.0,1476.0,1888.0,,1.94,412.0,1410.0,1822.0,,8.04,412.0,3036.0,3448.0,,2.26,412.0,2970.0,3382.0,,2.33,412.0,2906.0,3318.0
294,1.87,412.0,1476.0,1888.0,,1.89,412.0,1410.0,1822.0,,10.8,412.0,3036.0,3448.0,,2.27,412.0,2970.0,3382.0,,2.69,412.0,2906.0,3318.0
295,1.96,412.0,1476.0,1888.0,,1.85,412.0,1410.0,1822.0,,11.43,412.0,3036.0,3448.0,,2.09,412.0,2970.0,3382.0,,2.52,412.0,2906.0,3318.0
296,1.95,412.0,1476.0,1888.0,,1.9,412.0,1410.0,1822.0,,10.07,412.0,3036.0,3448.0,,2.27,412.0,2970.0,3382.0,,2.12,412.0,2906.0,3318.0
297,1.94,412.0,1476.0,1888.0,,1.88,412.0,1410.0,1822.0,,8.17,412.0,3036.0,3448.0,,2.11,412.0,2970.0,3382.0,,2.15,346.0,2906.0,3252.0
298,1.9,412.0,1476.0,1888.0,,2.5,412.0,1410.0,1822.0,,8.53,412.0,3036.0,3448.0,,205.47,412.0,2970.0,3382.0,,205.44,412.0,2906.0,3318.0
299,208.89,412.0,1476.0,1888.0,,1.82,412.0,1410.0,1822.0,,8.57,412.0,3036.0,3448.0,,2.35,412.0,2970.0,3382.0,,2.16,412.0,2906.0,3318.0
300,2.06,412.0,1476.0,1888.0,,2.52,412.0,1410.0,1822.0,,8.03,412.0,3036.0,3448.0,,2.2,412.0,2970.0,3382.0,,2.17,412.0,2906.0,3318.0
301,1.97,412.0,1476.0,1888.0,,1.82,412.0,1410.0,1822.0,,8.06,412.0,3036.0,3448.0,,2.14,412.0,2970.0,3382.0,,204.23,412.0,2906.0,3318.0
302,2.02,412.0,1476.0,1888.0,,1.86,412.0,1410.0,1822.0,,8.18,412.0,3036.0,3448.0,,2.31,412.0,2970.0,3382.0,,2.25,412.0,2906.0,3318.0
303,2.0,412.0,1476.0,1888.0,,2.27,412.0,1410.0,1822.0,,8.41,412.0,3036.0,3448.0,,2.39,412.0,2970.0,3382.0,,2.2,412.0,2906.0,3318.0
304,1.93,412.0,1476.0,1888.0,,1.88,412.0,1410.0,1822.0,,8.2,412.0,3036.0,3448.0,,2.17,412.0,2970.0,3382.0,,2.26,412.0,2906.0,3318.0
305,1.91,412.0,1476.0,1888.0,,1.77,412.0,1410.0,1822.0,,8.28,412.0,3036.0,3448.0,,206.46,412.0,2970.0,3382.0,,2.19,412.0,2906.0,3318.0
306,2.09,412.0,1476.0,1888.0,,1.88,412.0,1410.0,1822.0,,8.65,412.0,3036.0,3448.0,,2.35,412.0,2970.0,3382.0,,2.29,346.0,2906.0,3252.0
307,2.29,412.0,1476.0,1888.0,,1.91,412.0,1410.0,1822.0,,8.8,412.0,3036.0,3448.0,,2.21,412.0,2970.0,3382.0,,2.19,412.0,2906.0,3318.0
308,1.95,412.0,1476.0,1888.0,,1.92,412.0,1410.0,1822.0,,220.9,478.0,3102.0,3580.0,,2.27,412.0,2970.0,3382.0,,2.21,412.0,2906.0,3318.0
309,2.01,412.0,1476.0,1888.0,,1.78,412.0,1410.0,1822.0,,8.17,412.0,3036.0,3448.0,,2.21,412.0,2970.0,3382.0,,2.29,412.0,2906.0,3318.0
310,1.94,412.0,1476.0,1888.0,,2.04,412.0,1410.0,1822.0,,8.18,412.0,3036.0,3448.0,,2.1,412.0,2970.0,3382.0,,2.25,412.0,2906.0,3318.0
311,2.5,412.0,1476.0,1888.0,,2.02,412.0,1410.0,1822.0,,7.96,346.0,3036.0,3382.0,,2.32,412.0,2970.0,3382.0,,2.38,412.0,2906.0,3318.0
312,1.99,412.0,1476.0,1888.0,,2.01,412.0,1410.0,1822.0,,10.34,346.0,3036.0,3382.0,,2.23,412.0,2970.0,3382.0,,2.41,412.0,2906.0,3318.0
313,2.09,412.0,1476.0,1888.0,,3.08,412.0,1410.0,1822.0,,8.66,412.0,3036.0,3448.0,,2.39,412.0,2970.0,3382.0,,2.41,412.0,2906.0,3318.0
314,2.06,412.0,1476.0,1888.0,,2.26,412.0,1410.0,1822.0,,8.43,412.0,3036.0,3448.0,,2.25,412.0,2970.0,3382.0,,2.24,412.0,2906.0,3318.0
315,2.0,412.0,1476.0,1888.0,,2.0,412.0,1410.0,1822.0,,8.19,412.0,3036.0,3448.0,,2.27,412.0,2970.0,3382.0,,1027.64,626.0,2906.0,3532.0
316,2.01,412.0,1476.0,1888.0,,1.79,412.0,1410.0,1822.0,,220.98,478.0,3102.0,3580.0,,2.4,412.0,3291.0,3703.0,,2.82,412.0,2906.0,3318.0
317,1.9,412.0,1476.0,1888.0,,1.98,412.0,1410.0,1822.0,,8.91,412.0,3678.0,4090.0,,2.12,412.0,2970.0,3382.0,,2.19,412.0,2906.0,3318.0
318,2.03,412.0,1476.0,1888.0,,1.89,412.0,1410.0,1822.0,,7.81,412.0,3036.0,3448.0,,2.27,412.0,2970.0,3382.0,,2.16,412.0,2906.0,3318.0
319,2.6,412.0,1476.0,1888.0,,1.89,412.0,1410.0,1822.0,,8.09,412.0,3036.0,3448.0,,2.23,412.0,2970.0,3382.0,,2.02,412.0,2906.0,3318.0
320,2.63,412.0,1476.0,1888.0,,1.84,412.0,1410.0,1822.0,,11.44,412.0,3036.0,3448.0,,1251.64,626.0,2970.0,3596.0,,2.08,412.0,2906.0,3318.0
321,1.84,412.0,1476.0,1888.0,,1.81,412.0,1410.0,1822.0,,8.06,346.0,3036.0,3382.0,,2.33,412.0,2970.0,3382.0,,2.12,412.0,2906.0,3318.0
322,2.61,412.0,1476.0,1888.0,,1.79,412.0,1410.0,1822.0,,7.84,412.0,3036.0,3448.0,,2.09,412.0,2970.0,3382.0,,2.07,412.0,2906.0,3318.0
323,1.99,346.0,1476.0,1822.0,,1.87,412.0,1410.0,1822.0,,10.02,412.0,3036.0,3448.0,,1.97,412.0,2970.0,3382.0,,2.04,412.0,2906.0,3318.0
324,1225.12,626.0,1476.0,2102.0,,1.76,412.0,1410.0,1822.0,,8.22,412.0,3036.0,3448.0,,2.02,412.0,2970.0,3382.0,,2.08,412.0,2906.0,3318.0
325,1.92,412.0,1476.0,1888.0,,1.88,412.0,1410.0,1822.0,,10.4,412.0,3036.0,3448.0,,2.18,412.0,2970.0,3382.0,,1025.57,626.0,2906.0,3532.0
326,1.84,412.0,1476.0,1888.0,,2.39,412.0,1410.0,1822.0,,8.2,412.0,3036.0,3448.0,,2.29,412.0,2970.0,3382.0,,2.38,412.0,2906.0,3318.0
327,1.79,412.0,1476.0,1888.0,,1.86,412.0,1410.0,1822.0,,8.31,412.0,3036.0,3448.0,,2.23,412.0,2970.0,3382.0,,2.13,412.0,2906.0,3318.0
328,1.84,412.0,1476.0,1888.0,,1.82,412.0,1410.0,1822.0,,12.18,2004.0,1588.0,3592.0,,2.12,412.0,2970.0,3382.0,,2.02,412.0,2906.0,3318.0
329,206.76,412.0,1476.0,1888.0,,1.75,412.0,1410.0,1822.0,,9.23,412.0,3036.0,3448.0,,2.0,412.0,2970.0,3382.0,,2.05,412.0,2906.0,3318.0
330,1.97,412.0,1476.0,1888.0,,2.46,412.0,1410.0,1822.0,,12.11,412.0,3036.0,3448.0,,2.03,412.0,2970.0,3382.0,,2.17,412.0,2906.0,3318.0
331,1.98,412.0,1476.0,1888.0,,1.86,412.0,1410.0,1822.0,,9.88,412.0,3036.0,3448.0,,2.35,412.0,2970.0,3382.0,,2.27,412.0,2906.0,3318.0
332,2.03,412.0,1476.0,1888.0,,1.76,412.0,1410.0,1822.0,,8.12,412.0,3036.0,3448.0,,2.44,412.0,2970.0,3382.0,,2.1,412.0,2906.0,3318.0
333,1.96,412.0,1476.0,1888.0,,1.81,412.0,1410.0,1822.0,,11.09,412.0,3357.0,3769.0,,2.13,412.0,2970.0,3382.0,,2.23,412.0,2906.0,3318.0
334,2.02,412.0,1476.0,1888.0,,1.77,412.0,1410.0,1822.0,,8.65,412.0,3036.0,3448.0,,2.07,412.0,2970.0,3382.0,,206.42,412.0,2906.0,3318.0
335,1.94,412.0,1476.0,1888.0,,2.04,412.0,1410.0,1822.0,,9.29,412.0,3036.0,3448.0,,2.08,412.0,2970.0,3382.0,,2.21,346.0,2906.0,3252.0
336,1.8,412.0,1476.0,1888.0,,1.87,412.0,1410.0,1822.0,,12.5,2004.0,1588.0,3592.0,,2.17,412.0,2970.0,3382.0,,2.35,412.0,2906.0,3318.0
337,1.65,412.0,1476.0,1888.0,,1.88,412.0,1410.0,1822.0,,7.71,412.0,3036.0,3448.0,,1007.51,626.0,2970.0,3596.0,,2.38,412.0,2906.0,3318.0
338,2.23,412.0,1476.0,1888.0,,2.05,412.0,1410.0,1822.0,,7.54,412.0,3036.0,3448.0,,2.46,412.0,2970.0,3382.0,,2.72,412.0,2906.0,3318.0
339,208.59,1051.0,1476.0,2527.0,,2.14,412.0,1410.0,1822.0,,7.22,412.0,3036.0,3448.0,,2.44,412.0,2970.0,3382.0,,2.78,412.0,2906.0,3318.0
340,1.97,412.0,1476.0,1888.0,,1.97,412.0,1410.0,1822.0,,7.48,412.0,3036.0,3448.0,,2.26,412.0,2970.0,3382.0,,2.17,412.0,2906.0,3318.0
341,1.95,412.0,1476.0,1888.0,,1.87,412.0,1410.0,1822.0,,7.71,412.0,3036.0,3448.0,,2.4,412.0,2970.0,3382.0,,2.33,412.0,2906.0,3318.0
342,1.98,412.0,1476.0,1888.0,,1.88,412.0,1410.0,1822.0,,7.99,412.0,3036.0,3448.0,,2.72,412.0,2970.0,3382.0,,2.29,412.0,2906.0,3318.0
343,1.99,412.0,1476.0,1888.0,,1.89,412.0,1410.0,1822.0,,8.13,412.0,3036.0,3448.0,,2.37,412.0,2970.0,3382.0,,204.66,412.0,2906.0,3318.0
344,2.17,412.0,1476.0,1888.0,,1.9,412.0,1410.0,1822.0,,7.44,412.0,3036.0,3448.0,,3.19,346.0,2970.0,3316.0,,2.09,412.0,2906.0,3318.0
345,2.1,412.0,1476.0,1888.0,,1.93,412.0,1410.0,1822.0,,7.17,412.0,3036.0,3448.0,,2.49,412.0,2970.0,3382.0,,2.84,412.0,2906.0,3318.0
346,1.92,412.0,1476.0,1888.0,,1.9,412.0,1410.0,1822.0,,7.4,412.0,3036.0,3448.0,,2.55,412.0,2970.0,3382.0,,2.18,412.0,2906.0,3318.0
347,2.0,412.0,1476.0,1888.0,,1.91,412.0,1410.0,1822.0,,9.33,412.0,3036.0,3448.0,,1025.03,626.0,2970.0,3596.0,,2.27,412.0,2906.0,3318.0
348,1.92,412.0,1476.0,1888.0,,1.91,412.0,1410.0,1822.0,,7.7,412.0,3036.0,3448.0,,2.39,412.0,2970.0,3382.0,,2.31,412.0,2906.0,3318.0
349,2.01,412.0,1476.0,1888.0,,2.22,412.0,1410.0,1822.0,,7.6,412.0,3036.0,3448.0,,2.3,412.0,2970.0,3382.0,,2.27,412.0,2906.0,3318.0
350,1.87,412.0,1476.0,1888.0,,2.38,412.0,1410.0,1822.0,,8.1,346.0,3036.0,3382.0,,2.33,412.0,2970.0,3382.0,,2.5,412.0,2906.0,3318.0
351,1.82,412.0,1476.0,1888.0,,2.18,412.0,1410.0,1822.0,,7.3,412.0,3036.0,3448.0,,2.33,412.0,2970.0,3382.0,,2.42,412.0,2906.0,3318.0
352,1.86,412.0,1476.0,1888.0,,2.08,412.0,1410.0,1822.0,,11.45,2004.0,1588.0,3592.0,,2.45,346.0,2970.0,3316.0,,2.41,412.0,2906.0,3318.0
353,1.74,412.0,1476.0,1888.0,,1.92,412.0,1410.0,1822.0,,7.42,412.0,3036.0,3448.0,,1016.41,626.0,2970.0,3596.0,,2.39,412.0,2906.0,3318.0
354,2.47,412.0,1476.0,1888.0,,1.56,412.0,1410.0,1822.0,,7.56,412.0,3036.0,3448.0,,2.32,412.0,2970.0,3382.0,,2.62,412.0,2906.0,3318.0
355,4639.99,626.0,1476.0,2102.0,,2.05,412.0,1410.0,1822.0,,7.34,412.0,3036.0,3448.0,,2.11,412.0,2970.0,3382.0,,1042.83,626.0,2906.0,3532.0
356,1.88,412.0,1476.0,1888.0,,1.89,412.0,1410.0,1822.0,,11.5,2004.0,1588.0,3592.0,,2.57,412.0,2970.0,3382.0,,2.25,412.0,2906.0,3318.0
357,208.21,412.0,1476.0,1888.0,,1.79,412.0,1410.0,1822.0,,7.44,412.0,3036.0,3448.0,,2.62,412.0,2970.0,3382.0,,1063.43,626.0,2906.0,3532.0
358,1.96,412.0,1476.0,1888.0,,1.58,412.0,1410.0,1822.0,,11.15,412.0,3036.0,3448.0,,2.31,412.0,2970.0,3382.0,,2.19,346.0,2906.0,3252.0
359,1.72,412.0,1476.0,1888.0,,1.84,412.0,1410.0,1822.0,,7.86,412.0,3036.0,3448.0,,2.1,412.0,2970.0,3382.0,,207.88,412.0,2906.0,3318.0
360,1.6,412.0,1476.0,1888.0,,1.71,412.0,1410.0,1822.0,,8.48,412.0,3678.0,4090.0,,2.04,412.0,2970.0,3382.0,,2.18,412.0,2906.0,3318.0
361,1.6,346.0,1476.0,1822.0,,1.64,412.0,1410.0,1822.0,,7.83,412.0,3036.0,3448.0,,2.08,412.0,2970.0,3382.0,,2.02,412.0,2906.0,3318.0
362,210.57,412.0,1476.0,1888.0,,1.51,412.0,1410.0,1822.0,,7.85,412.0,3036.0,3448.0,,2.14,412.0,2970.0,3382.0,,2.26,412.0,2906.0,3318.0
363,1.96,412.0,1476.0,1888.0,,1.5,412.0,1410.0,1822.0,,11.23,412.0,3036.0,3448.0,,3.0,412.0,2970.0,3382.0,,2.14,412.0,2906.0,3318.0
364,1.8,412.0,1476.0,1888.0,,1.5,412.0,1410.0,1822.0,,8.54,412.0,3036.0,3448.0,,2.81,412.0,2970.0,3382.0,,2.07,412.0,2906.0,3318.0
365,1.79,412.0,1476.0,1888.0,,1.83,412.0,1410.0,1822.0,,7.99,412.0,3036.0,3448.0,,2.43,412.0,2970.0,3382.0,,2.16,412.0,2906.0,3318.0
366,204.1,412.0,1476.0,1888.0,,1.65,412.0,1410.0,1822.0,,8.06,412.0,3036.0,3448.0,,2.08,412.0,2970.0,3382.0,,2.14,412.0,2906.0,3318.0
367,2.03,412.0,1476.0,1888.0,,1.62,412.0,1410.0,1822.0,,4640.44,692.0,3102.0,3794.0,,2.52,412.0,2970.0,3382.0,,2.08,412.0,2906.0,3318.0
368,1.97,412.0,1476.0,1888.0,,1.95,412.0,1410.0,1822.0,,7.39,412.0,3036.0,3448.0,,2.32,412.0,2970.0,3382.0,,2.19,412.0,2906.0,3318.0
369,1.95,412.0,1476.0,1888.0,,1.81,412.0,1410.0,1822.0,,10.58,412.0,3036.0,3448.0,,2.14,412.0,2970.0,3382.0,,2.12,412.0,2906.0,3318.0
370,1.72,412.0,1476.0,1888.0,,1.6,412.0,1410.0,1822.0,,7.39,412.0,3036.0,3448.0,,1012.4,626.0,2970.0,3596.0,,2.12,412.0,2906.0,3318.0
371,1.75,412.0,1476.0,1888.0,,1.62,412.0,1410.0,1822.0,,7.41,412.0,3036.0,3448.0,,2.26,412.0,2970.0,3382.0,,2.28,412.0,2906.0,3318.0
372,1.84,412.0,1476.0,1888.0,,1.69,412.0,1410.0,1822.0,,7.18,412.0,3036.0,3448.0,,2.07,412.0,2970.0,3382.0,,2.23,412.0,2906.0,3318.0
373,1.83,412.0,1476.0,1888.0,,1.66,412.0,1410.0,1822.0,,7.52,412.0,3036.0,3448.0,,2.04,412.0,2970.0,3382.0,,2.23,412.0,2906.0,3318.0
374,1.87,412.0,1476.0,1888.0,,1.62,412.0,1410.0,1822.0,,11.69,2004.0,1588.0,3592.0,,2.04,412.0,2970.0,3382.0,,205.69,412.0,2906.0,3318.0
375,1.78,412.0,1476.0,1888.0,,1.84,412.0,1410.0,1822.0,,7.84,412.0,3036.0,3448.0,,2.0,412.0,2970.0,3382.0,,2.33,412.0,2906.0,3318.0
376,2.06,412.0,1476.0,1888.0,,1.67,412.0,1410.0,1822.0,,7.35,412.0,3036.0,3448.0,,1.92,412.0,2970.0,3382.0,,2.21,412.0,2906.0,3318.0
377,1.87,412.0,1476.0,1888.0,,1.66,412.0,1410.0,1822.0,,7.47,412.0,3036.0,3448.0,,1.99,412.0,2970.0,3382.0,,3.09,412.0,2906.0,3318.0
378,1.67,412.0,1476.0,1888.0,,2.3,412.0,1410.0,1822.0,,7.22,412.0,3036.0,3448.0,,2.01,412.0,2970.0,3382.0,,2.34,412.0,2906.0,3318.0
379,1.68,412.0,1476.0,1888.0,,2.34,412.0,1410.0,1822.0,,7.32,412.0,3036.0,3448.0,,1.99,412.0,2970.0,3382.0,,2.27,412.0,2906.0,3318.0
380,1.61,412.0,1476.0,1888.0,,2.12,412.0,1410.0,1822.0,,7.5,412.0,3036.0,3448.0,,1.96,412.0,2970.0,3382.0,,1232.54,626.0,2906.0,3532.0
381,1004.98,486.0,1476.0,1962.0,,2.01,412.0,1410.0,1822.0,,7.51,412.0,3036.0,3448.0,,2.04,412.0,2970.0,3382.0,,2.03,412.0,2906.0,3318.0
382,1.82,412.0,1476.0,1888.0,,1.83,412.0,1410.0,1822.0,,7.55,412.0,3036.0,3448.0,,414.45,412.0,2970.0,3382.0,,1049.89,626.0,2906.0,3532.0
383,1.71,412.0,1476.0,1888.0,,1.93,412.0,1410.0,1822.0,,7.66,412.0,3036.0,3448.0,,2.38,412.0,2970.0,3382.0,,1.99,412.0,2906.0,3318.0
384,1.69,412.0,1476.0,1888.0,,1.87,412.0,1410.0,1822.0,,7.52,412.0,3036.0,3448.0,,2.08,412.0,2970.0,3382.0,,2.11,412.0,2906.0,3318.0
385,1.63,412.0,1476.0,1888.0,,1.93,412.0,1410.0,1822.0,,7.38,412.0,3036.0,3448.0,,2.01,412.0,2970.0,3382.0,,204.9,412.0,2906.0,3318.0
386,1.65,412.0,1476.0,1888.0,,2.09,412.0,1410.0,1822.0,,7.83,412.0,3036.0,3448.0,,1.98,412.0,2970.0,3382.0,,2.18,412.0,2906.0,3318.0
387,1.64,412.0,1476.0,1888.0,,1.88,412.0,1410.0,1822.0,,7.69,412.0,3036.0,3448.0,,1.99,412.0,2970.0,3382.0,,2.0,412.0,2906.0,3318.0
388,1.62,412.0,1476.0,1888.0,,1.88,412.0,1410.0,1822.0,,7.26,412.0,3036.0,3448.0,,2.04,412.0,2970.0,3382.0,,2.07,412.0,2906.0,3318.0
389,1.64,412.0,1476.0,1888.0,,1.76,412.0,1410.0,1822.0,,8.06,412.0,3036.0,3448.0,,2.03,412.0,2970.0,3382.0,,2.19,412.0,2906.0,3318.0
390,1.62,412.0,1476.0,1888.0,,2.02,412.0,1410.0,1822.0,,7.52,412.0,3036.0,3448.0,,1034.19,626.0,2970.0,3596.0,,2.24,412.0,2906.0,3318.0
391,1.65,412.0,1476.0,1888.0,,1.92,412.0,1410.0,1822.0,,7.25,412.0,3036.0,3448.0,,2.33,412.0,2970.0,3382.0,,207.38,412.0,2906.0,3318.0
392,1.62,412.0,1476.0,1888.0,,1.93,412.0,1410.0,1822.0,,7.55,412.0,3036.0,3448.0,,2.19,412.0,2970.0,3382.0,,2.27,412.0,2906.0,3318.0
393,1.63,412.0,1476.0,1888.0,,1.9,412.0,1410.0,1822.0,,7.46,346.0,3036.0,3382.0,,2.44,412.0,2970.0,3382.0,,2.37,412.0,2906.0,3318.0
394,1.6,412.0,1476.0,1888.0,,1.8,412.0,1410.0,1822.0,,7.28,412.0,3036.0,3448.0,,2.21,412.0,2970.0,3382.0,,2.14,412.0,2906.0,3318.0
395,1.63,412.0,1476.0,1888.0,,2.37,412.0,1410.0,1822.0,,7.25,412.0,3036.0,3448.0,,2.47,412.0,2970.0,3382.0,,2.08,412.0,2906.0,3318.0
396,1.62,412.0,1476.0,1888.0,,1.59,412.0,1410.0,1822.0,,7.55,412.0,3036.0,3448.0,,2.28,412.0,2970.0,3382.0,,2.08,412.0,2906.0,3318.0
397,1.54,412.0,1476.0,1888.0,,1.67,412.0,1410.0,1822.0,,7.27,412.0,3036.0,3448.0,,1005.46,626.0,2970.0,3596.0,,2.49,412.0,2906.0,3318.0
398,1.58,412.0,1476.0,1888.0,,1.85,412.0,1410.0,1822.0,,7.23,412.0,3036.0,3448.0,,2.19,412.0,2970.0,3382.0,,2.31,412.0,2906.0,3318.0
399,1.62,412.0,1476.0,1888.0,,1.76,412.0,1410.0,1822.0,,7.9,412.0,3036.0,3448.0,,2.17,412.0,2970.0,3382.0,,2.11,412.0,2906.0,3318.0
400,1.61,412.0,1476.0,1888.0,,1.53,412.0,1410.0,1822.0,,8.08,412.0,3036.0,3448.0,,2.14,412.0,2970.0,3382.0,,2.27,346.0,2906.0,3252.0
401,1.74,412.0,1476.0,1888.0,,1.54,412.0,1410.0,1822.0,,8.88,412.0,3036.0,3448.0,,2.14,412.0,2970.0,3382.0,,2.17,412.0,2906.0,3318.0
402,1.61,412.0,1476.0,1888.0,,1.52,412.0,1410.0,1822.0,,8.25,412.0,3036.0,3448.0,,2.09,412.0,2970.0,3382.0,,2028.7,560.0,2906.0,3466.0
403,1.67,412.0,1476.0,1888.0,,2.44,412.0,1410.0,1822.0,,7.95,412.0,3036.0,3448.0,,2.19,412.0,2970.0,3382.0,,2.08,412.0,2906.0,3318.0
404,1.68,412.0,1476.0,1888.0,,1.91,412.0,1410.0,1822.0,,8.02,412.0,3036.0,3448.0,,2.13,412.0,2970.0,3382.0,,2.03,412.0,2906.0,3318.0
405,1.66,412.0,1476.0,1888.0,,1.78,412.0,1410.0,1822.0,,8.54,412.0,3036.0,3448.0,,2.24,412.0,2970.0,3382.0,,2.15,412.0,2906.0,3318.0
406,1.71,412.0,1476.0,1888.0,,1.86,412.0,1410.0,1822.0,,12.52,2004.0,1588.0,3592.0,,2.31,412.0,2970.0,3382.0,,2.07,412.0,2906.0,3318.0
407,1.57,412.0,1476.0,1888.0,,1.79,412.0,1410.0,1822.0,,8.02,412.0,3036.0,3448.0,,2.26,412.0,2970.0,3382.0,,2.13,412.0,2906.0,3318.0
408,1.61,346.0,1476.0,1822.0,,1.67,412.0,1410.0,1822.0,,8.18,412.0,3036.0,3448.0,,2.19,412.0,2970.0,3382.0,,2.11,412.0,2906.0,3318.0
409,1.59,412.0,1476.0,1888.0,,1.55,412.0,1410.0,1822.0,,8.47,412.0,3036.0,3448.0,,2.27,412.0,2970.0,3382.0,,2.06,412.0,2906.0,3318.0
410,1.57,412.0,1476.0,1888.0,,1.61,412.0,1410.0,1822.0,,8.58,412.0,3036.0,3448.0,,2.91,412.0,2970.0,3382.0,,2.03,412.0,2906.0,3318.0
411,1.59,412.0,1476.0,1888.0,,1.94,412.0,1410.0,1822.0,,8.47,412.0,3036.0,3448.0,,2.21,412.0,2970.0,3382.0,,2.03,412.0,2906.0,3318.0
412,1.63,412.0,1476.0,1888.0,,1.73,412.0,1410.0,1822.0,,7.95,346.0,3036.0,3382.0,,2.54,412.0,2970.0,3382.0,,2.02,412.0,2906.0,3318.0
413,1064.19,486.0,1476.0,1962.0,,1.64,412.0,1410.0,1822.0,,7.73,412.0,3036.0,3448.0,,2.47,412.0,2970.0,3382.0,,2.08,412.0,2906.0,3318.0
414,1.71,412.0,1476.0,1888.0,,1.78,412.0,1410.0,1822.0,,8.22,412.0,3036.0,3448.0,,210.73,412.0,2970.0,3382.0,,2.02,346.0,2906.0,3252.0
415,1.86,412.0,1476.0,1888.0,,1.81,412.0,1410.0,1822.0,,7.57,412.0,3036.0,3448.0,,2.77,412.0,2970.0,3382.0,,2.06,412.0,2906.0,3318.0
416,1.79,412.0,1476.0,1888.0,,1.62,412.0,1410.0,1822.0,,8.06,412.0,3036.0,3448.0,,2.54,346.0,2970.0,3316.0,,2.1,412.0,2906.0,3318.0
417,1.71,412.0,1476.0,1888.0,,1.66,412.0,1410.0,1822.0,,7.95,412.0,3036.0,3448.0,,2.33,412.0,2970.0,3382.0,,2.02,412.0,2906.0,3318.0
418,208.58,412.0,1476.0,1888.0,,1.72,412.0,1410.0,1822.0,,8.01,412.0,3036.0,3448.0,,2.12,412.0,2970.0,3382.0,,2.04,412.0,2906.0,3318.0
419,1.83,412.0,1476.0,1888.0,,1.69,412.0,1410.0,1822.0,,1039.32,692.0,3102.0,3794.0,,2.13,412.0,2970.0,3382.0,,2.04,412.0,2906.0,3318.0
420,1.66,412.0,1476.0,1888.0,,2.05,412.0,1410.0,1822.0,,7.86,412.0,3036.0,3448.0,,2.24,412.0,2970.0,3382.0,,2.17,412.0,2906.0,3318.0
421,1.73,412.0,1476.0,1888.0,,2.14,412.0,1410.0,1822.0,,8.79,412.0,3036.0,3448.0,,2.13,412.0,2970.0,3382.0,,1.93,412.0,2906.0,3318.0
422,1.6,412.0,1476.0,1888.0,,2.16,412.0,1410.0,1822.0,,7.89,412.0,3036.0,3448.0,,2.07,412.0,2970.0,3382.0,,2.13,412.0,2906.0,3318.0
423,1.57,412.0,1476.0,1888.0,,2.67,412.0,2052.0,2464.0,,7.79,412.0,3036.0,3448.0,,2.24,412.0,2970.0,3382.0,,2.02,412.0,2906.0,3318.0
424,1.96,412.0,1476.0,1888.0,,2.11,412.0,1410.0,1822.0,,8.36,412.0,3036.0,3448.0,,2.51,412.0,2970.0,3382.0,,1.84,412.0,2906.0,3318.0
425,1005.95,486.0,1476.0,1962.0,,1.94,412.0,1410.0,1822.0,,8.04,412.0,3036.0,3448.0,,2.46,412.0,2970.0,3382.0,,1.91,412.0,2906.0,3318.0
426,1.95,412.0,1476.0,1888.0,,1.93,412.0,1410.0,1822.0,,8.47,412.0,3678.0,4090.0,,2.59,412.0,2970.0,3382.0,,1.95,412.0,2906.0,3318.0
427,1064.73,626.0,1476.0,2102.0,,1.94,412.0,1410.0,1822.0,,8.03,412.0,3036.0,3448.0,,2.34,412.0,2970.0,3382.0,,1.93,412.0,2906.0,3318.0
428,2.05,412.0,1476.0,1888.0,,2.17,412.0,1410.0,1822.0,,8.89,412.0,3036.0,3448.0,,2.42,412.0,2970.0,3382.0,,1.96,412.0,2906.0,3318.0
429,1.91,412.0,1476.0,1888.0,,1.95,412.0,1410.0,1822.0,,12.25,2004.0,1588.0,3592.0,,1063.34,626.0,2970.0,3596.0,,1.93,412.0,2906.0,3318.0
430,1.69,412.0,1476.0,1888.0,,2.21,412.0,1410.0,1822.0,,11.35,2004.0,1588.0,3592.0,,2.22,412.0,2970.0,3382.0,,1.98,412.0,2906.0,3318.0
431,2.06,412.0,1476.0,1888.0,,2.22,412.0,1410.0,1822.0,,7.87,412.0,3036.0,3448.0,,2.05,412.0,2970.0,3382.0,,2.04,412.0,2906.0,3318.0
432,1.9,412.0,1476.0,1888.0,,1.94,412.0,1410.0,1822.0,,1034.84,692.0,3102.0,3794.0,,2.54,412.0,2970.0,3382.0,,2.01,412.0,2906.0,3318.0
433,1.76,412.0,1476.0,1888.0,,1.97,412.0,1410.0,1822.0,,8.02,412.0,3036.0,3448.0,,2.53,412.0,2970.0,3382.0,,2.03,412.0,2906.0,3318.0
434,1.8,346.0,1476.0,1822.0,,2.31,412.0,1410.0,1822.0,,8.49,412.0,3036.0,3448.0,,2.44,412.0,2970.0,3382.0,,1.98,412.0,2906.0,3318.0
435,1.75,412.0,1476.0,1888.0,,1.89,412.0,1410.0,1822.0,,7.96,412.0,3036.0,3448.0,,1015.48,626.0,2970.0,3596.0,,2.03,412.0,2906.0,3318.0
436,1.69,412.0,1476.0,1888.0,,1.89,412.0,1410.0,1822.0,,8.86,412.0,3036.0,3448.0,,2.44,412.0,2970.0,3382.0,,2.0,412.0,2906.0,3318.0
437,1.7,412.0,1476.0,1888.0,,2.02,412.0,1410.0,1822.0,,7.79,412.0,3036.0,3448.0,,2.11,412.0,2970.0,3382.0,,2.09,412.0,2906.0,3318.0
438,2.66,412.0,1476.0,1888.0,,1.98,412.0,1410.0,1822.0,,8.57,412.0,3036.0,3448.0,,2.19,412.0,2970.0,3382.0,,2.11,412.0,2906.0,3318.0
439,2.37,412.0,1476.0,1888.0,,2.04,412.0,1410.0,1822.0,,8.29,412.0,3036.0,3448.0,,2.02,412.0,2970.0,3382.0,,2.02,412.0,2906.0,3318.0
440,1.97,412.0,1476.0,1888.0,,2.45,412.0,1410.0,1822.0,,8.41,412.0,3036.0,3448.0,,2.02,412.0,2970.0,3382.0,,2.0,412.0,2906.0,3318.0
441,2.8,412.0,1476.0,1888.0,,2.07,412.0,1410.0,1822.0,,8.2,346.0,3036.0,3382.0,,2.02,412.0,2970.0,3382.0,,2.01,412.0,2906.0,3318.0
442,1029.24,626.0,1476.0,2102.0,,1.95,412.0,1410.0,1822.0,,1032.37,692.0,3102.0,3794.0,,2.14,412.0,2970.0,3382.0,,2.07,412.0,2906.0,3318.0
443,2.01,412.0,1476.0,1888.0,,2.09,412.0,1410.0,1822.0,,8.38,412.0,3036.0,3448.0,,2.58,412.0,2970.0,3382.0,,2.03,412.0,2906.0,3318.0
444,2.05,412.0,1476.0,1888.0,,2.02,412.0,1410.0,1822.0,,8.42,346.0,3036.0,3382.0,,2.16,412.0,2970.0,3382.0,,2.05,412.0,2906.0,3318.0
445,2.01,412.0,1476.0,1888.0,,1.94,412.0,1410.0,1822.0,,7.99,412.0,3036.0,3448.0,,209.53,412.0,2970.0,3382.0,,2.1,412.0,2906.0,3318.0
446,205.57,1051.0,1476.0,2527.0,,2.53,412.0,1410.0,1822.0,,8.55,412.0,3036.0,3448.0,,2.46,412.0,2970.0,3382.0,,2.1,412.0,2906.0,3318.0
447,2.74,346.0,1476.0,1822.0,,1.95,412.0,1410.0,1822.0,,7.78,412.0,3036.0,3448.0,,2.8,412.0,2970.0,3382.0,,2.25,412.0,2906.0,3318.0
448,2.25,412.0,1476.0,1888.0,,1.78,412.0,1410.0,1822.0,,7.66,412.0,3036.0,3448.0,,2.56,346.0,2970.0,3316.0,,2.13,412.0,2906.0,3318.0
449,2.35,412.0,1476.0,1888.0,,2.02,412.0,1410.0,1822.0,,8.76,412.0,3036.0,3448.0,,2.38,412.0,2970.0,3382.0,,2.04,412.0,2906.0,3318.0
450,2.06,346.0,1476.0,1822.0,,2.01,412.0,1410.0,1822.0,,8.34,412.0,3036.0,3448.0,,2.09,412.0,2970.0,3382.0,,2.06,412.0,2906.0,3318.0
451,1.94,412.0,1476.0,1888.0,,1.83,412.0,1410.0,1822.0,,9.26,412.0,3036.0,3448.0,,2.12,412.0,2970.0,3382.0,,203.42,412.0,2906.0,3318.0
452,1.92,412.0,1476.0,1888.0,,1.77,412.0,1410.0,1822.0,,8.88,412.0,3036.0,3448.0,,2.27,412.0,2970.0,3382.0,,2.14,412.0,2906.0,3318.0
453,2.12,346.0,1476.0,1822.0,,1.78,412.0,1410.0,1822.0,,7.87,412.0,3036.0,3448.0,,2.06,412.0,2970.0,3382.0,,2.09,412.0,2906.0,3318.0
454,1.87,412.0,1476.0,1888.0,,2.05,412.0,1410.0,1822.0,,7.7,412.0,3036.0,3448.0,,2.2,412.0,2970.0,3382.0,,2.01,412.0,2906.0,3318.0
455,1.72,412.0,1476.0,1888.0,,2.1,412.0,1410.0,1822.0,,1035.3,692.0,3102.0,3794.0,,2.08,412.0,2970.0,3382.0,,1.96,412.0,2906.0,3318.0
456,2.06,412.0,1476.0,1888.0,,1.86,412.0,1410.0,1822.0,,7.7,412.0,3036.0,3448.0,,2.06,412.0,2970.0,3382.0,,1.98,412.0,2906.0,3318.0
457,209.46,412.0,1476.0,1888.0,,2.06,412.0,1410.0,1822.0,,7.62,412.0,3036.0,3448.0,,2.05,346.0,2970.0,3316.0,,2.05,412.0,2906.0,3318.0
458,2.06,412.0,1476.0,1888.0,,1.89,412.0,1410.0,1822.0,,7.83,412.0,3036.0,3448.0,,2.18,412.0,2970.0,3382.0,,2.09,412.0,3227.0,3639.0
459,2.04,412.0,1476.0,1888.0,,2.11,412.0,1410.0,1822.0,,7.62,412.0,3036.0,3448.0,,2.07,412.0,2970.0,3382.0,,1.94,412.0,2906.0,3318.0
460,1.98,346.0,1476.0,1822.0,,1.83,412.0,1410.0,1822.0,,7.66,412.0,3036.0,3448.0,,2.05,412.0,2970.0,3382.0,,1.94,412.0,2906.0,3318.0
461,2.04,412.0,1476.0,1888.0,,2.04,412.0,1410.0,1822.0,,7.38,346.0,3036.0,3382.0,,2.15,412.0,2970.0,3382.0,,2.01,412.0,2906.0,3318.0
462,1.98,412.0,1476.0,1888.0,,2.32,412.0,1410.0,1822.0,,7.28,412.0,3036.0,3448.0,,2.03,412.0,2970.0,3382.0,,1.96,412.0,2906.0,3318.0
463,2.08,412.0,1476.0,1888.0,,2.2,412.0,1410.0,1822.0,,7.27,412.0,3036.0,3448.0,,2.08,412.0,2970.0,3382.0,,210.88,412.0,2906.0,3318.0
464,2.92,412.0,1476.0,1888.0,,1.99,412.0,1410.0,1822.0,,7.16,412.0,3036.0,3448.0,,2.08,412.0,2970.0,3382.0,,2.04,412.0,2906.0,3318.0
465,1.97,412.0,1476.0,1888.0,,1.93,412.0,1410.0,1822.0,,10.87,2004.0,1588.0,3592.0,,2.03,346.0,2970.0,3316.0,,2.04,412.0,2906.0,3318.0
466,2.42,412.0,1476.0,1888.0,,2.31,412.0,1410.0,1822.0,,7.12,412.0,3036.0,3448.0,,1026.5,626.0,2970.0,3596.0,,2.03,412.0,2906.0,3318.0
467,2.04,412.0,1476.0,1888.0,,2.23,412.0,1410.0,1822.0,,7.22,412.0,3036.0,3448.0,,2.43,346.0,2970.0,3316.0,,2.66,412.0,2906.0,3318.0
468,2.12,412.0,1476.0,1888.0,,2.11,412.0,1410.0,1822.0,,7.12,412.0,3036.0,3448.0,,2.23,412.0,2970.0,3382.0,,2.06,412.0,2906.0,3318.0
469,204.55,412.0,1476.0,1888.0,,2.01,412.0,1410.0,1822.0,,7.31,412.0,3036.0,3448.0,,2.22,412.0,2970.0,3382.0,,2.08,412.0,2906.0,3318.0
470,1.94,412.0,1476.0,1888.0,,2.2,412.0,1410.0,1822.0,,1028.15,692.0,3102.0,3794.0,,2.34,412.0,2970.0,3382.0,,2.2,412.0,2906.0,3318.0
471,1.82,412.0,1476.0,1888.0,,2.13,412.0,1410.0,1822.0,,7.43,412.0,3036.0,3448.0,,2.24,412.0,2970.0,3382.0,,2.14,412.0,2906.0,3318.0
472,1.8,412.0,1476.0,1888.0,,1.84,412.0,1410.0,1822.0,,7.22,412.0,3036.0,3448.0,,2.23,412.0,2970.0,3382.0,,1.87,412.0,2906.0,3318.0
473,1.78,412.0,1476.0,1888.0,,1.84,412.0,1410.0,1822.0,,7.36,412.0,3036.0,3448.0,,2.23,412.0,2970.0,3382.0,,2.08,412.0,2906.0,3318.0
474,2.16,412.0,1476.0,1888.0,,1.97,412.0,1410.0,1822.0,,8.62,412.0,3036.0,3448.0,,2.16,412.0,2970.0,3382.0,,2.06,412.0,2906.0,3318.0
475,2.01,412.0,1476.0,1888.0,,1.79,412.0,1410.0,1822.0,,7.49,412.0,3036.0,3448.0,,2.26,412.0,2970.0,3382.0,,208.34,412.0,2906.0,3318.0
476,2.14,412.0,1476.0,1888.0,,1.91,412.0,1410.0,1822.0,,7.25,412.0,3036.0,3448.0,,2.22,412.0,2970.0,3382.0,,2.08,412.0,2906.0,3318.0
477,2.14,412.0,1476.0,1888.0,,1.73,412.0,1410.0,1822.0,,7.16,412.0,3036.0,3448.0,,2.23,412.0,2970.0,3382.0,,2.15,412.0,2906.0,3318.0
478,2.18,412.0,1476.0,1888.0,,2.2,412.0,1410.0,1822.0,,7.16,412.0,3036.0,3448.0,,2.27,412.0,2970.0,3382.0,,2.0,412.0,2906.0,3318.0
479,2.06,412.0,1476.0,1888.0,,2.1,412.0,1410.0,1822.0,,7.16,412.0,3036.0,3448.0,,2.29,412.0,2970.0,3382.0,,1.94,412.0,2906.0,3318.0
480,1003.16,626.0,1476.0,2102.0,,2.02,412.0,1410.0,1822.0,,7.14,412.0,3036.0,3448.0,,2.25,412.0,2970.0,3382.0,,1.87,412.0,2906.0,3318.0
481,2.33,412.0,1476.0,1888.0,,2.25,412.0,1410.0,1822.0,,7.21,412.0,3036.0,3448.0,,3.03,412.0,2970.0,3382.0,,1.78,412.0,2906.0,3318.0
482,2.34,412.0,1476.0,1888.0,,1.82,412.0,1410.0,1822.0,,7.29,412.0,3036.0,3448.0,,2.29,412.0,2970.0,3382.0,,1.9,412.0,2906.0,3318.0
483,2.09,412.0,1476.0,1888.0,,2.34,412.0,1410.0,1822.0,,7.38,412.0,3036.0,3448.0,,2.28,412.0,2970.0,3382.0,,1.81,412.0,2906.0,3318.0
484,1.94,412.0,1476.0,1888.0,,2.15,412.0,1410.0,1822.0,,10.4,2004.0,1588.0,3592.0,,2.23,412.0,2970.0,3382.0,,1.82,412.0,2906.0,3318.0
485,1.82,412.0,1476.0,1888.0,,2.07,412.0,1410.0,1822.0,,7.08,412.0,3036.0,3448.0,,2.88,412.0,2970.0,3382.0,,1.82,412.0,2906.0,3318.0
486,1.82,346.0,1476.0,1822.0,,1.97,412.0,1410.0,1822.0,,7.06,412.0,3036.0,3448.0,,2.62,412.0,2970.0,3382.0,,1.85,412.0,2906.0,3318.0
487,1.68,412.0,1476.0,1888.0,,1.95,412.0,1410.0,1822.0,,7.14,412.0,3036.0,3448.0,,2.54,412.0,2970.0,3382.0,,1.83,412.0,2906.0,3318.0
488,2.0,412.0,1476.0,1888.0,,1.92,412.0,1410.0,1822.0,,7.07,412.0,3036.0,3448.0,,2.6,412.0,2970.0,3382.0,,1.76,412.0,2906.0,3318.0
489,1.76,412.0,1476.0,1888.0,,2.2,412.0,1410.0,1822.0,,7.13,412.0,3036.0,3448.0,,2.82,412.0,2970.0,3382.0,,1.82,412.0,2906.0,3318.0
490,2.12,412.0,1476.0,1888.0,,2.07,412.0,1410.0,1822.0,,7.26,412.0,3036.0,3448.0,,3.08,412.0,2970.0,3382.0,,1.83,412.0,2906.0,3318.0
491,2.35,412.0,1476.0,1888.0,,2.08,412.0,1410.0,1822.0,,219.1,2004.0,1588.0,3592.0,,2.61,412.0,2970.0,3382.0,,1007.77,626.0,2906.0,3532.0
492,1.99,412.0,1476.0,1888.0,,2.47,412.0,1410.0,1822.0,,7.39,412.0,3036.0,3448.0,,2.5,412.0,2970.0,3382.0,,1.88,412.0,2906.0,3318.0
493,206.2,412.0,1476.0,1888.0,,2.66,412.0,1410.0,1822.0,,7.23,346.0,3036.0,3382.0,,2.63,412.0,2970.0,3382.0,,2.0,412.0,2906.0,3318.0
494,1.99,412.0,1476.0,1888.0,,2.59,412.0,1410.0,1822.0,,7.31,412.0,3036.0,3448.0,,2.48,412.0,2970.0,3382.0,,205.05,412.0,2906.0,3318.0
495,208.91,412.0,1476.0,1888.0,,2.25,412.0,1410.0,1822.0,,1036.11,692.0,3102.0,3794.0,,2.41,412.0,2970.0,3382.0,,2.07,412.0,2906.0,3318.0
496,2.19,346.0,1476.0,1822.0,,2.08,412.0,1410.0,1822.0,,7.6,412.0,3036.0,3448.0,,2.37,412.0,2970.0,3382.0,,2.06,412.0,2906.0,3318.0
497,205.23,412.0,1476.0,1888.0,,2.09,412.0,1410.0,1822.0,,7.58,412.0,3036.0,3448.0,,2.34,412.0,2970.0,3382.0,,1.83,412.0,2906.0,3318.0
498,2.27,412.0,1476.0,1888.0,,1.96,412.0,1410.0,1822.0,,7.99,412.0,3036.0,3448.0,,2.28,412.0,2970.0,3382.0,,1.83,412.0,2906.0,3318.0
499,1.96,412.0,1476.0,1888.0,,1.8,412.0,1410.0,1822.0,,7.58,412.0,3036.0,3448.0,,2.42,412.0,2970.0,3382.0,,1046.66,486.0,2906.0,3392.0
500,1.98,412.0,1476.0,1888.0,,1.91,412.0,1410.0,1822.0,,7.34,412.0,3036.0,3448.0,,2.25,412.0,2970.0,3382.0,,2.05,412.0,2906.0,3318.0
