Handshake_ID,P-384_Time_ms,P-384_Bytes_TCP,P-384_Bytes_TLS,P-384_Bytes_Total,4,x448_Time_ms,x448_Bytes_TCP,x448_Bytes_TLS,x448_Bytes_Total,9,p384_mlkem768_Time_ms,p384_mlkem768_Bytes_TCP,p384_mlkem768_Bytes_TLS,p384_mlkem768_Bytes_Total,14,x448_mlkem768_Time_ms,x448_mlkem768_Bytes_TCP,x448_mlkem768_Bytes_TLS,x448_mlkem768_Bytes_Total,19,mlkem768_Time_ms,mlkem768_Bytes_TCP,mlkem768_Bytes_TLS,mlkem768_Bytes_Total
1,9.49,412.0,1703.0,2115.0,,7.68,412.0,1622.0,2034.0,,21.35,412.0,3967.0,4379.0,,7.18,412.0,3886.0,4298.0,,5.46,412.0,3773.0,4185.0
2,10.24,412.0,1702.0,2114.0,,6.77,412.0,1621.0,2033.0,,20.36,412.0,3967.0,4379.0,,6.63,412.0,3884.0,4296.0,,5.02,412.0,3773.0,4185.0
3,12.4,412.0,1703.0,2115.0,,6.11,412.0,1622.0,2034.0,,20.71,412.0,3967.0,4379.0,,6.38,412.0,3885.0,4297.0,,5.0,412.0,3774.0,4186.0
4,12.15,412.0,1702.0,2114.0,,6.12,412.0,1620.0,2032.0,,17.23,412.0,3967.0,4379.0,,6.31,412.0,3886.0,4298.0,,4.86,412.0,3773.0,4185.0
5,9.16,412.0,1703.0,2115.0,,6.23,412.0,1621.0,2033.0,,16.68,412.0,3968.0,4380.0,,6.69,412.0,3884.0,4296.0,,4.9,412.0,3773.0,4185.0
6,9.03,412.0,1702.0,2114.0,,6.01,412.0,1622.0,2034.0,,16.61,412.0,3968.0,4380.0,,8.84,412.0,3886.0,4298.0,,5.21,412.0,3773.0,4185.0
7,9.77,412.0,1704.0,2116.0,,5.93,412.0,1620.0,2032.0,,18.39,412.0,3968.0,4380.0,,6.38,412.0,3885.0,4297.0,,4.87,412.0,3772.0,4184.0
8,9.96,412.0,1702.0,2114.0,,5.59,412.0,1621.0,2033.0,,17.27,412.0,3967.0,4379.0,,6.53,412.0,3885.0,4297.0,,4.89,412.0,3772.0,4184.0
9,8.75,412.0,1703.0,2115.0,,5.64,412.0,1621.0,2033.0,,16.96,412.0,4609.0,5021.0,,6.35,412.0,3885.0,4297.0,,4.83,412.0,3773.0,4185.0
10,9.36,412.0,1702.0,2114.0,,5.48,412.0,1622.0,2034.0,,18.14,412.0,3967.0,4379.0,,6.33,412.0,3884.0,4296.0,,7.03,412.0,3773.0,4185.0
11,8.77,412.0,1703.0,2115.0,,5.57,412.0,1620.0,2032.0,,20.29,412.0,3967.0,4379.0,,8.9,412.0,3884.0,4296.0,,4.8,412.0,3772.0,4184.0
12,8.65,412.0,1703.0,2115.0,,5.79,412.0,1621.0,2033.0,,17.13,412.0,3968.0,4380.0,,9.04,412.0,3885.0,4297.0,,4.76,412.0,3774.0,4186.0
13,10.16,412.0,1704.0,2116.0,,5.33,412.0,1620.0,2032.0,,17.15,412.0,3967.0,4379.0,,8.82,412.0,3885.0,4297.0,,4.66,412.0,3772.0,4184.0
14,8.97,412.0,1703.0,2115.0,,5.4,412.0,1622.0,2034.0,,16.59,412.0,3967.0,4379.0,,6.42,412.0,3886.0,4298.0,,4.9,412.0,3773.0,4185.0
15,9.89,412.0,1704.0,2116.0,,5.29,412.0,1621.0,2033.0,,16.35,412.0,3968.0,4380.0,,6.4,412.0,3885.0,4297.0,,5.0,412.0,3773.0,4185.0
16,8.79,412.0,1703.0,2115.0,,5.46,412.0,1621.0,2033.0,,16.1,412.0,3968.0,4380.0,,6.37,412.0,3884.0,4296.0,,4.95,412.0,3774.0,4186.0
17,9.34,412.0,1702.0,2114.0,,6.21,412.0,1621.0,2033.0,,20.84,412.0,3966.0,4378.0,,6.41,412.0,3884.0,4296.0,,4.86,412.0,3772.0,4184.0
18,8.76,412.0,1702.0,2114.0,,5.39,412.0,1621.0,2033.0,,20.59,412.0,3967.0,4379.0,,6.34,412.0,3884.0,4296.0,,4.84,412.0,3772.0,4184.0
19,9.45,412.0,1703.0,2115.0,,7.26,412.0,1621.0,2033.0,,17.81,412.0,4609.0,5021.0,,6.49,412.0,3885.0,4297.0,,4.87,412.0,3773.0,4185.0
20,9.1,412.0,1704.0,2116.0,,5.45,412.0,1621.0,2033.0,,22.36,412.0,3966.0,4378.0,,6.55,412.0,3885.0,4297.0,,4.85,412.0,3773.0,4185.0
21,10.16,412.0,1702.0,2114.0,,5.49,412.0,1621.0,2033.0,,18.44,412.0,3967.0,4379.0,,6.82,412.0,3884.0,4296.0,,6.89,412.0,3773.0,4185.0
22,9.69,412.0,1704.0,2116.0,,5.72,412.0,1620.0,2032.0,,23.06,412.0,3966.0,4378.0,,7.71,412.0,3884.0,4296.0,,5.25,412.0,3772.0,4184.0
23,9.13,412.0,1701.0,2113.0,,7.13,412.0,1621.0,2033.0,,19.4,412.0,3967.0,4379.0,,6.54,412.0,3884.0,4296.0,,4.83,412.0,3773.0,4185.0
24,8.72,412.0,1702.0,2114.0,,6.96,412.0,1621.0,2033.0,,21.78,412.0,3967.0,4379.0,,6.48,412.0,3886.0,4298.0,,4.78,412.0,3774.0,4186.0
25,9.78,412.0,1703.0,2115.0,,5.62,412.0,1621.0,2033.0,,21.35,412.0,3967.0,4379.0,,6.34,412.0,3884.0,4296.0,,5.73,412.0,3772.0,4184.0
26,9.61,412.0,1702.0,2114.0,,7.09,412.0,1622.0,2034.0,,643.52,478.0,4032.0,4510.0,,6.24,412.0,3886.0,4298.0,,4.97,412.0,3773.0,4185.0
27,9.72,412.0,1703.0,2115.0,,6.76,412.0,1622.0,2034.0,,17.27,412.0,3967.0,4379.0,,6.4,412.0,3885.0,4297.0,,5.03,412.0,3773.0,4185.0
28,12.11,412.0,1703.0,2115.0,,5.36,412.0,1621.0,2033.0,,17.39,412.0,3967.0,4379.0,,6.34,412.0,3885.0,4297.0,,4.78,412.0,3772.0,4184.0
29,9.6,412.0,1703.0,2115.0,,7.15,412.0,1621.0,2033.0,,433.34,478.0,4033.0,4511.0,,6.52,412.0,3884.0,4296.0,,5.18,412.0,3773.0,4185.0
30,9.31,412.0,1704.0,2116.0,,5.58,412.0,1622.0,2034.0,,16.71,667.0,3966.0,4633.0,,6.42,412.0,3885.0,4297.0,,4.87,412.0,3772.0,4184.0
31,9.56,412.0,1704.0,2116.0,,6.88,412.0,1621.0,2033.0,,23.38,412.0,3968.0,4380.0,,6.78,412.0,3884.0,4296.0,,4.87,412.0,3773.0,4185.0
32,9.53,412.0,1703.0,2115.0,,5.87,412.0,1621.0,2033.0,,57868.96,5555.0,4034.0,9589.0,,6.64,412.0,3886.0,4298.0,,5.06,412.0,3772.0,4184.0
33,9.77,412.0,1703.0,2115.0,,5.47,412.0,1620.0,2032.0,,3293.3,700.0,4034.0,4734.0,,6.47,412.0,3884.0,4296.0,,4.74,412.0,3773.0,4185.0
34,9.4,412.0,1703.0,2115.0,,5.8,412.0,1622.0,2034.0,,1071.1,552.0,4032.0,4584.0,,6.57,412.0,3884.0,4296.0,,4.94,412.0,3773.0,4185.0
35,9.91,412.0,1703.0,2115.0,,5.76,412.0,1621.0,2033.0,,7322.71,2152.0,2519.0,4671.0,,7.08,412.0,3886.0,4298.0,,4.6,412.0,3773.0,4185.0
36,9.12,412.0,1703.0,2115.0,,5.41,412.0,1621.0,2033.0,,1084.28,692.0,4034.0,4726.0,,7.01,412.0,3886.0,4298.0,,5.33,412.0,3773.0,4185.0
37,9.08,346.0,1703.0,2049.0,,5.97,412.0,1621.0,2033.0,,638.81,811.0,4032.0,4843.0,,6.93,412.0,3884.0,4296.0,,6.09,412.0,3774.0,4186.0
38,215.35,412.0,1702.0,2114.0,,5.28,412.0,1622.0,2034.0,,842.58,3827.0,4033.0,7860.0,,7.2,412.0,3885.0,4297.0,,5.9,412.0,3773.0,4185.0
39,218.73,939.0,1703.0,2642.0,,5.7,412.0,1621.0,2033.0,,1480.99,2337.0,2519.0,4856.0,,8.89,412.0,3886.0,4298.0,,8.31,412.0,3774.0,4186.0
40,422.49,412.0,1704.0,2116.0,,6.68,412.0,1621.0,2033.0,,630.07,478.0,4033.0,4511.0,,6.74,412.0,3885.0,4297.0,,8.79,412.0,3773.0,4185.0
41,213.29,412.0,1702.0,2114.0,,7.68,412.0,1620.0,2032.0,,1019.93,552.0,4032.0,4584.0,,7.15,412.0,3884.0,4296.0,,5.12,412.0,3772.0,4184.0
42,11.24,346.0,1704.0,2050.0,,6.31,412.0,1621.0,2033.0,,1279.32,704.0,4032.0,4736.0,,9.49,412.0,3886.0,4298.0,,5.24,412.0,3774.0,4186.0
43,9.99,412.0,1702.0,2114.0,,5.82,412.0,1622.0,2034.0,,16418.71,700.0,4033.0,4733.0,,9.03,412.0,3886.0,4298.0,,5.32,412.0,3774.0,4186.0
44,210.81,1083.0,1704.0,2787.0,,5.93,412.0,1621.0,2033.0,,224.33,4510.0,1915.0,6425.0,,6.9,412.0,3884.0,4296.0,,4.83,412.0,3774.0,4186.0
45,1065.09,486.0,1704.0,2190.0,,6.39,412.0,1621.0,2033.0,,3290.48,700.0,4032.0,4732.0,,6399.97,2859.0,1874.0,4733.0,,4.84,412.0,3773.0,4185.0
46,8.69,412.0,1703.0,2115.0,,5.81,412.0,1621.0,2033.0,,1071.41,486.0,4033.0,4519.0,,1221.41,552.0,3951.0,4503.0,,5.08,412.0,3772.0,4184.0
47,1060.28,420.0,1703.0,2123.0,,4087.75,642.0,1620.0,2262.0,,10582.7,782.0,4034.0,4816.0,,6.84,412.0,3884.0,4296.0,,8.46,2004.0,2324.0,4328.0
48,8.88,346.0,1703.0,2049.0,,211.61,964.0,1621.0,2585.0,,1224.72,2078.0,2520.0,4598.0,,6.82,412.0,3886.0,4298.0,,1476.25,692.0,3838.0,4530.0
49,214.26,412.0,1703.0,2115.0,,827.06,1900.0,698.0,2598.0,,16.06,412.0,3968.0,4380.0,,10.47,2004.0,2438.0,4442.0,,212.47,478.0,3839.0,4317.0
50,214.34,877.0,2023.0,2900.0,,2271.11,560.0,1620.0,2180.0,,13195.27,478.0,4034.0,4512.0,,9.17,412.0,3886.0,4298.0,,4.92,412.0,3773.0,4185.0
51,1695.45,1980.0,739.0,2719.0,,16843.17,412.0,1621.0,2033.0,,16868.24,2004.0,2518.0,4522.0,,2081.71,626.0,3951.0,4577.0,,1446.3,2747.0,1818.0,4565.0
52,1834.28,420.0,1703.0,2123.0,,7.63,412.0,1622.0,2034.0,,16.35,412.0,3967.0,4379.0,,1008.81,552.0,3951.0,4503.0,,1426.57,692.0,3839.0,4531.0
53,8.76,412.0,1703.0,2115.0,,3106.2,568.0,1621.0,2189.0,,16.88,412.0,3966.0,4378.0,,6.74,412.0,3886.0,4298.0,,6.76,346.0,3773.0,4119.0
54,6682.23,634.0,1704.0,2338.0,,5.46,346.0,1622.0,1968.0,,16.39,412.0,3968.0,4380.0,,6.7,346.0,3885.0,4231.0,,5.83,412.0,3773.0,4185.0
55,3061.72,634.0,1703.0,2337.0,,4388.28,486.0,1621.0,2107.0,,19.57,2259.0,2520.0,4779.0,,1043.34,692.0,3950.0,4642.0,,9.36,2004.0,2324.0,4328.0
56,834.25,412.0,1703.0,2115.0,,5.4,412.0,1620.0,2032.0,,20.99,2004.0,2520.0,4524.0,,218.37,478.0,3950.0,4428.0,,5.28,412.0,3774.0,4186.0
57,213.34,1017.0,1703.0,2720.0,,16977.37,412.0,1621.0,2033.0,,16.97,412.0,3968.0,4380.0,,9.34,412.0,3885.0,4297.0,,213.78,2162.0,2326.0,4488.0
58,1035.76,486.0,1704.0,2190.0,,1430.0,560.0,1621.0,2181.0,,16.71,412.0,3967.0,4379.0,,9.17,346.0,3885.0,4231.0,,5.28,412.0,3774.0,4186.0
59,425.28,412.0,1704.0,2116.0,,5.37,346.0,1622.0,1968.0,,3116.32,478.0,4032.0,4510.0,,8.44,412.0,3884.0,4296.0,,5.0,412.0,3772.0,4184.0
60,211.15,412.0,1704.0,2116.0,,213.97,412.0,1620.0,2032.0,,19.91,2259.0,2519.0,4778.0,,217.66,2218.0,2438.0,4656.0,,9.6,2004.0,2324.0,4328.0
61,1054.17,626.0,1704.0,2330.0,,5.68,412.0,1621.0,2033.0,,19.24,2004.0,2519.0,4523.0,,1268.44,552.0,3951.0,4503.0,,8.11,412.0,3773.0,4185.0
62,1013.71,420.0,1704.0,2124.0,,5.45,412.0,1621.0,2033.0,,16.46,667.0,3968.0,4635.0,,9.5,412.0,3885.0,4297.0,,4.81,412.0,3774.0,4186.0
63,1016.73,626.0,1703.0,2329.0,,5.29,412.0,1620.0,2032.0,,14490.93,2012.0,2520.0,4532.0,,1041.03,692.0,3951.0,4643.0,,3149.95,2004.0,2324.0,4328.0
64,1009.83,560.0,1703.0,2263.0,,1017.65,420.0,1621.0,2041.0,,1429.1,486.0,4033.0,4519.0,,1014.65,692.0,3951.0,4643.0,,8.45,2004.0,2324.0,4328.0
65,1014.23,486.0,1704.0,2190.0,,5.27,346.0,1620.0,1966.0,,22.61,412.0,3967.0,4379.0,,7.93,412.0,3886.0,4298.0,,1267.05,552.0,3840.0,4392.0
66,3473.76,568.0,1703.0,2271.0,,1268.67,626.0,1620.0,2246.0,,16.55,412.0,3967.0,4379.0,,6.85,412.0,3885.0,4297.0,,6.04,412.0,3773.0,4185.0
67,1046.1,560.0,1702.0,2262.0,,3110.41,634.0,1621.0,2255.0,,16.2,412.0,3966.0,4378.0,,220.21,2004.0,2436.0,4440.0,,4.88,412.0,3774.0,4186.0
68,214.58,412.0,1702.0,2114.0,,210.61,1042.0,1620.0,2662.0,,1225.95,704.0,4033.0,4737.0,,6.89,412.0,3884.0,4296.0,,17843.52,692.0,3839.0,4531.0
69,8.82,412.0,1703.0,2115.0,,6613.78,412.0,1620.0,2032.0,,229.39,4508.0,1915.0,6423.0,,7.38,346.0,3884.0,4230.0,,5.66,412.0,3772.0,4184.0
70,2684.35,486.0,1702.0,2188.0,,7.13,412.0,1621.0,2033.0,,1021.45,692.0,4032.0,4724.0,,7.88,412.0,3886.0,4298.0,,4.82,412.0,3772.0,4184.0
71,828.09,2574.0,739.0,3313.0,,211.3,976.0,1621.0,2597.0,,16.18,667.0,3967.0,4634.0,,176715.24,2004.0,2436.0,4440.0,,215.85,2004.0,2325.0,4329.0
72,1072.71,486.0,1704.0,2190.0,,5.34,412.0,1622.0,2034.0,,838.72,478.0,4034.0,4512.0,,8.2,412.0,3886.0,4298.0,,6389.85,2162.0,2324.0,4486.0
73,9.85,412.0,1702.0,2114.0,,214.52,412.0,1621.0,2033.0,,2053.39,552.0,4033.0,4585.0,,7.23,346.0,3884.0,4230.0,,4.82,412.0,3772.0,4184.0
74,418.76,412.0,1702.0,2114.0,,1045.54,420.0,1621.0,2041.0,,232.1,478.0,4033.0,4511.0,,2064.69,560.0,3952.0,4512.0,,423.01,478.0,3839.0,4317.0
75,215.11,412.0,1703.0,2115.0,,32033.07,560.0,1620.0,2180.0,,22.91,2004.0,2519.0,4523.0,,10.74,2859.0,1874.0,4733.0,,1458.1,478.0,3839.0,4317.0
76,1245.66,626.0,1704.0,2330.0,,5.55,412.0,1621.0,2033.0,,20.25,412.0,3966.0,4378.0,,213.51,2004.0,2438.0,4442.0,,61005.38,626.0,3839.0,4465.0
77,7208.19,996.0,1703.0,2699.0,,6.86,502.0,1943.0,2445.0,,21.34,412.0,3968.0,4380.0,,6.57,346.0,3885.0,4231.0,,827.7,478.0,3839.0,4317.0
78,4781.81,486.0,1703.0,2189.0,,419.38,412.0,1620.0,2032.0,,16.9,412.0,3966.0,4378.0,,629.04,478.0,3950.0,4428.0,,4.98,412.0,3774.0,4186.0
79,9.31,412.0,1704.0,2116.0,,1062.43,486.0,1622.0,2108.0,,1229.76,2012.0,2519.0,4531.0,,6.67,412.0,3884.0,4296.0,,1878.29,486.0,3839.0,4325.0
80,9.93,412.0,1702.0,2114.0,,6.35,412.0,1620.0,2032.0,,1264.94,704.0,4033.0,4737.0,,827.78,478.0,3952.0,4430.0,,4.81,412.0,3774.0,4186.0
81,215.23,412.0,1703.0,2115.0,,826.88,412.0,1621.0,2033.0,,17.68,667.0,3967.0,4634.0,,6.86,412.0,3884.0,4296.0,,6.05,346.0,3773.0,4119.0
82,213.6,412.0,1703.0,2115.0,,212.7,412.0,1621.0,2033.0,,20.48,412.0,3968.0,4380.0,,10.43,2218.0,2437.0,4655.0,,5.66,412.0,3774.0,4186.0
83,1017.7,626.0,1704.0,2330.0,,4350.62,2040.0,1340.0,3380.0,,1269.73,2012.0,2519.0,4531.0,,6420.3,560.0,3952.0,4512.0,,2272.2,2086.0,2326.0,4412.0
84,1010.74,486.0,1702.0,2188.0,,829.47,2146.0,1622.0,3768.0,,20.82,412.0,3968.0,4380.0,,6.53,412.0,3884.0,4296.0,,4.91,412.0,3773.0,4185.0
85,1426.04,420.0,1703.0,2123.0,,1069.03,486.0,1621.0,2107.0,,1236.52,692.0,4032.0,4724.0,,1009.15,692.0,3951.0,4643.0,,7189.44,1062.0,3839.0,4901.0
86,9.06,412.0,1703.0,2115.0,,5.49,412.0,1621.0,2033.0,,21.26,2004.0,2518.0,4522.0,,1013.99,552.0,3951.0,4503.0,,5109.82,848.0,3838.0,4686.0
87,218.55,412.0,1702.0,2114.0,,5.66,412.0,1622.0,2034.0,,4788.21,486.0,4033.0,4519.0,,13170.97,2848.0,1874.0,4722.0,,1013.8,692.0,3839.0,4531.0
88,217.11,412.0,1703.0,2115.0,,5.55,412.0,1621.0,2033.0,,1271.66,2012.0,2519.0,4531.0,,1432.42,2218.0,2438.0,4656.0,,5.0,412.0,3773.0,4185.0
89,11.81,346.0,1703.0,2049.0,,5.95,346.0,1622.0,1968.0,,16.46,745.0,3968.0,4713.0,,425.15,478.0,3951.0,4429.0,,1063.03,552.0,3839.0,4391.0
90,1259.64,420.0,1702.0,2122.0,,1014.15,486.0,1622.0,2108.0,,16.75,412.0,3966.0,4378.0,,6.78,346.0,3885.0,4231.0,,4.86,412.0,3773.0,4185.0
91,10.63,412.0,1704.0,2116.0,,1013.36,486.0,1620.0,2106.0,,16.25,745.0,3966.0,4711.0,,6.94,412.0,3886.0,4298.0,,5.97,412.0,3773.0,4185.0
92,13256.34,412.0,1702.0,2114.0,,5.96,412.0,1621.0,2033.0,,225.23,2004.0,2520.0,4524.0,,1228.63,704.0,3950.0,4654.0,,4579.59,552.0,3837.0,4389.0
93,9.05,346.0,1703.0,2049.0,,5.35,412.0,1620.0,2032.0,,16.48,667.0,3967.0,4634.0,,2087.98,626.0,3951.0,4577.0,,4.96,412.0,3773.0,4185.0
94,1697.87,2640.0,739.0,3379.0,,5393.81,560.0,1622.0,2182.0,,225.32,2259.0,2519.0,4778.0,,4085.85,774.0,3952.0,4726.0,,8.29,2004.0,2326.0,4330.0
95,1015.98,560.0,1704.0,2264.0,,3269.57,568.0,1621.0,2189.0,,1059.99,692.0,4032.0,4724.0,,6.76,412.0,3885.0,4297.0,,212.07,2004.0,2325.0,4329.0
96,12.23,412.0,1703.0,2115.0,,4629.32,626.0,1620.0,2246.0,,2101.56,560.0,4034.0,4594.0,,218.52,2859.0,1874.0,4733.0,,5.08,412.0,3774.0,4186.0
97,9.19,346.0,1703.0,2049.0,,5.39,412.0,1621.0,2033.0,,2919.7,2086.0,2518.0,4604.0,,1227.4,552.0,3951.0,4503.0,,5634.82,692.0,3838.0,4530.0
98,213.18,412.0,1703.0,2115.0,,5.71,346.0,1620.0,1966.0,,1468.69,2337.0,2519.0,4856.0,,6.53,412.0,3886.0,4298.0,,1214.53,2078.0,2325.0,4403.0
99,9.06,412.0,1702.0,2114.0,,5.49,346.0,1621.0,1967.0,,16.12,412.0,3968.0,4380.0,,1462.37,2012.0,2437.0,4449.0,,5.14,412.0,3774.0,4186.0
100,1048.6,626.0,1704.0,2330.0,,1028.49,420.0,1621.0,2041.0,,635.45,478.0,4033.0,4511.0,,6.73,346.0,3885.0,4231.0,,2710.15,2152.0,2324.0,4476.0
101,833.75,2574.0,739.0,3313.0,,1650.95,412.0,1621.0,2033.0,,2076.17,626.0,4033.0,4659.0,,10.21,2004.0,2437.0,4441.0,,828.73,478.0,3839.0,4317.0
102,3299.34,2575.0,739.0,3314.0,,5.32,346.0,1621.0,1967.0,,1077.49,692.0,4033.0,4725.0,,220.23,2004.0,2437.0,4441.0,,1212.38,552.0,3839.0,4391.0
103,421.79,412.0,1703.0,2115.0,,7210.17,856.0,1621.0,2477.0,,1451.26,478.0,4032.0,4510.0,,213.69,2218.0,2437.0,4655.0,,1065.32,692.0,3838.0,4530.0
104,1238.74,560.0,1704.0,2264.0,,5.53,412.0,1620.0,2032.0,,13527.04,478.0,4033.0,4511.0,,6.5,412.0,3886.0,4298.0,,1010.97,692.0,3838.0,4530.0
105,1268.78,560.0,1702.0,2262.0,,209.68,898.0,1620.0,2518.0,,21.99,412.0,3968.0,4380.0,,6.57,412.0,3885.0,4297.0,,5.04,346.0,3774.0,4120.0
106,6064.26,560.0,1704.0,2264.0,,5.34,346.0,1621.0,1967.0,,18.43,412.0,3967.0,4379.0,,6.37,412.0,3886.0,4298.0,,4.97,412.0,3773.0,4185.0
107,9.02,412.0,1703.0,2115.0,,1219.3,560.0,1621.0,2181.0,,2068.64,560.0,4033.0,4593.0,,6.38,346.0,3886.0,4232.0,,1044.59,692.0,3839.0,4531.0
108,1234.16,626.0,1703.0,2329.0,,212.69,412.0,1622.0,2034.0,,4841.3,704.0,4032.0,4736.0,,5656.93,692.0,3951.0,4643.0,,5.93,412.0,3773.0,4185.0
109,2089.81,494.0,1702.0,2196.0,,4741.25,568.0,1621.0,2189.0,,1065.19,552.0,4033.0,4585.0,,6.72,412.0,3885.0,4297.0,,1266.68,704.0,3839.0,4543.0
110,8.85,412.0,1704.0,2116.0,,5.6,412.0,1621.0,2033.0,,1078.91,692.0,4034.0,4726.0,,2492.65,560.0,3950.0,4510.0,,5.02,346.0,3773.0,4119.0
111,1058.24,626.0,1703.0,2329.0,,1062.78,486.0,1621.0,2107.0,,20.57,2004.0,2519.0,4523.0,,8014.88,856.0,3952.0,4808.0,,8.91,2004.0,2324.0,4328.0
112,9.03,346.0,1704.0,2050.0,,1649.0,1898.0,698.0,2596.0,,2069.34,626.0,4032.0,4658.0,,6.8,412.0,3885.0,4297.0,,4308.72,2300.0,2325.0,4625.0
113,8.72,412.0,1703.0,2115.0,,2040.02,560.0,1621.0,2181.0,,638.83,2004.0,2519.0,4523.0,,213.21,2272.0,3951.0,6223.0,,1062.65,626.0,3839.0,4465.0
114,1243.89,486.0,1703.0,2189.0,,1009.93,486.0,1622.0,2108.0,,16.28,667.0,3968.0,4635.0,,5137.92,848.0,3952.0,4800.0,,4.98,412.0,3772.0,4184.0
115,9.21,346.0,1702.0,2048.0,,6579.34,412.0,1620.0,2032.0,,17.02,412.0,3966.0,4378.0,,626.18,2004.0,2437.0,4441.0,,2086.28,626.0,3838.0,4464.0
116,1046.27,486.0,1702.0,2188.0,,1018.79,486.0,1621.0,2107.0,,16.47,745.0,3967.0,4712.0,,11.26,412.0,3885.0,4297.0,,4.87,412.0,3773.0,4185.0
117,9.36,412.0,1703.0,2115.0,,1216.55,420.0,1621.0,2041.0,,1460.02,486.0,4034.0,4520.0,,9.38,412.0,3884.0,4296.0,,1063.41,692.0,3839.0,4531.0
118,8670.05,1153.0,1704.0,2857.0,,3985.25,1516.0,1620.0,3136.0,,16.18,745.0,3967.0,4712.0,,8.66,704.0,3885.0,4589.0,,4339.72,776.0,3838.0,4614.0
119,3314.05,412.0,1703.0,2115.0,,2678.18,626.0,1622.0,2248.0,,2453.05,486.0,4034.0,4520.0,,11.0,2859.0,1874.0,4733.0,,5.1,346.0,3772.0,4118.0
120,2041.35,560.0,1703.0,2263.0,,5.41,412.0,1621.0,2033.0,,428.83,4443.0,1915.0,6358.0,,3308.11,700.0,3952.0,4652.0,,8.31,2747.0,1818.0,4565.0
121,8.95,412.0,1703.0,2115.0,,5.99,346.0,1621.0,1967.0,,16.06,667.0,3966.0,4633.0,,1475.89,692.0,3950.0,4642.0,,1252.48,704.0,3839.0,4543.0
122,1059.22,626.0,1703.0,2329.0,,5.44,346.0,1622.0,1968.0,,1667.12,478.0,4034.0,4512.0,,1048.29,552.0,3951.0,4503.0,,4388.08,552.0,3840.0,4392.0
123,9.13,412.0,1704.0,2116.0,,3084.11,634.0,1620.0,2254.0,,1022.87,486.0,4032.0,4518.0,,1634.3,692.0,3951.0,4643.0,,1013.59,486.0,3838.0,4324.0
124,216.19,412.0,1704.0,2116.0,,9.39,346.0,1621.0,1967.0,,16.05,412.0,3968.0,4380.0,,1445.1,626.0,3951.0,4577.0,,1220.15,638.0,3840.0,4478.0
125,9.09,412.0,1703.0,2115.0,,213.62,412.0,1621.0,2033.0,,22.02,2004.0,2519.0,4523.0,,6.56,412.0,3885.0,4297.0,,4628.95,626.0,3838.0,4464.0
126,9.2,412.0,1703.0,2115.0,,5.36,412.0,1620.0,2032.0,,1290.13,2012.0,2519.0,4531.0,,10.66,2004.0,2437.0,4441.0,,9.33,2004.0,2324.0,4328.0
127,5396.79,494.0,1703.0,2197.0,,5367.55,782.0,1621.0,2403.0,,16.15,412.0,3966.0,4378.0,,628.31,478.0,3952.0,4430.0,,9.11,2748.0,1818.0,4566.0
128,214.07,412.0,1703.0,2115.0,,6.92,412.0,1620.0,2032.0,,226.51,478.0,4033.0,4511.0,,6.75,412.0,3884.0,4296.0,,2062.4,626.0,3838.0,4464.0
129,213.53,412.0,1703.0,2115.0,,212.93,412.0,1621.0,2033.0,,16.03,412.0,3967.0,4379.0,,8.52,412.0,3885.0,4297.0,,5.46,412.0,3772.0,4184.0
130,11.29,412.0,1704.0,2116.0,,2671.27,420.0,1620.0,2040.0,,8248.04,692.0,4032.0,4724.0,,1455.5,626.0,3951.0,4577.0,,1474.34,2078.0,2325.0,4403.0
131,1060.57,486.0,1704.0,2190.0,,1426.06,626.0,1622.0,2248.0,,19.38,2004.0,2519.0,4523.0,,213.65,2004.0,2436.0,4440.0,,2485.22,626.0,3840.0,4466.0
132,220.49,412.0,1704.0,2116.0,,213.6,1965.0,698.0,2663.0,,1670.63,552.0,4034.0,4586.0,,6.55,412.0,3884.0,4296.0,,5.01,346.0,3772.0,4118.0
133,213.46,412.0,1703.0,2115.0,,2035.73,560.0,1622.0,2182.0,,17.66,412.0,3967.0,4379.0,,3109.38,478.0,3951.0,4429.0,,8.68,2004.0,2325.0,4329.0
134,5042.2,626.0,1704.0,2330.0,,1218.42,560.0,1621.0,2181.0,,16662.39,478.0,4033.0,4511.0,,6.52,412.0,3884.0,4296.0,,2242.58,2152.0,2325.0,4477.0
135,9.09,412.0,1703.0,2115.0,,1063.39,560.0,1620.0,2180.0,,20.75,412.0,3966.0,4378.0,,10.22,2218.0,2437.0,4655.0,,5.46,346.0,3773.0,4119.0
136,1666.17,2784.0,1703.0,4487.0,,1011.04,486.0,1620.0,2106.0,,20.85,745.0,3967.0,4712.0,,7.78,626.0,3885.0,4511.0,,5393.57,626.0,3839.0,4465.0
137,8.83,412.0,1702.0,2114.0,,3883.8,634.0,1621.0,2255.0,,15.96,412.0,3968.0,4380.0,,7.6,412.0,3885.0,4297.0,,1221.2,552.0,3839.0,4391.0
138,8.94,412.0,1703.0,2115.0,,214.51,412.0,1622.0,2034.0,,16.36,412.0,3966.0,4378.0,,4573.01,692.0,3950.0,4642.0,,214.45,2747.0,1818.0,4565.0
139,1245.42,420.0,1703.0,2123.0,,6.5,412.0,1622.0,2034.0,,15.88,412.0,3967.0,4379.0,,1218.6,2078.0,2436.0,4514.0,,1238.29,704.0,3838.0,4542.0
140,12.85,412.0,1704.0,2116.0,,1241.2,486.0,1621.0,2107.0,,1275.07,2012.0,2519.0,4531.0,,6.73,412.0,3885.0,4297.0,,2088.18,626.0,3838.0,4464.0
141,9.02,346.0,1702.0,2048.0,,422.17,1965.0,698.0,2663.0,,2293.53,2152.0,2519.0,4671.0,,2708.18,626.0,3951.0,4577.0,,4.94,412.0,3773.0,4185.0
142,1432.21,560.0,1703.0,2263.0,,5.57,346.0,1621.0,1967.0,,19.3,2004.0,2518.0,4522.0,,6.8,346.0,3884.0,4230.0,,213.43,2004.0,2324.0,4328.0
143,1050.73,486.0,1702.0,2188.0,,422.89,412.0,1621.0,2033.0,,22.1,412.0,3967.0,4379.0,,1064.01,552.0,3950.0,4502.0,,829.56,2735.0,1818.0,4553.0
144,1424.27,626.0,1703.0,2329.0,,5.42,412.0,1622.0,2034.0,,17.19,412.0,3967.0,4379.0,,219.47,478.0,3950.0,4428.0,,5.11,412.0,3773.0,4185.0
145,3348.74,412.0,1703.0,2115.0,,5.45,346.0,1621.0,1967.0,,35059.14,848.0,4033.0,4881.0,,1453.6,626.0,3950.0,4576.0,,1456.19,3664.0,3839.0,7503.0
146,12.63,346.0,1703.0,2049.0,,1047.28,486.0,1621.0,2107.0,,3067.91,634.0,4032.0,4666.0,,10.65,2004.0,2437.0,4441.0,,2242.4,2152.0,2325.0,4477.0
147,1052.97,486.0,1704.0,2190.0,,1015.32,560.0,1621.0,2181.0,,1076.44,692.0,4032.0,4724.0,,9.76,2004.0,2437.0,4441.0,,213.71,2004.0,2326.0,4330.0
148,217.96,2047.0,739.0,2786.0,,5.58,412.0,1621.0,2033.0,,1276.64,552.0,4033.0,4585.0,,3057.32,700.0,3950.0,4650.0,,4.91,412.0,3772.0,4184.0
149,8.96,346.0,1702.0,2048.0,,6.16,346.0,1620.0,1966.0,,428.98,478.0,4032.0,4510.0,,9.82,2218.0,2438.0,4656.0,,17635.48,2152.0,2325.0,4477.0
150,1022.96,626.0,1704.0,2330.0,,1040.42,626.0,1622.0,2248.0,,20.08,412.0,3968.0,4380.0,,1471.15,626.0,3951.0,4577.0,,213.64,2004.0,2325.0,4329.0
151,3265.2,568.0,1703.0,2271.0,,211.37,412.0,1620.0,2032.0,,22.74,745.0,3967.0,4712.0,,6.63,346.0,3884.0,4230.0,,5.06,346.0,3773.0,4119.0
152,212.81,412.0,1702.0,2114.0,,1048.38,486.0,1621.0,2107.0,,1891.93,552.0,4032.0,4584.0,,6.7,412.0,3886.0,4298.0,,1237.18,478.0,3839.0,4317.0
153,9.09,346.0,1703.0,2049.0,,3772.66,976.0,1621.0,2597.0,,221.71,2004.0,2518.0,4522.0,,2453.0,626.0,3951.0,4577.0,,4.94,346.0,3772.0,4118.0
154,218.19,412.0,1703.0,2115.0,,5.36,412.0,1622.0,2034.0,,2274.52,626.0,4033.0,4659.0,,3096.68,700.0,3952.0,4652.0,,12823.71,478.0,3839.0,4317.0
155,7184.48,856.0,1704.0,2560.0,,13510.49,412.0,1620.0,2032.0,,5005.36,692.0,4033.0,4725.0,,8.4,412.0,3885.0,4297.0,,4.91,412.0,3772.0,4184.0
156,9.29,412.0,1704.0,2116.0,,5.48,412.0,1621.0,2033.0,,1045.95,486.0,4034.0,4520.0,,6983.37,478.0,3952.0,4430.0,,6.05,412.0,3774.0,4186.0
157,9.13,412.0,1702.0,2114.0,,5.86,412.0,1622.0,2034.0,,20.31,412.0,3968.0,4380.0,,6.57,412.0,3885.0,4297.0,,4.95,346.0,3774.0,4120.0
158,8.78,412.0,1703.0,2115.0,,214.96,898.0,1621.0,2519.0,,16761.79,10564.0,1915.0,12479.0,,6.4,412.0,3883.0,4295.0,,1033.78,692.0,3838.0,4530.0
159,217.13,2046.0,739.0,2785.0,,422.7,412.0,1621.0,2033.0,,225.2,2994.0,3429.0,6423.0,,1009.62,552.0,3951.0,4503.0,,8.99,2162.0,2326.0,4488.0
160,1249.15,486.0,1702.0,2188.0,,419.21,1965.0,698.0,2663.0,,20.11,2259.0,2519.0,4778.0,,6.62,346.0,3885.0,4231.0,,5.26,412.0,3774.0,4186.0
161,1065.72,420.0,1703.0,2123.0,,829.91,412.0,1621.0,2033.0,,16.69,412.0,3966.0,4378.0,,9.65,2859.0,1874.0,4733.0,,6.55,412.0,3774.0,4186.0
162,12.39,346.0,1704.0,2050.0,,6.88,412.0,1621.0,2033.0,,16.2,412.0,3967.0,4379.0,,10.49,2004.0,2436.0,4440.0,,4.98,346.0,3773.0,4119.0
163,15.56,346.0,1702.0,2048.0,,5.42,412.0,1620.0,2032.0,,1657.75,811.0,4033.0,4844.0,,6.35,412.0,3885.0,4297.0,,36186.14,478.0,3839.0,4317.0
164,12.17,346.0,1704.0,2050.0,,212.39,412.0,1621.0,2033.0,,1070.87,486.0,4033.0,4519.0,,6.51,346.0,3885.0,4231.0,,60873.28,692.0,3839.0,4531.0
165,9.03,346.0,1702.0,2048.0,,5.82,346.0,1620.0,1966.0,,1077.34,552.0,4032.0,4584.0,,6.48,412.0,3884.0,4296.0,,1223.77,2078.0,2326.0,4404.0
166,1866.24,486.0,1703.0,2189.0,,1435.87,420.0,1621.0,2041.0,,1488.02,486.0,4033.0,4519.0,,6.59,412.0,3885.0,4297.0,,3109.01,700.0,3839.0,4539.0
167,8.97,412.0,1703.0,2115.0,,212.23,412.0,1621.0,2033.0,,16.53,412.0,3967.0,4379.0,,3131.81,2004.0,2438.0,4442.0,,1219.03,2012.0,2326.0,4338.0
168,8.74,346.0,1703.0,2049.0,,211.92,1042.0,1620.0,2662.0,,19.87,2259.0,2519.0,4778.0,,1429.02,552.0,3952.0,4504.0,,213.2,478.0,3840.0,4318.0
169,8.78,412.0,1703.0,2115.0,,7.41,412.0,1622.0,2034.0,,1058.95,552.0,4032.0,4584.0,,1049.55,486.0,3950.0,4436.0,,5.0,412.0,3773.0,4185.0
170,8302.48,568.0,1703.0,2271.0,,829.82,412.0,1622.0,2034.0,,16.79,412.0,3966.0,4378.0,,426.48,478.0,3950.0,4428.0,,8.49,2162.0,2324.0,4486.0
171,9.02,346.0,1704.0,2050.0,,211.7,346.0,1622.0,1968.0,,2072.1,560.0,4033.0,4593.0,,7258.0,700.0,3950.0,4650.0,,6.35,412.0,3773.0,4185.0
172,218.78,1981.0,739.0,2720.0,,3297.11,634.0,1620.0,2254.0,,222.33,2247.0,4033.0,6280.0,,1033.45,692.0,3950.0,4642.0,,1458.18,486.0,3839.0,4325.0
173,5116.97,716.0,1703.0,2419.0,,213.78,898.0,1621.0,2519.0,,2694.16,626.0,4033.0,4659.0,,1459.55,478.0,3951.0,4429.0,,4.99,412.0,3773.0,4185.0
174,1013.87,420.0,1704.0,2124.0,,6.06,412.0,1622.0,2034.0,,1217.72,692.0,4033.0,4725.0,,6.57,412.0,3885.0,4297.0,,214.6,2004.0,2324.0,4328.0
175,8.9,412.0,1703.0,2115.0,,1833.07,420.0,1620.0,2040.0,,1070.75,626.0,4033.0,4659.0,,3526.39,700.0,3951.0,4651.0,,1478.74,486.0,3838.0,4324.0
176,8.74,412.0,1703.0,2115.0,,2046.83,560.0,1621.0,2181.0,,1276.8,692.0,4032.0,4724.0,,6.62,412.0,3885.0,4297.0,,4.92,412.0,3774.0,4186.0
177,1039.32,560.0,1703.0,2263.0,,5.36,412.0,1620.0,2032.0,,1267.13,552.0,4033.0,4585.0,,11412.63,1136.0,3952.0,5088.0,,5.05,412.0,3773.0,4185.0
178,3314.46,412.0,1703.0,2115.0,,1268.36,626.0,1620.0,2246.0,,630.3,478.0,4034.0,4512.0,,1061.02,692.0,3952.0,4644.0,,7413.02,774.0,3840.0,4614.0
179,3069.8,634.0,1704.0,2338.0,,5.36,412.0,1621.0,2033.0,,23.66,2004.0,2519.0,4523.0,,6.72,346.0,3884.0,4230.0,,1016.24,552.0,3839.0,4391.0
180,2093.29,494.0,1703.0,2197.0,,206.83,412.0,1621.0,2033.0,,226.0,2004.0,2518.0,4522.0,,1266.95,704.0,3950.0,4654.0,,6.51,412.0,3773.0,4185.0
181,10.35,412.0,1703.0,2115.0,,3325.21,412.0,1622.0,2034.0,,7195.2,996.0,4034.0,5030.0,,6.42,412.0,3886.0,4298.0,,7085.62,700.0,3840.0,4540.0
182,10.23,412.0,1703.0,2115.0,,5.32,412.0,1622.0,2034.0,,16.61,667.0,3966.0,4633.0,,6.96,412.0,3885.0,4297.0,,3349.65,478.0,3839.0,4317.0
183,9.25,412.0,1703.0,2115.0,,215.02,412.0,1621.0,2033.0,,16.17,412.0,3966.0,4378.0,,1236.66,2012.0,2437.0,4449.0,,213.88,2004.0,2326.0,4330.0
184,9.61,412.0,1703.0,2115.0,,5618.75,560.0,1621.0,2181.0,,11169.08,552.0,4033.0,4585.0,,2501.7,626.0,3951.0,4577.0,,2485.17,2152.0,2324.0,4476.0
185,1056.75,626.0,1703.0,2329.0,,1014.04,560.0,1620.0,2180.0,,640.39,2004.0,2520.0,4524.0,,9.76,2004.0,2438.0,4442.0,,4.99,412.0,3773.0,4185.0
186,9.24,412.0,1702.0,2114.0,,5.47,412.0,1621.0,2033.0,,2100.22,626.0,4033.0,4659.0,,10.33,2004.0,2436.0,4440.0,,2468.69,2152.0,2326.0,4478.0
187,426.69,412.0,1702.0,2114.0,,6.8,346.0,1620.0,1966.0,,17.89,667.0,3967.0,4634.0,,6.87,412.0,3885.0,4297.0,,4.95,412.0,3773.0,4185.0
188,213.57,1083.0,1702.0,2785.0,,422.8,2516.0,698.0,3214.0,,16.1,412.0,3968.0,4380.0,,1437.26,5942.0,1874.0,7816.0,,4.87,346.0,3773.0,4119.0
189,219.57,412.0,1703.0,2115.0,,1877.34,486.0,1622.0,2108.0,,433.32,478.0,4034.0,4512.0,,6.73,412.0,3886.0,4298.0,,2077.48,5829.0,1818.0,7647.0
190,1056.49,626.0,1704.0,2330.0,,3325.57,412.0,1621.0,2033.0,,16.93,667.0,3967.0,4634.0,,6.44,412.0,3884.0,4296.0,,5.45,412.0,3774.0,4186.0
191,9.31,412.0,1704.0,2116.0,,1015.67,486.0,1621.0,2107.0,,632.21,3827.0,4032.0,7859.0,,1461.81,626.0,3952.0,4578.0,,5.37,412.0,3773.0,4185.0
192,1057.82,626.0,1703.0,2329.0,,1427.39,560.0,1622.0,2182.0,,16.49,745.0,3968.0,4713.0,,6.52,412.0,3885.0,4297.0,,1830.58,486.0,3840.0,4326.0
193,8.7,412.0,1704.0,2116.0,,6.85,412.0,1620.0,2032.0,,4515.47,708.0,4033.0,4741.0,,11560.03,1062.0,3951.0,5013.0,,2877.52,692.0,3838.0,4530.0
194,1059.55,420.0,1704.0,2124.0,,1667.79,1899.0,698.0,2597.0,,6412.45,478.0,4034.0,4512.0,,6.5,412.0,3885.0,4297.0,,214.35,2735.0,1818.0,4553.0
195,1217.4,560.0,1703.0,2263.0,,2039.09,494.0,1620.0,2114.0,,16.24,412.0,3968.0,4380.0,,2854.43,626.0,3950.0,4576.0,,30273.26,478.0,3840.0,4318.0
196,1637.88,412.0,1704.0,2116.0,,827.99,412.0,1620.0,2032.0,,1470.99,692.0,4033.0,4725.0,,7372.77,1062.0,3951.0,5013.0,,1015.98,486.0,3839.0,4325.0
197,2245.82,560.0,1704.0,2264.0,,420.97,1965.0,698.0,2663.0,,228.58,2259.0,2519.0,4778.0,,9.22,412.0,3885.0,4297.0,,9.56,2004.0,2325.0,4329.0
198,9.42,346.0,1704.0,2050.0,,5.39,412.0,1621.0,2033.0,,1061.63,486.0,4032.0,4518.0,,7627.05,692.0,3951.0,4643.0,,217.62,2511.0,1818.0,4329.0
199,11.15,346.0,1703.0,2049.0,,1009.4,420.0,1622.0,2042.0,,17.63,745.0,3967.0,4712.0,,2040.52,626.0,3950.0,4576.0,,1020.2,552.0,3839.0,4391.0
200,217.61,412.0,1702.0,2114.0,,210.96,412.0,1621.0,2033.0,,19.4,745.0,3967.0,4712.0,,10.14,2858.0,1874.0,4732.0,,4.99,412.0,3774.0,4186.0
201,9.14,412.0,1703.0,2115.0,,1250.74,560.0,1620.0,2180.0,,17.53,745.0,3967.0,4712.0,,16717.54,2859.0,1874.0,4733.0,,212.89,2004.0,2325.0,4329.0
202,1231.86,486.0,1703.0,2189.0,,6.38,346.0,1622.0,1968.0,,16698.85,4442.0,1915.0,6357.0,,10677.07,856.0,3952.0,4808.0,,1853.5,692.0,3839.0,4531.0
203,213.58,412.0,1702.0,2114.0,,1868.97,486.0,1621.0,2107.0,,5929.95,848.0,4034.0,4882.0,,2679.25,552.0,3951.0,4503.0,,9.02,2004.0,2325.0,4329.0
204,8.87,346.0,1704.0,2050.0,,5.25,412.0,1620.0,2032.0,,17.12,667.0,3967.0,4634.0,,1220.47,692.0,3952.0,4644.0,,6566.66,478.0,3838.0,4316.0
205,10.35,412.0,1703.0,2115.0,,5.18,412.0,1621.0,2033.0,,3108.68,2337.0,2520.0,4857.0,,214.95,478.0,3950.0,4428.0,,4088.8,774.0,3840.0,4614.0
206,214.23,412.0,1703.0,2115.0,,5.17,346.0,1621.0,1967.0,,2738.28,552.0,4033.0,4585.0,,213.94,2858.0,1874.0,4732.0,,8.47,2004.0,2326.0,4330.0
207,1025.98,486.0,1704.0,2190.0,,3345.66,3622.0,698.0,4320.0,,221.94,478.0,4034.0,4512.0,,1445.97,4360.0,1874.0,6234.0,,215.79,2004.0,2326.0,4330.0
208,16925.76,412.0,1703.0,2115.0,,1652.73,1966.0,698.0,2664.0,,16.3,412.0,3968.0,4380.0,,2453.03,626.0,3951.0,4577.0,,1023.12,552.0,3839.0,4391.0
209,1016.15,626.0,1701.0,2327.0,,39602.55,1078.0,1620.0,2698.0,,3121.38,2259.0,2519.0,4778.0,,622.22,478.0,3951.0,4429.0,,4.73,346.0,3772.0,4118.0
210,1013.27,486.0,1703.0,2189.0,,212.75,412.0,1621.0,2033.0,,16.35,745.0,3967.0,4712.0,,212.63,2858.0,1874.0,4732.0,,4.73,412.0,3773.0,4185.0
211,217.78,412.0,1702.0,2114.0,,419.77,1966.0,698.0,2664.0,,16.37,412.0,3967.0,4379.0,,3072.68,634.0,3951.0,4585.0,,1049.98,552.0,3838.0,4390.0
212,4522.4,708.0,1704.0,2412.0,,1249.98,626.0,1620.0,2246.0,,3284.1,700.0,4033.0,4733.0,,6.35,412.0,3885.0,4297.0,,61837.13,5392.0,3839.0,9231.0
213,40053.69,1152.0,1702.0,2854.0,,7087.17,568.0,1621.0,2189.0,,1261.6,552.0,4032.0,4584.0,,17077.9,2848.0,1874.0,4722.0,,212.94,2162.0,2326.0,4488.0
214,9.05,412.0,1703.0,2115.0,,5.7,346.0,1622.0,1968.0,,1070.16,692.0,4034.0,4726.0,,6.82,412.0,3886.0,4298.0,,1460.44,552.0,3839.0,4391.0
215,8.88,412.0,1703.0,2115.0,,213.56,412.0,1620.0,2032.0,,16.51,412.0,3967.0,4379.0,,7.36,412.0,3885.0,4297.0,,5.15,346.0,3773.0,4119.0
216,8.83,412.0,1703.0,2115.0,,213.38,412.0,1620.0,2032.0,,1456.12,486.0,4033.0,4519.0,,1275.47,704.0,3951.0,4655.0,,3143.07,4249.0,1818.0,6067.0
217,1033.41,626.0,1701.0,2327.0,,5.47,346.0,1622.0,1968.0,,1256.27,2078.0,2520.0,4598.0,,7.16,412.0,3885.0,4297.0,,4.97,412.0,3774.0,4186.0
218,1015.85,420.0,1703.0,2123.0,,1016.23,486.0,1622.0,2108.0,,20.08,2004.0,2519.0,4523.0,,827.94,478.0,3951.0,4429.0,,9.22,2004.0,2324.0,4328.0
219,3310.25,3234.0,739.0,3973.0,,419.74,1528.0,1622.0,3150.0,,1235.68,692.0,4033.0,4725.0,,6.63,412.0,3884.0,4296.0,,5.25,412.0,3773.0,4185.0
220,12.11,412.0,1703.0,2115.0,,1030.96,486.0,1622.0,2108.0,,2093.95,552.0,4033.0,4585.0,,3277.95,700.0,3952.0,4652.0,,9.52,2747.0,1818.0,4565.0
221,9.07,412.0,1704.0,2116.0,,5.33,412.0,1621.0,2033.0,,16.21,412.0,3967.0,4379.0,,1269.15,552.0,3951.0,4503.0,,5.01,412.0,3772.0,4184.0
222,1039.38,560.0,1703.0,2263.0,,5.49,412.0,1621.0,2033.0,,15.96,412.0,3967.0,4379.0,,7210.43,1062.0,3952.0,5014.0,,5.03,412.0,3773.0,4185.0
223,1013.67,626.0,1703.0,2329.0,,7636.36,2179.0,698.0,2877.0,,16.2,412.0,3966.0,4378.0,,217.13,2004.0,2438.0,4442.0,,5.24,412.0,3773.0,4185.0
224,1014.03,486.0,1704.0,2190.0,,5.71,346.0,1621.0,1967.0,,4826.7,552.0,4032.0,4584.0,,6.67,412.0,3885.0,4297.0,,31342.52,2012.0,2325.0,4337.0
225,10724.67,996.0,1703.0,2699.0,,2293.02,494.0,1622.0,2116.0,,16.25,667.0,3967.0,4634.0,,1437.66,486.0,3950.0,4436.0,,8.34,2004.0,2326.0,4330.0
226,1013.2,486.0,1702.0,2188.0,,213.31,412.0,1621.0,2033.0,,2474.54,560.0,4032.0,4592.0,,828.92,478.0,3952.0,4430.0,,4.72,412.0,3773.0,4185.0
227,12.17,412.0,1702.0,2114.0,,6.57,412.0,1621.0,2033.0,,16.46,667.0,3966.0,4633.0,,3150.97,478.0,3950.0,4428.0,,4.69,412.0,3773.0,4185.0
228,10.42,412.0,1703.0,2115.0,,211.43,412.0,1621.0,2033.0,,1434.68,486.0,4033.0,4519.0,,6.41,412.0,3885.0,4297.0,,4.57,412.0,3774.0,4186.0
229,2254.0,494.0,1703.0,2197.0,,1048.39,486.0,1622.0,2108.0,,17.66,412.0,3967.0,4379.0,,6.63,346.0,3885.0,4231.0,,424.34,478.0,3839.0,4317.0
230,8.76,412.0,1703.0,2115.0,,5.49,412.0,1621.0,2033.0,,224.18,2004.0,2518.0,4522.0,,214.48,2218.0,2436.0,4654.0,,621.99,478.0,3839.0,4317.0
231,2274.39,494.0,1704.0,2198.0,,419.99,412.0,1622.0,2034.0,,16.15,412.0,3967.0,4379.0,,6.65,412.0,3886.0,4298.0,,6.02,412.0,3772.0,4184.0
232,7653.53,486.0,1703.0,2189.0,,5.66,346.0,1621.0,1967.0,,1018.12,626.0,4032.0,4658.0,,6.54,412.0,3884.0,4296.0,,4.84,346.0,3773.0,4119.0
233,12.33,412.0,1704.0,2116.0,,5.46,412.0,1620.0,2032.0,,56343.33,2996.0,3429.0,6425.0,,6.44,412.0,3884.0,4296.0,,8.5,2004.0,2325.0,4329.0
234,2078.24,494.0,1703.0,2197.0,,8.12,412.0,1621.0,2033.0,,2249.3,2152.0,2519.0,4671.0,,212.86,2004.0,2438.0,4442.0,,1435.91,478.0,3840.0,4318.0
235,7362.29,790.0,1704.0,2494.0,,1030.49,560.0,1620.0,2180.0,,16.47,745.0,3966.0,4711.0,,12.1,2858.0,1874.0,4732.0,,1429.07,552.0,3838.0,4390.0
236,8.86,412.0,1704.0,2116.0,,3265.14,634.0,1621.0,2255.0,,1040.73,552.0,4032.0,4584.0,,9978.68,700.0,3951.0,4651.0,,5.28,412.0,3773.0,4185.0
237,8.82,412.0,1703.0,2115.0,,826.72,1899.0,698.0,2597.0,,6685.9,811.0,4034.0,4845.0,,6.45,412.0,3885.0,4297.0,,3346.62,478.0,3839.0,4317.0
238,9.86,412.0,1704.0,2116.0,,420.85,412.0,1621.0,2033.0,,26.37,2259.0,2520.0,4779.0,,2088.56,626.0,3952.0,4578.0,,2088.26,560.0,3839.0,4399.0
239,9.86,412.0,1704.0,2116.0,,1213.46,420.0,1621.0,2041.0,,225.3,478.0,4033.0,4511.0,,6.52,412.0,3885.0,4297.0,,4.8,412.0,3773.0,4185.0
240,1254.28,420.0,1703.0,2123.0,,6.55,346.0,1622.0,1968.0,,16.16,412.0,3967.0,4379.0,,6.38,412.0,3886.0,4298.0,,1066.64,552.0,3839.0,4391.0
241,9.11,412.0,1702.0,2114.0,,213.44,964.0,1621.0,2585.0,,17.37,745.0,3966.0,4711.0,,1666.16,486.0,3950.0,4436.0,,7.37,412.0,3773.0,4185.0
242,1245.87,420.0,1702.0,2122.0,,1429.84,420.0,1622.0,2042.0,,7412.7,922.0,4032.0,4954.0,,1478.71,478.0,3952.0,4430.0,,5.42,412.0,3773.0,4185.0
243,9.3,412.0,1703.0,2115.0,,5.7,412.0,1621.0,2033.0,,15.66,412.0,3968.0,4380.0,,2676.39,486.0,3952.0,4438.0,,5.14,412.0,3773.0,4185.0
244,4609.49,626.0,1703.0,2329.0,,5.57,346.0,1622.0,1968.0,,16.55,412.0,3967.0,4379.0,,29731.77,2859.0,1874.0,4733.0,,5.14,412.0,3774.0,4186.0
245,9.14,412.0,1702.0,2114.0,,1426.83,626.0,1621.0,2247.0,,1080.04,552.0,4033.0,4585.0,,8.7,346.0,3885.0,4231.0,,4.86,346.0,3773.0,4119.0
246,11.12,346.0,1702.0,2048.0,,213.58,964.0,1622.0,2586.0,,16.1,412.0,3968.0,4380.0,,12.54,2296.0,2437.0,4733.0,,5.42,346.0,3773.0,4119.0
247,1444.1,486.0,1703.0,2189.0,,1430.11,486.0,1621.0,2107.0,,3156.33,478.0,4033.0,4511.0,,1031.37,552.0,3951.0,4503.0,,4.95,412.0,3773.0,4185.0
248,12.98,346.0,1703.0,2049.0,,1048.07,420.0,1620.0,2040.0,,633.54,811.0,4034.0,4845.0,,3881.35,634.0,3951.0,4585.0,,9965.82,478.0,3838.0,4316.0
249,426.65,2047.0,739.0,2786.0,,419.71,412.0,1620.0,2032.0,,3529.92,700.0,4033.0,4733.0,,1229.88,692.0,3952.0,4644.0,,1461.3,2734.0,1818.0,4552.0
250,1037.24,486.0,1703.0,2189.0,,1851.1,626.0,1620.0,2246.0,,229.89,811.0,4034.0,4845.0,,1478.38,486.0,3951.0,4437.0,,31010.77,4388.0,1818.0,6206.0
251,829.34,412.0,1703.0,2115.0,,4587.59,560.0,1620.0,2180.0,,16.22,412.0,3966.0,4378.0,,620.86,478.0,3951.0,4429.0,,11.05,2004.0,2324.0,4328.0
252,1063.25,486.0,1703.0,2189.0,,1221.94,420.0,1620.0,2040.0,,635.27,478.0,4033.0,4511.0,,6.76,412.0,3886.0,4298.0,,6.39,412.0,3772.0,4184.0
253,426.69,1598.0,1702.0,3300.0,,210.86,964.0,1621.0,2585.0,,19.21,412.0,3966.0,4378.0,,8.18,346.0,3886.0,4232.0,,7.91,412.0,4094.0,4506.0
254,9.08,346.0,1703.0,2049.0,,213.12,898.0,1621.0,2519.0,,1271.41,2078.0,2519.0,4597.0,,6.88,412.0,3884.0,4296.0,,26546.49,478.0,3840.0,4318.0
255,1067.77,486.0,1704.0,2190.0,,1478.12,420.0,1622.0,2042.0,,6241.88,478.0,4033.0,4511.0,,9.92,626.0,3885.0,4511.0,,2039.63,626.0,3839.0,4465.0
256,1218.19,486.0,1702.0,2188.0,,1049.2,486.0,1621.0,2107.0,,19.63,2004.0,2519.0,4523.0,,1864.35,486.0,3951.0,4437.0,,4.82,346.0,3774.0,4120.0
257,424.28,1980.0,739.0,2719.0,,1010.58,626.0,1621.0,2247.0,,1462.7,692.0,4034.0,4726.0,,6.56,412.0,3884.0,4296.0,,2085.31,478.0,3840.0,4318.0
258,12.04,412.0,1702.0,2114.0,,7979.59,790.0,1620.0,2410.0,,3160.6,2004.0,2519.0,4523.0,,7.74,704.0,3884.0,4588.0,,214.34,478.0,3840.0,4318.0
259,219.83,412.0,1704.0,2116.0,,5.47,412.0,1620.0,2032.0,,16.3,412.0,3966.0,4378.0,,2906.43,486.0,3952.0,4438.0,,622.01,2162.0,2325.0,4487.0
260,9.86,412.0,1704.0,2116.0,,7210.89,930.0,1621.0,2551.0,,16.02,412.0,3967.0,4379.0,,6.5,346.0,3886.0,4232.0,,4620.22,552.0,3838.0,4390.0
261,10.25,412.0,1703.0,2115.0,,5.61,346.0,1622.0,1968.0,,7059.64,626.0,4034.0,4660.0,,31253.97,692.0,3950.0,4642.0,,4.91,412.0,3774.0,4186.0
262,9.37,412.0,1704.0,2116.0,,23392.21,1144.0,1621.0,2765.0,,15.92,745.0,3967.0,4712.0,,7.91,346.0,3886.0,4232.0,,1062.97,486.0,3839.0,4325.0
263,1021.13,626.0,1703.0,2329.0,,5.58,412.0,1621.0,2033.0,,15.87,745.0,3967.0,4712.0,,7.02,346.0,3885.0,4231.0,,1220.24,2012.0,2325.0,4337.0
264,9.04,412.0,1703.0,2115.0,,1047.66,626.0,1621.0,2247.0,,1257.92,486.0,4033.0,4519.0,,1041.34,486.0,3951.0,4437.0,,4.82,346.0,3773.0,4119.0
265,1056.31,626.0,1702.0,2328.0,,1429.69,626.0,1622.0,2248.0,,2728.5,486.0,4033.0,4519.0,,4910.57,634.0,3951.0,4585.0,,4.83,346.0,3774.0,4120.0
266,8.89,412.0,1703.0,2115.0,,5.84,346.0,1620.0,1966.0,,1020.8,692.0,4034.0,4726.0,,1017.08,692.0,3950.0,4642.0,,1240.7,626.0,3840.0,4466.0
267,1059.88,626.0,1703.0,2329.0,,7613.26,2178.0,698.0,2876.0,,16.41,412.0,3966.0,4378.0,,6.67,412.0,3884.0,4296.0,,1064.12,486.0,3838.0,4324.0
268,1215.24,626.0,1701.0,2327.0,,213.62,412.0,1621.0,2033.0,,1049.94,552.0,4033.0,4585.0,,8.53,412.0,3884.0,4296.0,,4.81,412.0,3773.0,4185.0
269,1065.54,486.0,1703.0,2189.0,,8.4,412.0,1622.0,2034.0,,7664.4,2012.0,2519.0,4531.0,,2267.63,2152.0,2436.0,4588.0,,4.84,346.0,3772.0,4118.0
270,9.54,412.0,1704.0,2116.0,,1661.31,1900.0,698.0,2598.0,,15.87,412.0,3968.0,4380.0,,621.89,2004.0,2437.0,4441.0,,3095.33,2162.0,2325.0,4487.0
271,2081.73,560.0,1702.0,2262.0,,1221.61,486.0,1622.0,2108.0,,16.17,412.0,3968.0,4380.0,,420.55,2206.0,3952.0,6158.0,,1016.05,692.0,3840.0,4532.0
272,9.18,412.0,1702.0,2114.0,,5.49,346.0,1621.0,1967.0,,224.51,2004.0,2519.0,4523.0,,626.74,3786.0,3952.0,7738.0,,4.78,346.0,3773.0,4119.0
273,8.88,346.0,1702.0,2048.0,,214.24,412.0,1622.0,2034.0,,1055.64,486.0,4033.0,4519.0,,9.94,2004.0,2437.0,4441.0,,1477.65,552.0,3839.0,4391.0
274,1039.54,486.0,1702.0,2188.0,,5.42,412.0,1620.0,2032.0,,2503.31,2152.0,2520.0,4672.0,,6.79,346.0,3885.0,4231.0,,1253.93,704.0,3839.0,4543.0
275,9.0,412.0,1703.0,2115.0,,214.61,1898.0,698.0,2596.0,,15.79,412.0,3967.0,4379.0,,5351.52,782.0,3952.0,4734.0,,4.88,412.0,3773.0,4185.0
276,214.93,2048.0,739.0,2787.0,,3285.43,634.0,1621.0,2255.0,,1027.13,486.0,4033.0,4519.0,,6.42,412.0,3885.0,4297.0,,1049.55,552.0,3839.0,4391.0
277,9.21,346.0,1703.0,2049.0,,1885.32,626.0,1621.0,2247.0,,1290.15,638.0,4032.0,4670.0,,4185.85,478.0,3951.0,4429.0,,210.91,2736.0,1818.0,4554.0
278,8.98,412.0,1703.0,2115.0,,2465.11,560.0,1622.0,2182.0,,4124.88,708.0,4032.0,4740.0,,10.0,2004.0,2437.0,4441.0,,4.84,412.0,3774.0,4186.0
279,7638.98,626.0,1702.0,2328.0,,5.34,412.0,1622.0,2034.0,,15.69,412.0,3966.0,4378.0,,216.85,2218.0,2437.0,4655.0,,1033.34,626.0,3838.0,4464.0
280,3065.72,568.0,1703.0,2271.0,,1235.8,420.0,1621.0,2041.0,,15.67,412.0,3967.0,4379.0,,6.82,412.0,3885.0,4297.0,,4.79,346.0,3774.0,4120.0
281,9.02,412.0,1703.0,2115.0,,4627.1,486.0,1621.0,2107.0,,15.7,667.0,3966.0,4633.0,,6.6,412.0,3884.0,4296.0,,1063.84,552.0,3839.0,4391.0
282,8.86,412.0,1704.0,2116.0,,1831.98,486.0,1621.0,2107.0,,1065.4,692.0,4033.0,4725.0,,1026.56,486.0,3950.0,4436.0,,4.91,346.0,3772.0,4118.0
283,8.75,412.0,1702.0,2114.0,,6.43,412.0,1622.0,2034.0,,16.42,667.0,3968.0,4635.0,,6.5,346.0,3886.0,4232.0,,6581.1,478.0,3838.0,4316.0
284,1022.02,420.0,1703.0,2123.0,,2297.05,560.0,1621.0,2181.0,,1050.49,552.0,4033.0,4585.0,,10.45,2218.0,2437.0,4655.0,,622.17,2004.0,2325.0,4329.0
285,1218.45,560.0,1703.0,2263.0,,830.11,412.0,1621.0,2033.0,,15.87,745.0,3967.0,4712.0,,6413.56,2218.0,2438.0,4656.0,,214.28,478.0,3839.0,4317.0
286,11.9,346.0,1703.0,2049.0,,1262.08,560.0,1621.0,2181.0,,3346.41,811.0,4033.0,4844.0,,1016.19,552.0,3950.0,4502.0,,5.71,412.0,3773.0,4185.0
287,4611.11,626.0,1704.0,2330.0,,5.42,346.0,1620.0,1966.0,,16.34,745.0,3967.0,4712.0,,10.61,2218.0,2438.0,4656.0,,621.64,2004.0,2324.0,4328.0
288,1011.57,626.0,1702.0,2328.0,,5.28,346.0,1622.0,1968.0,,11173.34,922.0,4034.0,4956.0,,6.58,346.0,3885.0,4231.0,,5.63,412.0,3773.0,4185.0
289,2035.42,560.0,1704.0,2264.0,,830.74,412.0,1620.0,2032.0,,1261.48,626.0,4033.0,4659.0,,1244.9,486.0,3951.0,4437.0,,2038.86,626.0,3838.0,4464.0
290,8.99,412.0,1703.0,2115.0,,3325.94,3003.0,698.0,3701.0,,16.59,667.0,3968.0,4635.0,,1448.62,2846.0,1874.0,4720.0,,5.34,412.0,3774.0,4186.0
291,214.82,2046.0,739.0,2785.0,,7981.25,790.0,1620.0,2410.0,,19.84,745.0,3968.0,4713.0,,2241.41,626.0,3951.0,4577.0,,5.12,346.0,3773.0,4119.0
292,8.91,412.0,1703.0,2115.0,,421.21,412.0,1622.0,2034.0,,1447.71,478.0,4032.0,4510.0,,6.77,412.0,3884.0,4296.0,,2482.89,626.0,3838.0,4464.0
293,420.6,412.0,1703.0,2115.0,,3087.82,634.0,1620.0,2254.0,,18.8,745.0,3967.0,4712.0,,6.68,412.0,3885.0,4297.0,,622.0,2162.0,2325.0,4487.0
294,10.81,412.0,1704.0,2116.0,,5.7,412.0,1620.0,2032.0,,18.85,412.0,3967.0,4379.0,,8.73,412.0,3884.0,4296.0,,2085.28,626.0,3839.0,4465.0
295,11.49,412.0,1702.0,2114.0,,1634.92,412.0,1621.0,2033.0,,1017.43,692.0,4034.0,4726.0,,7.24,346.0,3886.0,4232.0,,4778.08,692.0,3839.0,4531.0
296,9.38,412.0,1703.0,2115.0,,422.11,412.0,1621.0,2033.0,,1900.27,486.0,4033.0,4519.0,,1257.31,2012.0,2436.0,4448.0,,1478.57,486.0,3839.0,4325.0
297,1228.34,626.0,1703.0,2329.0,,209.21,976.0,1621.0,2597.0,,24.95,412.0,3967.0,4379.0,,3116.08,626.0,3952.0,4578.0,,5.03,412.0,3772.0,4184.0
298,215.34,1083.0,1703.0,2786.0,,5.33,412.0,1620.0,2032.0,,20.31,2259.0,2519.0,4778.0,,1009.04,552.0,3951.0,4503.0,,4.97,346.0,3773.0,4119.0
299,8.96,346.0,1704.0,2050.0,,1048.68,626.0,1621.0,2247.0,,17.91,412.0,3967.0,4379.0,,2038.06,626.0,3951.0,4577.0,,214.15,2747.0,1818.0,4565.0
300,10.57,346.0,1703.0,2049.0,,1014.14,626.0,1622.0,2248.0,,1253.37,2012.0,2520.0,4532.0,,218.56,478.0,3951.0,4429.0,,8.56,2004.0,2326.0,4330.0
301,8.88,346.0,1702.0,2048.0,,5.36,412.0,1622.0,2034.0,,20.76,2337.0,2519.0,4856.0,,420.8,478.0,3950.0,4428.0,,620.93,478.0,3838.0,4316.0
302,2060.19,560.0,1702.0,2262.0,,6.96,412.0,1621.0,2033.0,,20.14,2004.0,2519.0,4523.0,,1056.48,692.0,3951.0,4643.0,,2062.35,626.0,3838.0,4464.0
303,424.56,1532.0,1703.0,3235.0,,5.32,412.0,1622.0,2034.0,,20.55,2004.0,2518.0,4522.0,,6.51,412.0,3886.0,4298.0,,1666.97,5763.0,1818.0,7581.0
304,1437.08,626.0,1703.0,2329.0,,5.39,412.0,1621.0,2033.0,,16.72,412.0,3967.0,4379.0,,6.57,412.0,3884.0,4296.0,,4.79,412.0,3772.0,4184.0
305,1051.84,420.0,1702.0,2122.0,,1216.72,420.0,1620.0,2040.0,,1697.26,692.0,4033.0,4725.0,,1250.39,704.0,3952.0,4656.0,,1049.55,552.0,3838.0,4390.0
306,9.25,346.0,1704.0,2050.0,,5.36,346.0,1620.0,1966.0,,16.08,412.0,3967.0,4379.0,,213.47,2846.0,3388.0,6234.0,,4.93,412.0,3773.0,4185.0
307,217.99,939.0,1704.0,2643.0,,824.71,412.0,1621.0,2033.0,,1069.03,626.0,4033.0,4659.0,,1030.64,552.0,3951.0,4503.0,,4.63,412.0,3773.0,4185.0
308,1426.98,486.0,1704.0,2190.0,,211.41,412.0,1621.0,2033.0,,229.56,478.0,4032.0,4510.0,,4546.28,2920.0,1874.0,4794.0,,1464.22,486.0,3839.0,4325.0
309,8.78,412.0,1704.0,2116.0,,8930.06,494.0,1620.0,2114.0,,1231.97,552.0,4033.0,4585.0,,7093.14,2160.0,2436.0,4596.0,,56488.27,478.0,3840.0,4318.0
310,1666.58,412.0,1702.0,2114.0,,1015.68,486.0,1621.0,2107.0,,17.7,745.0,3967.0,4712.0,,3092.95,700.0,3950.0,4650.0,,6.24,412.0,3773.0,4185.0
311,213.55,939.0,1703.0,2642.0,,7.81,412.0,1622.0,2034.0,,17.49,412.0,3966.0,4378.0,,9.94,2858.0,1874.0,4732.0,,8.89,2162.0,2326.0,4488.0
312,1253.55,560.0,1704.0,2264.0,,8.25,412.0,1621.0,2033.0,,19.57,745.0,3966.0,4711.0,,1878.34,626.0,3951.0,4577.0,,9.3,2004.0,2325.0,4329.0
313,8.7,412.0,1702.0,2114.0,,5.32,412.0,1621.0,2033.0,,22967.51,1070.0,4032.0,5102.0,,9.46,412.0,3885.0,4297.0,,5.19,412.0,3774.0,4186.0
314,8.68,412.0,1704.0,2116.0,,5.38,412.0,1621.0,2033.0,,1076.91,692.0,4353.0,5045.0,,6.66,346.0,3886.0,4232.0,,831.97,478.0,3839.0,4317.0
315,8.71,412.0,1702.0,2114.0,,7.97,346.0,1621.0,1967.0,,1077.65,692.0,4033.0,4725.0,,831.4,478.0,3950.0,4428.0,,5605.86,626.0,3839.0,4465.0
316,1833.06,626.0,1702.0,2328.0,,5.43,346.0,1620.0,1966.0,,1075.46,692.0,4034.0,4726.0,,7.33,412.0,3886.0,4298.0,,4.98,412.0,3774.0,4186.0
317,9.15,346.0,1703.0,2049.0,,1027.66,626.0,1620.0,2246.0,,1278.44,2012.0,2518.0,4530.0,,4300.08,708.0,3950.0,4658.0,,213.26,2162.0,2325.0,4487.0
318,9.14,412.0,1703.0,2115.0,,208.53,412.0,1621.0,2033.0,,1068.09,486.0,4034.0,4520.0,,7.08,346.0,3886.0,4232.0,,214.62,2004.0,2325.0,4329.0
319,9.14,412.0,1703.0,2115.0,,1049.63,626.0,1620.0,2246.0,,16.68,412.0,3967.0,4379.0,,216.57,2218.0,2437.0,4655.0,,1268.26,552.0,3840.0,4392.0
320,3282.55,568.0,1703.0,2271.0,,7.01,412.0,1621.0,2033.0,,20.06,412.0,3967.0,4379.0,,6.54,346.0,3886.0,4232.0,,7622.6,856.0,3838.0,4694.0
321,11.32,412.0,1704.0,2116.0,,1471.59,420.0,1621.0,2041.0,,1285.62,552.0,4032.0,4584.0,,1260.13,552.0,3952.0,4504.0,,5.33,346.0,3773.0,4119.0
322,8.92,412.0,1702.0,2114.0,,211.66,1042.0,1622.0,2664.0,,4589.17,552.0,4032.0,4584.0,,218.72,478.0,3951.0,4429.0,,1445.27,692.0,3838.0,4530.0
323,213.66,412.0,1703.0,2115.0,,421.56,412.0,1620.0,2032.0,,1074.63,552.0,4033.0,4585.0,,9.29,412.0,3885.0,4297.0,,5.15,346.0,3774.0,4120.0
324,421.43,412.0,1704.0,2116.0,,7.49,346.0,1621.0,1967.0,,2725.79,692.0,4034.0,4726.0,,1478.49,692.0,3951.0,4643.0,,8.39,2748.0,1818.0,4566.0
325,1009.31,486.0,1703.0,2189.0,,216.71,412.0,1621.0,2033.0,,221.85,478.0,4033.0,4511.0,,1251.37,2078.0,2437.0,4515.0,,1013.45,486.0,3840.0,4326.0
326,1013.88,626.0,1703.0,2329.0,,1039.24,626.0,1621.0,2247.0,,16.77,412.0,3967.0,4379.0,,6.74,346.0,3885.0,4231.0,,212.06,2746.0,1818.0,4564.0
327,1013.33,486.0,1702.0,2188.0,,4337.94,1038.0,1621.0,2659.0,,1486.88,552.0,4032.0,4584.0,,5348.05,782.0,3952.0,4734.0,,4.88,412.0,3774.0,4186.0
328,217.46,939.0,1704.0,2643.0,,2034.02,560.0,1620.0,2180.0,,16.24,412.0,3968.0,4380.0,,10.09,2858.0,1874.0,4732.0,,1479.29,4315.0,1818.0,6133.0
329,1245.98,420.0,1702.0,2122.0,,1013.07,626.0,1620.0,2246.0,,16.21,412.0,3967.0,4379.0,,218.15,2847.0,1874.0,4721.0,,239145.67,7277.0,3332.0,10609.0
330,9.16,412.0,1702.0,2114.0,,210.96,412.0,1622.0,2034.0,,15.93,745.0,3967.0,4712.0,,6.54,412.0,3886.0,4298.0,,1221.34,2012.0,2325.0,4337.0
331,1046.24,486.0,1702.0,2188.0,,1462.44,560.0,1620.0,2180.0,,1485.58,2004.0,2520.0,4524.0,,6.62,412.0,3886.0,4298.0,,213.83,2162.0,2325.0,4487.0
332,11.43,346.0,1703.0,2049.0,,6.15,346.0,1622.0,1968.0,,16.05,412.0,3967.0,4379.0,,2063.97,560.0,3951.0,4511.0,,8.65,2004.0,2325.0,4329.0
333,217.48,2048.0,739.0,2787.0,,1026.83,486.0,1621.0,2107.0,,1254.34,638.0,4033.0,4671.0,,1012.98,692.0,3950.0,4642.0,,4.98,346.0,3773.0,4119.0
334,1653.56,412.0,1702.0,2114.0,,7.23,412.0,1620.0,2032.0,,16.35,412.0,3967.0,4379.0,,8.29,412.0,3885.0,4297.0,,5.04,412.0,3773.0,4185.0
335,214.1,412.0,1703.0,2115.0,,1262.59,626.0,1622.0,2248.0,,1482.97,4508.0,1915.0,6423.0,,2087.65,486.0,3952.0,4438.0,,4.9,412.0,3773.0,4185.0
336,9.14,412.0,1703.0,2115.0,,5.8,412.0,1621.0,2033.0,,1021.42,552.0,4034.0,4586.0,,622.42,478.0,3950.0,4428.0,,2878.27,626.0,3839.0,4465.0
337,1030.49,626.0,1704.0,2330.0,,2070.88,560.0,1622.0,2182.0,,1072.17,552.0,4032.0,4584.0,,11545.19,996.0,3951.0,4947.0,,4.95,346.0,3774.0,4120.0
338,9.32,412.0,1704.0,2116.0,,212.23,412.0,1621.0,2033.0,,2102.0,626.0,4032.0,4658.0,,213.59,478.0,3951.0,4429.0,,1008.94,486.0,3839.0,4325.0
339,219.79,2047.0,739.0,2786.0,,1047.84,626.0,1621.0,2247.0,,16.68,412.0,3968.0,4380.0,,1056.44,692.0,3951.0,4643.0,,1459.32,5762.0,1818.0,7580.0
340,1016.91,420.0,1703.0,2123.0,,5.37,412.0,1621.0,2033.0,,16.11,412.0,3967.0,4379.0,,6.8,346.0,3884.0,4230.0,,1014.25,552.0,3839.0,4391.0
341,12.09,412.0,1702.0,2114.0,,5.37,412.0,1622.0,2034.0,,15.68,412.0,3967.0,4379.0,,1060.63,692.0,3950.0,4642.0,,4.95,412.0,3772.0,4184.0
342,13.35,412.0,1702.0,2114.0,,1047.63,486.0,1621.0,2107.0,,20.24,2337.0,2519.0,4856.0,,10.67,2858.0,1874.0,4732.0,,5987.38,708.0,3840.0,4548.0
343,5615.71,494.0,1702.0,2196.0,,5.37,412.0,1622.0,2034.0,,20.7,412.0,3967.0,4379.0,,1056.76,626.0,3951.0,4577.0,,218.06,478.0,3839.0,4317.0
344,216.73,2048.0,739.0,2787.0,,6.8,412.0,1621.0,2033.0,,222.48,2337.0,2519.0,4856.0,,3315.28,2846.0,1874.0,4720.0,,2065.51,626.0,3840.0,4466.0
345,832.72,412.0,1702.0,2114.0,,211.75,412.0,1621.0,2033.0,,15.88,412.0,3966.0,4378.0,,4724.35,700.0,3952.0,4652.0,,217.66,2162.0,2325.0,4487.0
346,1234.12,420.0,1703.0,2123.0,,5.42,346.0,1621.0,1967.0,,22.49,412.0,3967.0,4379.0,,1016.11,552.0,3950.0,4502.0,,213.76,2004.0,2325.0,4329.0
347,1885.95,420.0,1703.0,2123.0,,5.21,412.0,1621.0,2033.0,,16352.58,1021.0,4032.0,5053.0,,6.65,346.0,3886.0,4232.0,,4333.08,552.0,3840.0,4392.0
348,8.88,412.0,1702.0,2114.0,,1257.09,486.0,1621.0,2107.0,,9525.58,478.0,4033.0,4511.0,,2085.21,560.0,3950.0,4510.0,,120166.94,552.0,3839.0,4391.0
349,9.11,346.0,1702.0,2048.0,,9359.02,708.0,1620.0,2328.0,,23.63,2004.0,2519.0,4523.0,,6.51,412.0,3886.0,4298.0,,6.42,412.0,3772.0,4184.0
350,4124.3,642.0,1702.0,2344.0,,3319.81,3555.0,698.0,4253.0,,1254.95,2012.0,2518.0,4530.0,,6.46,346.0,3885.0,4231.0,,2723.43,486.0,3840.0,4326.0
351,213.74,1017.0,1703.0,2720.0,,5.51,412.0,1620.0,2032.0,,19.79,2004.0,2518.0,4522.0,,217.62,2218.0,2437.0,4655.0,,1459.1,2004.0,2324.0,4328.0
352,1042.29,626.0,1703.0,2329.0,,1266.89,420.0,1622.0,2042.0,,224.02,2259.0,2519.0,4778.0,,10.55,2004.0,2436.0,4440.0,,8.82,2162.0,2326.0,4488.0
353,1216.39,560.0,1702.0,2262.0,,1063.38,420.0,1621.0,2041.0,,18.14,412.0,3967.0,4379.0,,1640.38,478.0,3952.0,4430.0,,1265.42,2078.0,2326.0,4404.0
354,9.1,412.0,1703.0,2115.0,,1219.74,626.0,1620.0,2246.0,,6603.85,4443.0,1915.0,6358.0,,16530.27,478.0,3950.0,4428.0,,1061.56,552.0,3839.0,4391.0
355,9.24,412.0,1703.0,2115.0,,825.89,412.0,1622.0,2034.0,,30733.56,478.0,4033.0,4511.0,,1014.82,486.0,3950.0,4436.0,,1013.66,552.0,3840.0,4392.0
356,9.21,412.0,1703.0,2115.0,,1469.92,420.0,1622.0,2042.0,,18.92,412.0,3967.0,4379.0,,833.98,478.0,3950.0,4428.0,,619.69,478.0,3840.0,4318.0
357,418.89,1598.0,1703.0,3301.0,,5.48,412.0,1622.0,2034.0,,22.54,412.0,3967.0,4379.0,,6.84,412.0,3885.0,4297.0,,1672.85,478.0,3840.0,4318.0
358,3325.53,412.0,1703.0,2115.0,,4103.93,708.0,1621.0,2329.0,,835.48,4508.0,3429.0,7937.0,,7.99,412.0,3885.0,4297.0,,5.06,412.0,3774.0,4186.0
359,11.41,412.0,1703.0,2115.0,,7.74,412.0,1622.0,2034.0,,1473.18,552.0,4033.0,4585.0,,3305.95,692.0,3950.0,4642.0,,5.12,346.0,3773.0,4119.0
360,828.17,412.0,1704.0,2116.0,,1055.31,420.0,1620.0,2040.0,,1465.05,2152.0,2518.0,4670.0,,2703.57,692.0,3950.0,4642.0,,1032.44,552.0,3838.0,4390.0
361,3350.11,412.0,1703.0,2115.0,,5.4,412.0,1622.0,2034.0,,3100.58,700.0,4033.0,4733.0,,1015.77,552.0,3951.0,4503.0,,1219.77,692.0,3839.0,4531.0
362,8.79,412.0,1704.0,2116.0,,828.74,2146.0,1621.0,3767.0,,4639.15,552.0,4032.0,4584.0,,6.97,346.0,3886.0,4232.0,,1480.08,552.0,3839.0,4391.0
363,1061.96,626.0,1702.0,2328.0,,5.41,412.0,1621.0,2033.0,,16.28,412.0,3967.0,4379.0,,624.68,478.0,3950.0,4428.0,,1250.32,638.0,3838.0,4476.0
364,1013.97,626.0,1703.0,2329.0,,1248.08,626.0,1620.0,2246.0,,16.27,412.0,3967.0,4379.0,,7012.28,3720.0,3950.0,7670.0,,5.86,346.0,3774.0,4120.0
365,1217.55,486.0,1703.0,2189.0,,1057.44,420.0,1621.0,2041.0,,16.52,412.0,3967.0,4379.0,,1430.05,552.0,3950.0,4502.0,,8.23,2004.0,2324.0,4328.0
366,4389.46,626.0,1702.0,2328.0,,1651.83,2451.0,698.0,3149.0,,21.56,2004.0,2518.0,4522.0,,6.96,412.0,3884.0,4296.0,,4.9,412.0,3773.0,4185.0
367,9.06,412.0,1703.0,2115.0,,1220.39,486.0,1621.0,2107.0,,630.28,478.0,4033.0,4511.0,,1651.8,692.0,3949.0,4641.0,,1429.57,2218.0,2326.0,4544.0
368,1058.49,420.0,2024.0,2444.0,,5.62,412.0,1620.0,2032.0,,1437.06,2218.0,2519.0,4737.0,,1033.28,692.0,3950.0,4642.0,,6.03,412.0,3774.0,4186.0
369,12.7,412.0,1703.0,2115.0,,5.41,346.0,1622.0,1968.0,,229.12,478.0,4032.0,4510.0,,1219.04,704.0,3950.0,4654.0,,5.0,412.0,3772.0,4184.0
370,12.49,346.0,1702.0,2048.0,,1238.34,486.0,1621.0,2107.0,,1068.2,692.0,4032.0,4724.0,,828.4,478.0,3952.0,4430.0,,1013.22,552.0,3839.0,4391.0
371,1025.97,486.0,1703.0,2189.0,,1269.55,486.0,1620.0,2106.0,,1492.0,626.0,4034.0,4660.0,,61047.3,2152.0,2437.0,4589.0,,11190.83,1136.0,3839.0,4975.0
372,1831.56,486.0,1703.0,2189.0,,421.73,2451.0,698.0,3149.0,,223.82,811.0,4033.0,4844.0,,12.53,2004.0,2436.0,4440.0,,9950.35,478.0,3838.0,4316.0
373,3985.31,412.0,1704.0,2116.0,,5.42,346.0,1621.0,1967.0,,20.69,2004.0,2519.0,4523.0,,6.49,346.0,3885.0,4231.0,,8.86,2004.0,2325.0,4329.0
374,1040.29,560.0,1702.0,2262.0,,1064.74,626.0,1622.0,2248.0,,16.48,412.0,3967.0,4379.0,,8267.97,692.0,3951.0,4643.0,,5.94,412.0,3773.0,4185.0
375,1649.38,412.0,1702.0,2114.0,,5.59,346.0,1620.0,1966.0,,21.04,2337.0,2519.0,4856.0,,8.26,412.0,3885.0,4297.0,,217.45,2800.0,3332.0,6132.0
376,8.84,412.0,1704.0,2116.0,,6.8,412.0,1621.0,2033.0,,6411.98,2226.0,2519.0,4745.0,,6.63,346.0,3886.0,4232.0,,4.83,412.0,3772.0,4184.0
377,1265.72,486.0,1702.0,2188.0,,422.68,1899.0,698.0,2597.0,,232.23,2004.0,2519.0,4523.0,,835.0,770.0,3950.0,4720.0,,6.09,346.0,3774.0,4120.0
378,422.92,412.0,1702.0,2114.0,,5.43,412.0,1620.0,2032.0,,3280.89,2160.0,2520.0,4680.0,,6.62,412.0,3884.0,4296.0,,2061.8,626.0,3839.0,4465.0
379,8.86,412.0,1703.0,2115.0,,5.48,412.0,1622.0,2034.0,,842.03,478.0,4033.0,4511.0,,6.32,346.0,3886.0,4232.0,,1215.33,692.0,3838.0,4530.0
380,9.36,412.0,1703.0,2115.0,,420.27,412.0,1621.0,2033.0,,18.51,745.0,3967.0,4712.0,,6.3,412.0,3886.0,4298.0,,5.27,346.0,3772.0,4118.0
381,1042.33,486.0,1704.0,2190.0,,1242.33,486.0,1622.0,2108.0,,4360.77,2300.0,2519.0,4819.0,,6.28,346.0,3885.0,4231.0,,214.8,2802.0,1818.0,4620.0
382,216.99,1005.0,1703.0,2708.0,,4389.76,626.0,1620.0,2246.0,,16.9,412.0,3966.0,4378.0,,6.43,412.0,3885.0,4297.0,,115063.06,2004.0,2324.0,4328.0
383,421.78,412.0,1703.0,2115.0,,5.33,412.0,1620.0,2032.0,,16.24,412.0,3967.0,4379.0,,217.01,2218.0,2438.0,4656.0,,6387.78,478.0,3839.0,4317.0
384,1693.9,412.0,1702.0,2114.0,,5.47,412.0,1622.0,2034.0,,1068.97,552.0,4033.0,4585.0,,4366.03,3127.0,1874.0,5001.0,,5.0,412.0,3772.0,4184.0
385,1016.72,486.0,1703.0,2189.0,,415.2,412.0,1621.0,2033.0,,16.24,412.0,3967.0,4379.0,,1220.83,486.0,3950.0,4436.0,,1886.85,692.0,3839.0,4531.0
386,14.93,412.0,1703.0,2115.0,,4572.58,486.0,1621.0,2107.0,,16.75,745.0,3968.0,4713.0,,420.31,478.0,3952.0,4430.0,,8.75,2004.0,2325.0,4329.0
387,11.97,346.0,1703.0,2049.0,,1008.9,420.0,1621.0,2041.0,,30049.64,9052.0,1915.0,10967.0,,8.63,412.0,3885.0,4297.0,,4.7,412.0,3773.0,4185.0
388,6585.85,412.0,1704.0,2116.0,,5.51,346.0,1621.0,1967.0,,229.99,2004.0,2519.0,4523.0,,218.46,2859.0,1874.0,4733.0,,8.07,2162.0,2325.0,4487.0
389,1016.84,626.0,1703.0,2329.0,,1475.43,420.0,1621.0,2041.0,,16.33,412.0,3967.0,4379.0,,1844.18,692.0,3951.0,4643.0,,4.73,412.0,3774.0,4186.0
390,217.79,412.0,1702.0,2114.0,,5144.02,782.0,1620.0,2402.0,,225.78,478.0,4033.0,4511.0,,7913.93,972.0,3950.0,4922.0,,2684.37,692.0,3840.0,4532.0
391,213.89,412.0,1703.0,2115.0,,6.0,412.0,1620.0,2032.0,,2050.0,626.0,4033.0,4659.0,,11.51,2859.0,1874.0,4733.0,,3334.2,478.0,3839.0,4317.0
392,8.96,346.0,1704.0,2050.0,,211.12,412.0,1621.0,2033.0,,1654.63,6023.0,3429.0,9452.0,,1440.66,5875.0,1874.0,7749.0,,5.2,412.0,3774.0,4186.0
393,1258.5,420.0,1702.0,2122.0,,6.26,412.0,1622.0,2034.0,,15.91,412.0,3967.0,4379.0,,219.08,2847.0,1874.0,4721.0,,5.5,412.0,3773.0,4185.0
394,1065.78,626.0,1704.0,2330.0,,213.89,412.0,1622.0,2034.0,,17727.77,552.0,4033.0,4585.0,,7.04,412.0,3886.0,4298.0,,1854.88,2218.0,2326.0,4544.0
395,1018.15,560.0,1703.0,2263.0,,1041.4,486.0,1621.0,2107.0,,20.07,2004.0,2520.0,4524.0,,6.65,346.0,3884.0,4230.0,,5.33,346.0,3773.0,4119.0
396,4143.24,708.0,1704.0,2412.0,,3310.85,412.0,1621.0,2033.0,,7193.26,1062.0,4033.0,5095.0,,6.61,412.0,3884.0,4296.0,,1008.8,552.0,3839.0,4391.0
397,3062.27,634.0,1704.0,2338.0,,5.34,412.0,1620.0,2032.0,,16.72,412.0,3967.0,4379.0,,3099.89,700.0,3952.0,4652.0,,10.49,2004.0,2325.0,4329.0
398,1013.95,420.0,1703.0,2123.0,,1638.69,1965.0,698.0,2663.0,,16.27,745.0,3967.0,4712.0,,6.76,412.0,3884.0,4296.0,,6.1,412.0,3772.0,4184.0
399,215.19,2047.0,739.0,2786.0,,3270.14,634.0,1621.0,2255.0,,16.55,412.0,3968.0,4380.0,,1061.42,626.0,3951.0,4577.0,,4.94,412.0,3773.0,4185.0
400,419.7,1981.0,739.0,2720.0,,6.85,412.0,1621.0,2033.0,,639.16,478.0,4033.0,4511.0,,6.64,346.0,3886.0,4232.0,,5.11,412.0,3773.0,4185.0
401,7692.84,708.0,1703.0,2411.0,,1684.97,412.0,1621.0,2033.0,,117402.25,692.0,4033.0,4725.0,,6.6,412.0,3884.0,4296.0,,9.13,2004.0,2324.0,4328.0
402,217.43,412.0,1703.0,2115.0,,7160.1,996.0,1622.0,2618.0,,17.95,412.0,3967.0,4379.0,,1044.18,552.0,3951.0,4503.0,,1051.56,552.0,3839.0,4391.0
403,1040.93,420.0,1703.0,2123.0,,5.82,412.0,1621.0,2033.0,,1869.92,486.0,4033.0,4519.0,,6.71,412.0,3884.0,4296.0,,1216.01,704.0,3839.0,4543.0
404,425.54,412.0,1702.0,2114.0,,5.59,412.0,1619.0,2031.0,,20.26,412.0,3967.0,4379.0,,2088.98,486.0,3950.0,4436.0,,6580.39,478.0,3840.0,4318.0
405,9.81,412.0,1703.0,2115.0,,5.67,412.0,1621.0,2033.0,,21.71,745.0,3967.0,4712.0,,6.47,412.0,3885.0,4297.0,,5.05,346.0,3773.0,4119.0
406,220.44,412.0,1704.0,2116.0,,6.07,412.0,1621.0,2033.0,,1216.66,692.0,4032.0,4724.0,,10.28,2004.0,2436.0,4440.0,,8.97,2162.0,2325.0,4487.0
407,10.63,412.0,1702.0,2114.0,,2673.91,486.0,1621.0,2107.0,,1480.28,2012.0,2519.0,4531.0,,10.07,2004.0,2438.0,4442.0,,828.73,2735.0,1818.0,4553.0
408,1072.3,486.0,1702.0,2188.0,,10926.37,930.0,1620.0,2550.0,,9985.09,700.0,4033.0,4733.0,,10.4,2004.0,2438.0,4442.0,,419.43,478.0,3840.0,4318.0
409,218.01,412.0,1703.0,2115.0,,5.31,412.0,1621.0,2033.0,,2510.43,626.0,4033.0,4659.0,,6.73,412.0,3885.0,4297.0,,30201.98,2748.0,1818.0,4566.0
410,4113.91,708.0,1703.0,2411.0,,5.33,346.0,1620.0,1966.0,,16.3,412.0,3966.0,4378.0,,7.0,412.0,3886.0,4298.0,,1220.9,486.0,3838.0,4324.0
411,6577.96,412.0,1703.0,2115.0,,823.54,1899.0,698.0,2597.0,,2250.2,626.0,4034.0,4660.0,,60823.78,486.0,3951.0,4437.0,,622.66,2004.0,2325.0,4329.0
412,1653.55,3168.0,739.0,3907.0,,1669.63,412.0,1622.0,2034.0,,16.43,412.0,3966.0,4378.0,,9.44,412.0,3885.0,4297.0,,6.69,412.0,3773.0,4185.0
413,5366.4,494.0,1703.0,2197.0,,5.67,346.0,1621.0,1967.0,,19.89,2004.0,2519.0,4523.0,,9.1,412.0,3885.0,4297.0,,5.24,346.0,3772.0,4118.0
414,2677.98,420.0,1703.0,2123.0,,5.79,346.0,1621.0,1967.0,,21.91,412.0,3966.0,4378.0,,7.08,346.0,3885.0,4231.0,,14478.07,2218.0,2325.0,4543.0
415,9.03,412.0,1702.0,2114.0,,5.94,346.0,1622.0,1968.0,,25.94,412.0,3968.0,4380.0,,4544.56,832.0,3951.0,4783.0,,1218.37,552.0,3840.0,4392.0
416,11.69,346.0,1703.0,2049.0,,209.39,412.0,1622.0,2034.0,,17.02,412.0,3967.0,4379.0,,6.52,412.0,3885.0,4297.0,,5.76,412.0,3771.0,4183.0
417,8.91,346.0,1704.0,2050.0,,5.74,412.0,1622.0,2034.0,,16.66,667.0,3968.0,4635.0,,1048.73,626.0,3951.0,4577.0,,4.96,346.0,3773.0,4119.0
418,8.7,412.0,1703.0,2115.0,,6.19,412.0,1621.0,2033.0,,19.83,2337.0,2518.0,4855.0,,219.52,478.0,3951.0,4429.0,,4359.52,2875.0,1818.0,4693.0
419,1064.61,626.0,1702.0,2328.0,,7.89,346.0,1620.0,1966.0,,227.86,2004.0,2518.0,4522.0,,6.86,412.0,3885.0,4297.0,,4340.91,552.0,3839.0,4391.0
420,216.19,1005.0,1703.0,2708.0,,1068.34,420.0,1622.0,2042.0,,2084.65,626.0,4032.0,4658.0,,6.99,412.0,3885.0,4297.0,,1220.45,638.0,3840.0,4478.0
421,1041.96,626.0,1704.0,2330.0,,1219.31,420.0,1620.0,2040.0,,1074.56,552.0,4032.0,4584.0,,6.61,412.0,3886.0,4298.0,,8.71,2004.0,2326.0,4330.0
422,39614.81,1078.0,1703.0,2781.0,,5.48,412.0,1622.0,2034.0,,13166.96,10566.0,3429.0,13995.0,,10.58,2218.0,2438.0,4656.0,,5633.66,626.0,3839.0,4465.0
423,4612.92,626.0,1704.0,2330.0,,1045.96,626.0,1621.0,2247.0,,234.25,2313.0,4032.0,6345.0,,6.56,412.0,3885.0,4297.0,,5.04,412.0,3772.0,4184.0
424,8.73,412.0,1703.0,2115.0,,1425.28,486.0,1620.0,2106.0,,237677.89,4509.0,1915.0,6424.0,,6.74,412.0,3886.0,4298.0,,5.05,412.0,3774.0,4186.0
425,827.96,2640.0,739.0,3379.0,,1461.31,626.0,1621.0,2247.0,,18.8,745.0,3967.0,4712.0,,7.21,412.0,3885.0,4297.0,,4.91,412.0,3773.0,4185.0
426,8.88,412.0,1702.0,2114.0,,1048.1,626.0,1621.0,2247.0,,16.56,412.0,3967.0,4379.0,,9.91,346.0,3885.0,4231.0,,5.11,412.0,3773.0,4185.0
427,3282.18,634.0,1702.0,2336.0,,5.56,412.0,1621.0,2033.0,,1230.71,704.0,4034.0,4738.0,,10.99,2859.0,1874.0,4733.0,,1221.67,704.0,3840.0,4544.0
428,220.34,2047.0,739.0,2786.0,,5.35,412.0,1620.0,2032.0,,19.02,412.0,3966.0,4378.0,,6.82,412.0,3886.0,4298.0,,1269.74,2078.0,2324.0,4402.0
429,1026.93,626.0,1704.0,2330.0,,5.54,346.0,1621.0,1967.0,,223.43,2004.0,2519.0,4523.0,,2068.19,626.0,3951.0,4577.0,,5.32,412.0,3773.0,4185.0
430,9.92,346.0,1703.0,2049.0,,5.27,412.0,1621.0,2033.0,,1061.87,552.0,4033.0,4585.0,,3331.25,2847.0,1874.0,4721.0,,5143.89,848.0,3838.0,4686.0
431,1049.96,626.0,1703.0,2329.0,,3060.14,634.0,1622.0,2256.0,,2733.65,486.0,4033.0,4519.0,,2291.94,626.0,3951.0,4577.0,,619.36,2748.0,1818.0,4566.0
432,424.47,412.0,1702.0,2114.0,,3313.2,412.0,1622.0,2034.0,,18.98,412.0,3967.0,4379.0,,6.57,412.0,3886.0,4298.0,,1023.12,692.0,3840.0,4532.0
433,421.45,1610.0,1702.0,3312.0,,1014.05,420.0,1621.0,2041.0,,16.52,745.0,3967.0,4712.0,,33219.31,700.0,3952.0,4652.0,,1013.33,626.0,3839.0,4465.0
434,9.49,412.0,1703.0,2115.0,,5.34,412.0,1621.0,2033.0,,62097.66,7686.0,1915.0,9601.0,,10.58,2004.0,2437.0,4441.0,,13317.78,478.0,3839.0,4317.0
435,2866.25,560.0,1703.0,2263.0,,825.1,412.0,1622.0,2034.0,,13809.84,478.0,4033.0,4511.0,,10.46,2004.0,2437.0,4441.0,,9.41,2004.0,2325.0,4329.0
436,2253.46,494.0,1703.0,2197.0,,5.36,346.0,1620.0,1966.0,,1026.2,486.0,4033.0,4519.0,,8.8,412.0,3885.0,4297.0,,6.45,412.0,3774.0,4186.0
437,8.84,412.0,1703.0,2115.0,,422.34,412.0,1621.0,2033.0,,16.57,412.0,3968.0,4380.0,,33184.63,2226.0,2437.0,4663.0,,213.66,2004.0,2325.0,4329.0
438,8.78,412.0,1703.0,2115.0,,214.41,1965.0,698.0,2663.0,,16.54,412.0,3968.0,4380.0,,7.63,412.0,3886.0,4298.0,,623.02,4249.0,3332.0,7581.0
439,8.7,412.0,1702.0,2114.0,,213.47,1965.0,698.0,2663.0,,240427.95,2152.0,2519.0,4671.0,,13283.94,2218.0,2437.0,4655.0,,5.69,412.0,3773.0,4185.0
440,8.74,412.0,1703.0,2115.0,,1467.56,560.0,1620.0,2180.0,,2679.11,692.0,4033.0,4725.0,,1221.21,2078.0,2437.0,4515.0,,5.26,346.0,3772.0,4118.0
441,8.94,346.0,1702.0,2048.0,,5.59,412.0,1620.0,2032.0,,1078.8,486.0,4032.0,4518.0,,1063.98,552.0,3950.0,4502.0,,5.78,346.0,3773.0,4119.0
442,8.77,412.0,1704.0,2116.0,,5.67,346.0,1622.0,1968.0,,222.98,478.0,4034.0,4512.0,,1016.08,692.0,3951.0,4643.0,,1214.22,552.0,3839.0,4391.0
443,6580.44,412.0,1704.0,2116.0,,1018.07,486.0,1622.0,2108.0,,16.0,412.0,3968.0,4380.0,,8.4,412.0,3885.0,4297.0,,213.35,2004.0,2325.0,4329.0
444,9.17,346.0,1703.0,2049.0,,7.03,346.0,1621.0,1967.0,,20.2,2259.0,2519.0,4778.0,,22025.17,930.0,3951.0,4881.0,,619.0,478.0,3839.0,4317.0
445,212.58,939.0,1702.0,2641.0,,3297.38,412.0,1620.0,2032.0,,60081.46,478.0,4033.0,4511.0,,2453.88,626.0,3950.0,4576.0,,1038.4,486.0,3839.0,4325.0
446,2461.74,560.0,1703.0,2263.0,,8930.16,494.0,1622.0,2116.0,,24.87,2004.0,2519.0,4523.0,,1460.6,692.0,3951.0,4643.0,,5.66,346.0,3773.0,4119.0
447,2073.96,560.0,1703.0,2263.0,,1016.87,626.0,1620.0,2246.0,,1472.04,478.0,4033.0,4511.0,,214.59,2004.0,2437.0,4441.0,,2290.99,626.0,3838.0,4464.0
448,1273.58,420.0,1703.0,2123.0,,1014.23,486.0,1620.0,2106.0,,1019.9,552.0,4033.0,4585.0,,31329.69,692.0,3952.0,4644.0,,4.9,412.0,3772.0,4184.0
449,427.57,412.0,1703.0,2115.0,,1011.39,486.0,1620.0,2106.0,,632.66,478.0,4034.0,4512.0,,7.86,412.0,3885.0,4297.0,,59583.36,478.0,3839.0,4317.0
450,13.48,412.0,1703.0,2115.0,,831.2,3070.0,698.0,3768.0,,1073.86,552.0,4033.0,4585.0,,2091.55,626.0,3951.0,4577.0,,6437.67,700.0,3840.0,4540.0
451,1042.63,486.0,1702.0,2188.0,,7.26,346.0,1621.0,1967.0,,19.36,2337.0,2520.0,4857.0,,3323.12,478.0,3952.0,4430.0,,1221.94,552.0,3839.0,4391.0
452,8.87,412.0,1704.0,2116.0,,5.86,346.0,1621.0,1967.0,,15.87,745.0,3967.0,4712.0,,1065.4,486.0,3951.0,4437.0,,9937.84,478.0,3840.0,4318.0
453,1058.25,626.0,1703.0,2329.0,,1232.21,420.0,1621.0,2041.0,,18.97,412.0,3966.0,4378.0,,1014.71,486.0,3952.0,4438.0,,26165.87,478.0,3840.0,4318.0
454,216.91,412.0,1703.0,2115.0,,5.68,412.0,1622.0,2034.0,,1248.72,2078.0,2519.0,4597.0,,7.88,412.0,3886.0,4298.0,,621.85,2004.0,2325.0,4329.0
455,421.32,1676.0,1703.0,3379.0,,1045.87,486.0,1619.0,2105.0,,19.96,2004.0,2519.0,4523.0,,29772.02,478.0,3952.0,4430.0,,1437.33,626.0,3839.0,4465.0
456,8.83,412.0,1702.0,2114.0,,7157.57,856.0,1620.0,2476.0,,1033.32,552.0,4034.0,4586.0,,8.77,626.0,3885.0,4511.0,,621.87,2004.0,2324.0,4328.0
457,8.73,412.0,1703.0,2115.0,,1650.76,2620.0,1621.0,4241.0,,19.77,2259.0,2519.0,4778.0,,7.5,346.0,3884.0,4230.0,,5033.78,552.0,3840.0,4392.0
458,9.09,346.0,1702.0,2048.0,,5.42,346.0,1621.0,1967.0,,19.86,2004.0,2520.0,4524.0,,10.55,2004.0,2438.0,4442.0,,4.88,412.0,3774.0,4186.0
459,422.04,1532.0,1702.0,3234.0,,5365.89,782.0,1621.0,2403.0,,65160.82,848.0,4032.0,4880.0,,2458.05,626.0,3951.0,4577.0,,4.9,412.0,3774.0,4186.0
460,9.31,412.0,1703.0,2115.0,,830.23,1899.0,698.0,2597.0,,19.54,412.0,3968.0,4380.0,,7.28,412.0,3884.0,4296.0,,1016.52,552.0,3839.0,4391.0
461,426.07,412.0,1703.0,2115.0,,829.98,412.0,1620.0,2032.0,,430.88,478.0,4033.0,4511.0,,7.06,412.0,3885.0,4297.0,,1013.98,486.0,3840.0,4326.0
462,1278.36,626.0,1703.0,2329.0,,1686.1,1965.0,698.0,2663.0,,1067.33,692.0,4034.0,4726.0,,8.28,412.0,3886.0,4298.0,,4.86,412.0,3773.0,4185.0
463,5652.39,560.0,1703.0,2263.0,,1016.19,626.0,1620.0,2246.0,,225.63,2247.0,4033.0,6280.0,,10.84,2004.0,2437.0,4441.0,,4.96,412.0,3774.0,4186.0
464,2035.1,560.0,1704.0,2264.0,,5.45,412.0,1620.0,2032.0,,4349.71,552.0,4033.0,4585.0,,4357.28,692.0,3951.0,4643.0,,4118.47,774.0,3840.0,4614.0
465,10.52,346.0,1703.0,2049.0,,209.54,412.0,1621.0,2033.0,,635.02,2004.0,2519.0,4523.0,,6.84,412.0,3885.0,4297.0,,1428.85,552.0,3839.0,4391.0
466,211.5,412.0,1702.0,2114.0,,1441.62,420.0,1622.0,2042.0,,17.86,412.0,3967.0,4379.0,,10.84,2218.0,2437.0,4655.0,,1253.8,638.0,3839.0,4477.0
467,1025.01,560.0,1702.0,2262.0,,421.15,412.0,1621.0,2033.0,,1047.23,626.0,4032.0,4658.0,,6.88,412.0,3885.0,4297.0,,5.01,412.0,3773.0,4185.0
468,11.79,412.0,1702.0,2114.0,,1268.69,420.0,1620.0,2040.0,,1084.88,692.0,4032.0,4724.0,,6.76,412.0,3884.0,4296.0,,1254.27,704.0,3839.0,4543.0
469,1054.56,626.0,1704.0,2330.0,,4830.49,420.0,1621.0,2041.0,,1268.42,552.0,4032.0,4584.0,,4142.92,708.0,3951.0,4659.0,,1237.59,3730.0,3840.0,7570.0
470,1013.91,486.0,1702.0,2188.0,,1065.81,626.0,1621.0,2247.0,,224.62,478.0,4034.0,4512.0,,1014.34,552.0,3951.0,4503.0,,8.64,2746.0,1818.0,4564.0
471,1016.78,626.0,1704.0,2330.0,,5.31,412.0,1621.0,2033.0,,1435.82,2152.0,2520.0,4672.0,,626.47,2004.0,2436.0,4440.0,,8.06,2004.0,2325.0,4329.0
472,11.42,412.0,1704.0,2116.0,,6.73,412.0,1620.0,2032.0,,229.38,478.0,4033.0,4511.0,,13829.02,980.0,3950.0,4930.0,,3312.39,700.0,3838.0,4538.0
473,1053.62,626.0,1703.0,2329.0,,1864.61,626.0,1620.0,2246.0,,16.36,412.0,3967.0,4379.0,,1246.79,2012.0,2438.0,4450.0,,4.89,412.0,3772.0,4184.0
474,9.15,346.0,1702.0,2048.0,,3070.97,568.0,1622.0,2190.0,,1243.07,2078.0,2518.0,4596.0,,1269.95,704.0,3951.0,4655.0,,3094.97,478.0,3839.0,4317.0
475,213.77,1017.0,1702.0,2719.0,,8.45,412.0,1621.0,2033.0,,1268.86,704.0,4033.0,4737.0,,6.6,346.0,3884.0,4230.0,,829.69,478.0,3840.0,4318.0
476,8.86,412.0,1703.0,2115.0,,1053.89,420.0,1621.0,2041.0,,15.86,412.0,3968.0,4380.0,,1869.02,2218.0,2438.0,4656.0,,1007.8,692.0,3838.0,4530.0
477,9.14,412.0,2345.0,2757.0,,1014.34,626.0,1620.0,2246.0,,16.07,412.0,3967.0,4379.0,,6.76,412.0,3884.0,4296.0,,16415.04,2734.0,1818.0,4552.0
478,215.91,412.0,1704.0,2116.0,,5.68,412.0,1621.0,2033.0,,1279.02,552.0,4033.0,4585.0,,7627.88,922.0,3951.0,4873.0,,8.83,2746.0,1818.0,4564.0
479,8.95,412.0,1703.0,2115.0,,834.1,412.0,1622.0,2034.0,,16.05,412.0,3966.0,4378.0,,6.71,346.0,3886.0,4232.0,,4.94,412.0,3772.0,4184.0
480,217.96,412.0,1703.0,2115.0,,5.5,346.0,1620.0,1966.0,,15.89,412.0,3966.0,4378.0,,6.33,412.0,3886.0,4298.0,,4.88,412.0,3774.0,4186.0
481,8.89,412.0,1704.0,2116.0,,5.47,346.0,1621.0,1967.0,,227.17,2259.0,2520.0,4779.0,,1219.92,552.0,3951.0,4503.0,,4.92,346.0,3774.0,4120.0
482,10.47,412.0,1702.0,2114.0,,419.62,412.0,1622.0,2034.0,,19.32,2259.0,2520.0,4779.0,,9.93,2218.0,2436.0,4654.0,,1220.28,2012.0,2324.0,4336.0
483,2486.25,494.0,1704.0,2198.0,,1030.51,486.0,1622.0,2108.0,,16.36,745.0,3967.0,4712.0,,22848.24,1070.0,3951.0,5021.0,,1478.27,552.0,3839.0,4391.0
484,10.38,412.0,1703.0,2115.0,,1219.56,420.0,1621.0,2041.0,,65955.58,811.0,4033.0,4844.0,,9.33,412.0,3886.0,4298.0,,8.8,2004.0,2325.0,4329.0
485,4101.76,708.0,1703.0,2411.0,,6565.84,412.0,1621.0,2033.0,,16.73,412.0,3967.0,4379.0,,2078.12,486.0,3952.0,4438.0,,4.82,412.0,3774.0,4186.0
486,10.05,412.0,1703.0,2115.0,,5.54,412.0,1621.0,2033.0,,16.57,667.0,3967.0,4634.0,,9.6,2004.0,2437.0,4441.0,,2244.52,2152.0,2326.0,4478.0
487,1055.5,486.0,1703.0,2189.0,,7.05,412.0,1621.0,2033.0,,2254.45,2152.0,2518.0,4670.0,,3354.93,478.0,3950.0,4428.0,,1445.71,478.0,3839.0,4317.0
488,8.62,346.0,1703.0,2049.0,,5.55,346.0,1621.0,1967.0,,16.98,745.0,3968.0,4713.0,,6.71,412.0,3886.0,4298.0,,621.62,2004.0,2323.0,4327.0
489,216.79,939.0,1702.0,2641.0,,1236.61,420.0,1621.0,2041.0,,1854.23,692.0,4032.0,4724.0,,1065.19,626.0,3952.0,4578.0,,1023.51,552.0,3839.0,4391.0
490,1229.08,486.0,1704.0,2190.0,,1271.65,486.0,1621.0,2107.0,,3078.23,700.0,4034.0,4734.0,,217.75,478.0,3950.0,4428.0,,1013.07,486.0,3840.0,4326.0
491,1065.76,420.0,1703.0,2123.0,,7.79,412.0,1621.0,2033.0,,223.42,2004.0,2519.0,4523.0,,1244.49,2078.0,2437.0,4515.0,,4.86,346.0,3773.0,4119.0
492,1650.46,3232.0,1060.0,4292.0,,212.92,412.0,1621.0,2033.0,,16.11,745.0,3966.0,4711.0,,1063.46,626.0,3951.0,4577.0,,1063.51,692.0,3840.0,4532.0
493,1221.27,420.0,1703.0,2123.0,,213.21,412.0,1621.0,2033.0,,1487.67,486.0,4032.0,4518.0,,1013.94,552.0,3952.0,4504.0,,1460.49,2240.0,2325.0,4565.0
494,1065.2,486.0,1702.0,2188.0,,1245.5,486.0,1621.0,2107.0,,16.45,412.0,3968.0,4380.0,,1834.44,486.0,3951.0,4437.0,,8.35,2162.0,2324.0,4486.0
495,9.15,412.0,1703.0,2115.0,,1638.12,412.0,1620.0,2032.0,,1020.68,486.0,4034.0,4520.0,,621.43,2004.0,2436.0,4440.0,,4.82,412.0,3773.0,4185.0
496,34058.0,708.0,1703.0,2411.0,,5.53,412.0,1622.0,2034.0,,5371.13,782.0,4032.0,4814.0,,1238.48,638.0,3952.0,4590.0,,8.35,2162.0,2325.0,4487.0
497,9.36,412.0,1704.0,2116.0,,2294.72,560.0,2262.0,2822.0,,3529.1,2226.0,2518.0,4744.0,,10.13,2004.0,2436.0,4440.0,,1441.72,692.0,3839.0,4531.0
498,1265.12,420.0,1703.0,2123.0,,1062.28,560.0,1621.0,2181.0,,16.23,412.0,3968.0,4380.0,,216.41,2860.0,1874.0,4734.0,,4120.36,708.0,3840.0,4548.0
499,12.23,346.0,1702.0,2048.0,,7.35,412.0,1622.0,2034.0,,16.13,412.0,3968.0,4380.0,,6.57,412.0,3886.0,4298.0,,5.08,412.0,3772.0,4184.0
500,213.72,412.0,1702.0,2114.0,,5.57,412.0,1620.0,2032.0,,9417.25,486.0,4032.0,4518.0,,6.77,412.0,3884.0,4296.0,,4.95,412.0,3773.0,4185.0
